pre,post,sign,basis,primary_nt,source_row,source_ref
ADAL,ADAL,unknown,no_receptor_match_found,Glu,3,fenyves_2020_polarity
ADAL,ADLL,unknown,no_receptor_match_found,Glu,4,fenyves_2020_polarity
ADAL,AIAL,mixed,both_excitatory_and_inhibitory_receptors,Glu,5,fenyves_2020_polarity
ADAL,AIBL,excitatory,receptor_match,Glu,6,fenyves_2020_polarity
ADAL,AIBR,excitatory,receptor_match,Glu,7,fenyves_2020_polarity
ADAL,AVAL,excitatory,receptor_match,Glu,8,fenyves_2020_polarity
ADAL,AVAR,excitatory,receptor_match,Glu,9,fenyves_2020_polarity
ADAL,AVBL,excitatory,receptor_match,Glu,10,fenyves_2020_polarity
ADAL,AVBR,excitatory,receptor_match,Glu,11,fenyves_2020_polarity
ADAL,AVDL,excitatory,receptor_match,Glu,12,fenyves_2020_polarity
ADAL,AVDR,excitatory,receptor_match,Glu,13,fenyves_2020_polarity
ADAL,AVEL,excitatory,receptor_match,Glu,14,fenyves_2020_polarity
ADAL,AVJR,excitatory,receptor_match,Glu,15,fenyves_2020_polarity
ADAL,PVPL,unknown,no_receptor_match_found,Glu,16,fenyves_2020_polarity
ADAL,RICL,excitatory,receptor_match,Glu,17,fenyves_2020_polarity
ADAL,RICR,excitatory,receptor_match,Glu,18,fenyves_2020_polarity
ADAL,RID,unknown,no_receptor_match_found,Glu,19,fenyves_2020_polarity
ADAL,RIML,mixed,both_excitatory_and_inhibitory_receptors,Glu,20,fenyves_2020_polarity
ADAL,RIPL,unknown,no_receptor_match_found,Glu,21,fenyves_2020_polarity
ADAL,SMDVR,excitatory,receptor_match,Glu,22,fenyves_2020_polarity
ADAL,URAVL,excitatory,receptor_match,Glu,23,fenyves_2020_polarity
ADAL,URXL,unknown,no_receptor_match_found,Glu,24,fenyves_2020_polarity
ADAR,AIBL,excitatory,receptor_match,Glu,25,fenyves_2020_polarity
ADAR,AIBR,excitatory,receptor_match,Glu,26,fenyves_2020_polarity
ADAR,ASHR,unknown,no_receptor_match_found,Glu,27,fenyves_2020_polarity
ADAR,AVAR,excitatory,receptor_match,Glu,28,fenyves_2020_polarity
ADAR,AVBL,excitatory,receptor_match,Glu,29,fenyves_2020_polarity
ADAR,AVBR,excitatory,receptor_match,Glu,30,fenyves_2020_polarity
ADAR,AVDL,excitatory,receptor_match,Glu,31,fenyves_2020_polarity
ADAR,AVDR,excitatory,receptor_match,Glu,32,fenyves_2020_polarity
ADAR,AVEL,excitatory,receptor_match,Glu,33,fenyves_2020_polarity
ADAR,AVJL,excitatory,receptor_match,Glu,34,fenyves_2020_polarity
ADAR,PVR,unknown,no_receptor_match_found,Glu,35,fenyves_2020_polarity
ADAR,RIFR,excitatory,receptor_match,Glu,36,fenyves_2020_polarity
ADAR,RIMR,mixed,both_excitatory_and_inhibitory_receptors,Glu,37,fenyves_2020_polarity
ADAR,RIPR,unknown,no_receptor_match_found,Glu,38,fenyves_2020_polarity
ADAR,RIVR,unknown,no_receptor_match_found,Glu,39,fenyves_2020_polarity
ADAR,SMDVL,excitatory,receptor_match,Glu,40,fenyves_2020_polarity
ADAR,URXR,unknown,no_receptor_match_found,Glu,41,fenyves_2020_polarity
ADAR,URYDR,excitatory,receptor_match,Glu,42,fenyves_2020_polarity
ADEL,ADAL,unknown,no_receptor_match_found,,43,fenyves_2020_polarity
ADEL,ADER,unknown,no_receptor_match_found,,44,fenyves_2020_polarity
ADEL,ALML,unknown,no_receptor_match_found,,45,fenyves_2020_polarity
ADEL,AVAL,unknown,no_receptor_match_found,,46,fenyves_2020_polarity
ADEL,AVAR,unknown,no_receptor_match_found,,47,fenyves_2020_polarity
ADEL,AVDL,unknown,no_receptor_match_found,,48,fenyves_2020_polarity
ADEL,AVEL,unknown,no_receptor_match_found,,49,fenyves_2020_polarity
ADEL,AVHL,unknown,no_receptor_match_found,,50,fenyves_2020_polarity
ADEL,AVL,unknown,no_receptor_match_found,,51,fenyves_2020_polarity
ADEL,BDUL,unknown,no_receptor_match_found,,52,fenyves_2020_polarity
ADEL,CEPDL,unknown,no_receptor_match_found,,53,fenyves_2020_polarity
ADEL,FLPL,unknown,no_receptor_match_found,,54,fenyves_2020_polarity
ADEL,IL1L,unknown,no_receptor_match_found,,55,fenyves_2020_polarity
ADEL,IL2L,unknown,no_receptor_match_found,,56,fenyves_2020_polarity
ADEL,OLLL,unknown,no_receptor_match_found,,57,fenyves_2020_polarity
ADEL,RIAL,unknown,no_receptor_match_found,,58,fenyves_2020_polarity
ADEL,RIFL,unknown,no_receptor_match_found,,59,fenyves_2020_polarity
ADEL,RIGL,unknown,no_receptor_match_found,,60,fenyves_2020_polarity
ADEL,RIGR,unknown,no_receptor_match_found,,61,fenyves_2020_polarity
ADEL,RIH,unknown,no_receptor_match_found,,62,fenyves_2020_polarity
ADEL,RIVL,unknown,no_receptor_match_found,,63,fenyves_2020_polarity
ADEL,RIVR,unknown,no_receptor_match_found,,64,fenyves_2020_polarity
ADEL,RMDL,unknown,no_receptor_match_found,,65,fenyves_2020_polarity
ADEL,RMER,unknown,no_receptor_match_found,,66,fenyves_2020_polarity
ADEL,RMGL,unknown,no_receptor_match_found,,67,fenyves_2020_polarity
ADEL,RMHL,unknown,no_receptor_match_found,,68,fenyves_2020_polarity
ADEL,RMHR,unknown,no_receptor_match_found,,69,fenyves_2020_polarity
ADEL,SAADR,unknown,no_receptor_match_found,,70,fenyves_2020_polarity
ADEL,SIADR,unknown,no_receptor_match_found,,71,fenyves_2020_polarity
ADEL,SIBVR,unknown,no_receptor_match_found,,72,fenyves_2020_polarity
ADEL,SMBDR,unknown,no_receptor_match_found,,73,fenyves_2020_polarity
ADEL,SMBVL,unknown,no_receptor_match_found,,74,fenyves_2020_polarity
ADEL,URBL,unknown,no_receptor_match_found,,75,fenyves_2020_polarity
ADEL,VB1,unknown,no_receptor_match_found,,76,fenyves_2020_polarity
ADER,ADAR,unknown,no_receptor_match_found,,77,fenyves_2020_polarity
ADER,ADEL,unknown,no_receptor_match_found,,78,fenyves_2020_polarity
ADER,ALNR,unknown,no_receptor_match_found,,79,fenyves_2020_polarity
ADER,ASIR,unknown,no_receptor_match_found,,80,fenyves_2020_polarity
ADER,AVAL,unknown,no_receptor_match_found,,81,fenyves_2020_polarity
ADER,AVAR,unknown,no_receptor_match_found,,82,fenyves_2020_polarity
ADER,AVDR,unknown,no_receptor_match_found,,83,fenyves_2020_polarity
ADER,AVER,unknown,no_receptor_match_found,,84,fenyves_2020_polarity
ADER,AVJR,unknown,no_receptor_match_found,,85,fenyves_2020_polarity
ADER,CEPDR,unknown,no_receptor_match_found,,86,fenyves_2020_polarity
ADER,CEPVR,unknown,no_receptor_match_found,,87,fenyves_2020_polarity
ADER,FLPL,unknown,no_receptor_match_found,,88,fenyves_2020_polarity
ADER,FLPR,unknown,no_receptor_match_found,,89,fenyves_2020_polarity
ADER,IL1R,unknown,no_receptor_match_found,,90,fenyves_2020_polarity
ADER,IL2R,unknown,no_receptor_match_found,,91,fenyves_2020_polarity
ADER,OLLR,unknown,no_receptor_match_found,,92,fenyves_2020_polarity
ADER,RIAR,unknown,no_receptor_match_found,,93,fenyves_2020_polarity
ADER,RIGL,unknown,no_receptor_match_found,,94,fenyves_2020_polarity
ADER,RIGR,unknown,no_receptor_match_found,,95,fenyves_2020_polarity
ADER,RMDL,unknown,no_receptor_match_found,,96,fenyves_2020_polarity
ADER,RMDR,unknown,no_receptor_match_found,,97,fenyves_2020_polarity
ADER,RMGR,unknown,no_receptor_match_found,,98,fenyves_2020_polarity
ADER,SMDVR,unknown,no_receptor_match_found,,99,fenyves_2020_polarity
ADER,URBR,unknown,no_receptor_match_found,,100,fenyves_2020_polarity
ADER,URXR,unknown,no_receptor_match_found,,101,fenyves_2020_polarity
ADFL,ADAL,unknown,no_receptor_match_found,ACh,102,fenyves_2020_polarity
ADFL,ADLL,unknown,no_receptor_match_found,ACh,103,fenyves_2020_polarity
ADFL,AFDL,unknown,no_receptor_match_found,ACh,104,fenyves_2020_polarity
ADFL,AIAL,unknown,no_receptor_match_found,ACh,105,fenyves_2020_polarity
ADFL,AIBL,inhibitory,receptor_match,ACh,106,fenyves_2020_polarity
ADFL,AIBR,inhibitory,receptor_match,ACh,107,fenyves_2020_polarity
ADFL,AIZL,inhibitory,receptor_match,ACh,108,fenyves_2020_polarity
ADFL,AUAL,unknown,no_receptor_match_found,ACh,109,fenyves_2020_polarity
ADFL,AWBL,unknown,no_receptor_match_found,ACh,110,fenyves_2020_polarity
ADFL,AWCR,unknown,no_receptor_match_found,ACh,111,fenyves_2020_polarity
ADFL,RIAL,inhibitory,receptor_match,ACh,112,fenyves_2020_polarity
ADFL,RIBL,excitatory,receptor_match,ACh,113,fenyves_2020_polarity
ADFL,RIGL,mixed,both_excitatory_and_inhibitory_receptors,ACh,114,fenyves_2020_polarity
ADFL,RIGR,mixed,both_excitatory_and_inhibitory_receptors,ACh,115,fenyves_2020_polarity
ADFL,RIR,unknown,no_receptor_match_found,ACh,116,fenyves_2020_polarity
ADFL,RIVL,inhibitory,receptor_match,ACh,117,fenyves_2020_polarity
ADFL,SMBDL,inhibitory,receptor_match,ACh,118,fenyves_2020_polarity
ADFL,SMBVL,inhibitory,receptor_match,ACh,119,fenyves_2020_polarity
ADFL,SMDVL,mixed,both_excitatory_and_inhibitory_receptors,ACh,120,fenyves_2020_polarity
ADFL,URXL,inhibitory,receptor_match,ACh,121,fenyves_2020_polarity
ADFR,ADAR,unknown,no_receptor_match_found,ACh,122,fenyves_2020_polarity
ADFR,ADFR,unknown,no_receptor_match_found,ACh,123,fenyves_2020_polarity
ADFR,AFDR,unknown,no_receptor_match_found,ACh,124,fenyves_2020_polarity
ADFR,AIYR,excitatory,receptor_match,ACh,125,fenyves_2020_polarity
ADFR,AIZR,inhibitory,receptor_match,ACh,126,fenyves_2020_polarity
ADFR,ASHR,unknown,no_receptor_match_found,ACh,127,fenyves_2020_polarity
ADFR,AUAR,unknown,no_receptor_match_found,ACh,128,fenyves_2020_polarity
ADFR,AVHL,unknown,no_receptor_match_found,ACh,129,fenyves_2020_polarity
ADFR,AWAR,unknown,no_receptor_match_found,ACh,130,fenyves_2020_polarity
ADFR,AWBR,unknown,no_receptor_match_found,ACh,131,fenyves_2020_polarity
ADFR,AWCR,unknown,no_receptor_match_found,ACh,132,fenyves_2020_polarity
ADFR,BAGL,unknown,no_receptor_match_found,ACh,133,fenyves_2020_polarity
ADFR,OLQVR,unknown,no_receptor_match_found,ACh,134,fenyves_2020_polarity
ADFR,PVPR,unknown,no_receptor_match_found,ACh,135,fenyves_2020_polarity
ADFR,RIAR,inhibitory,receptor_match,ACh,136,fenyves_2020_polarity
ADFR,RIGR,mixed,both_excitatory_and_inhibitory_receptors,ACh,137,fenyves_2020_polarity
ADFR,RIH,inhibitory,receptor_match,ACh,138,fenyves_2020_polarity
ADFR,RIR,unknown,no_receptor_match_found,ACh,139,fenyves_2020_polarity
ADFR,SMBDR,inhibitory,receptor_match,ACh,140,fenyves_2020_polarity
ADFR,SMBVR,inhibitory,receptor_match,ACh,141,fenyves_2020_polarity
ADFR,URXR,inhibitory,receptor_match,ACh,142,fenyves_2020_polarity
ADFR,URYVR,unknown,no_receptor_match_found,ACh,143,fenyves_2020_polarity
ADLL,ADAL,unknown,no_receptor_match_found,Glu,144,fenyves_2020_polarity
ADLL,AIAL,mixed,both_excitatory_and_inhibitory_receptors,Glu,145,fenyves_2020_polarity
ADLL,AIBL,excitatory,receptor_match,Glu,146,fenyves_2020_polarity
ADLL,ALA,unknown,no_receptor_match_found,Glu,147,fenyves_2020_polarity
ADLL,ASEL,unknown,no_receptor_match_found,Glu,148,fenyves_2020_polarity
ADLL,ASER,unknown,no_receptor_match_found,Glu,149,fenyves_2020_polarity
ADLL,ASGL,unknown,no_receptor_match_found,Glu,150,fenyves_2020_polarity
ADLL,ASHL,unknown,no_receptor_match_found,Glu,151,fenyves_2020_polarity
ADLL,AVAL,excitatory,receptor_match,Glu,152,fenyves_2020_polarity
ADLL,AVAR,excitatory,receptor_match,Glu,153,fenyves_2020_polarity
ADLL,AVBL,excitatory,receptor_match,Glu,154,fenyves_2020_polarity
ADLL,AVDL,excitatory,receptor_match,Glu,155,fenyves_2020_polarity
ADLL,AVDR,excitatory,receptor_match,Glu,156,fenyves_2020_polarity
ADLL,AVJL,excitatory,receptor_match,Glu,157,fenyves_2020_polarity
ADLL,AVJR,excitatory,receptor_match,Glu,158,fenyves_2020_polarity
ADLL,AWAL,unknown,no_receptor_match_found,Glu,159,fenyves_2020_polarity
ADLL,AWBL,unknown,no_receptor_match_found,Glu,160,fenyves_2020_polarity
ADLL,AWCL,unknown,no_receptor_match_found,Glu,161,fenyves_2020_polarity
ADLL,OLQVL,unknown,no_receptor_match_found,Glu,162,fenyves_2020_polarity
ADLL,RIAL,mixed,both_excitatory_and_inhibitory_receptors,Glu,163,fenyves_2020_polarity
ADLL,RIGL,excitatory,receptor_match,Glu,164,fenyves_2020_polarity
ADLL,RIPL,unknown,no_receptor_match_found,Glu,165,fenyves_2020_polarity
ADLL,RIR,excitatory,receptor_match,Glu,166,fenyves_2020_polarity
ADLL,SMBVL,unknown,no_receptor_match_found,Glu,167,fenyves_2020_polarity
ADLR,ADAR,unknown,no_receptor_match_found,Glu,168,fenyves_2020_polarity
ADLR,ADLR,unknown,no_receptor_match_found,Glu,169,fenyves_2020_polarity
ADLR,AIAR,mixed,both_excitatory_and_inhibitory_receptors,Glu,170,fenyves_2020_polarity
ADLR,AIBR,excitatory,receptor_match,Glu,171,fenyves_2020_polarity
ADLR,ASER,unknown,no_receptor_match_found,Glu,172,fenyves_2020_polarity
ADLR,ASHR,unknown,no_receptor_match_found,Glu,173,fenyves_2020_polarity
ADLR,AVAR,excitatory,receptor_match,Glu,174,fenyves_2020_polarity
ADLR,AVBL,excitatory,receptor_match,Glu,175,fenyves_2020_polarity
ADLR,AVBR,excitatory,receptor_match,Glu,176,fenyves_2020_polarity
ADLR,AVDL,excitatory,receptor_match,Glu,177,fenyves_2020_polarity
ADLR,AVDR,excitatory,receptor_match,Glu,178,fenyves_2020_polarity
ADLR,AVJL,excitatory,receptor_match,Glu,179,fenyves_2020_polarity
ADLR,AVJR,excitatory,receptor_match,Glu,180,fenyves_2020_polarity
ADLR,AWCR,unknown,no_receptor_match_found,Glu,181,fenyves_2020_polarity
ADLR,CEPVR,unknown,no_receptor_match_found,Glu,182,fenyves_2020_polarity
ADLR,OLLR,unknown,no_receptor_match_found,Glu,183,fenyves_2020_polarity
ADLR,OLQVR,unknown,no_receptor_match_found,Glu,184,fenyves_2020_polarity
ADLR,PVCL,excitatory,receptor_match,Glu,185,fenyves_2020_polarity
ADLR,RICL,excitatory,receptor_match,Glu,186,fenyves_2020_polarity
ADLR,RICR,excitatory,receptor_match,Glu,187,fenyves_2020_polarity
ADLR,RIFR,excitatory,receptor_match,Glu,188,fenyves_2020_polarity
ADLR,RIPR,unknown,no_receptor_match_found,Glu,189,fenyves_2020_polarity
ADLR,SIBVL,excitatory,receptor_match,Glu,190,fenyves_2020_polarity
ADLR,SMBVR,unknown,no_receptor_match_found,Glu,191,fenyves_2020_polarity
ADLR,URBR,excitatory,receptor_match,Glu,192,fenyves_2020_polarity
ADLR,URXR,unknown,no_receptor_match_found,Glu,193,fenyves_2020_polarity
AFDL,AFDL,unknown,no_receptor_match_found,Glu,194,fenyves_2020_polarity
AFDL,AIBL,excitatory,receptor_match,Glu,195,fenyves_2020_polarity
AFDL,AINR,unknown,no_receptor_match_found,Glu,196,fenyves_2020_polarity
AFDL,AIYL,inhibitory,receptor_match,Glu,197,fenyves_2020_polarity
AFDL,ASEL,unknown,no_receptor_match_found,Glu,198,fenyves_2020_polarity
AFDL,ASER,unknown,no_receptor_match_found,Glu,199,fenyves_2020_polarity
AFDL,AWBL,unknown,no_receptor_match_found,Glu,200,fenyves_2020_polarity
AFDR,AFDL,unknown,no_receptor_match_found,Glu,201,fenyves_2020_polarity
AFDR,AIYR,inhibitory,receptor_match,Glu,202,fenyves_2020_polarity
AFDR,ASEL,unknown,no_receptor_match_found,Glu,203,fenyves_2020_polarity
AFDR,ASER,unknown,no_receptor_match_found,Glu,204,fenyves_2020_polarity
AIAL,ADAL,unknown,no_receptor_match_found,ACh,205,fenyves_2020_polarity
AIAL,ADFL,unknown,no_receptor_match_found,ACh,206,fenyves_2020_polarity
AIAL,ADLL,unknown,no_receptor_match_found,ACh,207,fenyves_2020_polarity
AIAL,AIBL,inhibitory,receptor_match,ACh,208,fenyves_2020_polarity
AIAL,AIML,unknown,no_receptor_match_found,ACh,209,fenyves_2020_polarity
AIAL,AIZL,inhibitory,receptor_match,ACh,210,fenyves_2020_polarity
AIAL,ASEL,unknown,no_receptor_match_found,ACh,211,fenyves_2020_polarity
AIAL,ASER,unknown,no_receptor_match_found,ACh,212,fenyves_2020_polarity
AIAL,ASGL,unknown,no_receptor_match_found,ACh,213,fenyves_2020_polarity
AIAL,ASHL,unknown,no_receptor_match_found,ACh,214,fenyves_2020_polarity
AIAL,ASJL,unknown,no_receptor_match_found,ACh,215,fenyves_2020_polarity
AIAL,ASKL,unknown,no_receptor_match_found,ACh,216,fenyves_2020_polarity
AIAL,AWCL,unknown,no_receptor_match_found,ACh,217,fenyves_2020_polarity
AIAL,AWCR,unknown,no_receptor_match_found,ACh,218,fenyves_2020_polarity
AIAL,PVQL,excitatory,receptor_match,ACh,219,fenyves_2020_polarity
AIAL,RIFL,unknown,no_receptor_match_found,ACh,220,fenyves_2020_polarity
AIAL,RIR,unknown,no_receptor_match_found,ACh,221,fenyves_2020_polarity
AIAL,RMGL,unknown,no_receptor_match_found,ACh,222,fenyves_2020_polarity
AIAR,ADAR,unknown,no_receptor_match_found,ACh,223,fenyves_2020_polarity
AIAR,ADLR,unknown,no_receptor_match_found,ACh,224,fenyves_2020_polarity
AIAR,AIBR,inhibitory,receptor_match,ACh,225,fenyves_2020_polarity
AIAR,AIZR,inhibitory,receptor_match,ACh,226,fenyves_2020_polarity
AIAR,ASER,unknown,no_receptor_match_found,ACh,227,fenyves_2020_polarity
AIAR,ASGR,unknown,no_receptor_match_found,ACh,228,fenyves_2020_polarity
AIAR,ASIR,unknown,no_receptor_match_found,ACh,229,fenyves_2020_polarity
AIAR,AWAR,unknown,no_receptor_match_found,ACh,230,fenyves_2020_polarity
AIAR,AWCL,unknown,no_receptor_match_found,ACh,231,fenyves_2020_polarity
AIAR,AWCR,unknown,no_receptor_match_found,ACh,232,fenyves_2020_polarity
AIAR,RIFR,unknown,no_receptor_match_found,ACh,233,fenyves_2020_polarity
AIBL,AIBL,excitatory,receptor_match,Glu,234,fenyves_2020_polarity
AIBL,AIZR,unknown,no_receptor_match_found,Glu,235,fenyves_2020_polarity
AIBL,ASHL,unknown,no_receptor_match_found,Glu,236,fenyves_2020_polarity
AIBL,ASHR,unknown,no_receptor_match_found,Glu,237,fenyves_2020_polarity
AIBL,AVAL,excitatory,receptor_match,Glu,238,fenyves_2020_polarity
AIBL,AVBL,excitatory,receptor_match,Glu,239,fenyves_2020_polarity
AIBL,AVEL,excitatory,receptor_match,Glu,240,fenyves_2020_polarity
AIBL,FLPL,excitatory,receptor_match,Glu,241,fenyves_2020_polarity
AIBL,IL2DR,unknown,no_receptor_match_found,Glu,242,fenyves_2020_polarity
AIBL,RIBR,mixed,both_excitatory_and_inhibitory_receptors,Glu,243,fenyves_2020_polarity
AIBL,RIFL,excitatory,receptor_match,Glu,244,fenyves_2020_polarity
AIBL,RIGR,excitatory,receptor_match,Glu,245,fenyves_2020_polarity
AIBL,RIML,mixed,both_excitatory_and_inhibitory_receptors,Glu,246,fenyves_2020_polarity
AIBL,RIMR,mixed,both_excitatory_and_inhibitory_receptors,Glu,247,fenyves_2020_polarity
AIBL,RMFR,excitatory,receptor_match,Glu,248,fenyves_2020_polarity
AIBL,SAADL,excitatory,receptor_match,Glu,249,fenyves_2020_polarity
AIBL,SAADR,excitatory,receptor_match,Glu,250,fenyves_2020_polarity
AIBL,SAAVL,excitatory,receptor_match,Glu,251,fenyves_2020_polarity
AIBL,SIADR,unknown,no_receptor_match_found,Glu,252,fenyves_2020_polarity
AIBL,SIAVR,unknown,no_receptor_match_found,Glu,253,fenyves_2020_polarity
AIBL,SIBDR,excitatory,receptor_match,Glu,254,fenyves_2020_polarity
AIBL,SMDDR,excitatory,receptor_match,Glu,255,fenyves_2020_polarity
AIBL,SMDVR,excitatory,receptor_match,Glu,256,fenyves_2020_polarity
AIBR,ADLR,unknown,no_receptor_match_found,Glu,257,fenyves_2020_polarity
AIBR,AIAR,mixed,both_excitatory_and_inhibitory_receptors,Glu,258,fenyves_2020_polarity
AIBR,AIYR,inhibitory,receptor_match,Glu,259,fenyves_2020_polarity
AIBR,AQR,unknown,no_receptor_match_found,Glu,260,fenyves_2020_polarity
AIBR,AUAL,excitatory,receptor_match,Glu,261,fenyves_2020_polarity
AIBR,AVAR,excitatory,receptor_match,Glu,262,fenyves_2020_polarity
AIBR,AVBR,excitatory,receptor_match,Glu,263,fenyves_2020_polarity
AIBR,AVEL,excitatory,receptor_match,Glu,264,fenyves_2020_polarity
AIBR,AWCR,unknown,no_receptor_match_found,Glu,265,fenyves_2020_polarity
AIBR,DVA,excitatory,receptor_match,Glu,266,fenyves_2020_polarity
AIBR,RIAL,mixed,both_excitatory_and_inhibitory_receptors,Glu,267,fenyves_2020_polarity
AIBR,RIBL,mixed,both_excitatory_and_inhibitory_receptors,Glu,268,fenyves_2020_polarity
AIBR,RICR,excitatory,receptor_match,Glu,269,fenyves_2020_polarity
AIBR,RIGL,excitatory,receptor_match,Glu,270,fenyves_2020_polarity
AIBR,RIML,mixed,both_excitatory_and_inhibitory_receptors,Glu,271,fenyves_2020_polarity
AIBR,RIMR,mixed,both_excitatory_and_inhibitory_receptors,Glu,272,fenyves_2020_polarity
AIBR,RMFL,excitatory,receptor_match,Glu,273,fenyves_2020_polarity
AIBR,SAADL,excitatory,receptor_match,Glu,274,fenyves_2020_polarity
AIBR,SAADR,excitatory,receptor_match,Glu,275,fenyves_2020_polarity
AIBR,SAAVR,excitatory,receptor_match,Glu,276,fenyves_2020_polarity
AIBR,SIADL,unknown,no_receptor_match_found,Glu,277,fenyves_2020_polarity
AIBR,SIBVR,excitatory,receptor_match,Glu,278,fenyves_2020_polarity
AIBR,SMDDL,excitatory,receptor_match,Glu,279,fenyves_2020_polarity
AIBR,SMDVL,excitatory,receptor_match,Glu,280,fenyves_2020_polarity
AIBR,VB1,excitatory,receptor_match,Glu,281,fenyves_2020_polarity
AIML,AIAL,mixed,both_excitatory_and_inhibitory_receptors,Glu,282,fenyves_2020_polarity
AIML,ALML,mixed,both_excitatory_and_inhibitory_receptors,Glu,283,fenyves_2020_polarity
AIML,ASGL,unknown,no_receptor_match_found,Glu,284,fenyves_2020_polarity
AIML,ASJL,unknown,no_receptor_match_found,Glu,285,fenyves_2020_polarity
AIML,ASKL,unknown,no_receptor_match_found,Glu,286,fenyves_2020_polarity
AIML,AVDL,excitatory,receptor_match,Glu,287,fenyves_2020_polarity
AIML,AVFL,unknown,no_receptor_match_found,Glu,288,fenyves_2020_polarity
AIML,AVFR,unknown,no_receptor_match_found,Glu,289,fenyves_2020_polarity
AIML,AVHL,excitatory,receptor_match,Glu,290,fenyves_2020_polarity
AIML,AVHR,excitatory,receptor_match,Glu,291,fenyves_2020_polarity
AIML,AVJL,excitatory,receptor_match,Glu,292,fenyves_2020_polarity
AIML,CEPDL,unknown,no_receptor_match_found,Glu,293,fenyves_2020_polarity
AIML,PVQL,excitatory,receptor_match,Glu,294,fenyves_2020_polarity
AIML,RID,excitatory,receptor_match,Glu,295,fenyves_2020_polarity
AIML,RIFL,excitatory,receptor_match,Glu,296,fenyves_2020_polarity
AIML,RMGL,mixed,both_excitatory_and_inhibitory_receptors,Glu,297,fenyves_2020_polarity
AIML,SMBVL,inhibitory,receptor_match,Glu,298,fenyves_2020_polarity
AIML,URXL,inhibitory,receptor_match,Glu,299,fenyves_2020_polarity
AIMR,ADFR,unknown,no_receptor_match_found,Glu,300,fenyves_2020_polarity
AIMR,AIAR,mixed,both_excitatory_and_inhibitory_receptors,Glu,301,fenyves_2020_polarity
AIMR,AIMR,unknown,no_receptor_match_found,Glu,302,fenyves_2020_polarity
AIMR,ALA,excitatory,receptor_match,Glu,303,fenyves_2020_polarity
AIMR,ASGR,unknown,no_receptor_match_found,Glu,304,fenyves_2020_polarity
AIMR,ASJR,unknown,no_receptor_match_found,Glu,305,fenyves_2020_polarity
AIMR,ASKR,unknown,no_receptor_match_found,Glu,306,fenyves_2020_polarity
AIMR,AVAR,mixed,both_excitatory_and_inhibitory_receptors,Glu,307,fenyves_2020_polarity
AIMR,AVDR,excitatory,receptor_match,Glu,308,fenyves_2020_polarity
AIMR,AVFL,unknown,no_receptor_match_found,Glu,309,fenyves_2020_polarity
AIMR,AVFR,unknown,no_receptor_match_found,Glu,310,fenyves_2020_polarity
AIMR,AVHR,excitatory,receptor_match,Glu,311,fenyves_2020_polarity
AIMR,AVJR,excitatory,receptor_match,Glu,312,fenyves_2020_polarity
AIMR,BDUR,excitatory,receptor_match,Glu,313,fenyves_2020_polarity
AIMR,CEPVR,unknown,no_receptor_match_found,Glu,314,fenyves_2020_polarity
AIMR,HSNL,excitatory,receptor_match,Glu,315,fenyves_2020_polarity
AIMR,HSNR,excitatory,receptor_match,Glu,316,fenyves_2020_polarity
AIMR,OLQDR,unknown,no_receptor_match_found,Glu,317,fenyves_2020_polarity
AIMR,PVNR,excitatory,receptor_match,Glu,318,fenyves_2020_polarity
AIMR,RIFR,excitatory,receptor_match,Glu,319,fenyves_2020_polarity
AIMR,RMDR,mixed,both_excitatory_and_inhibitory_receptors,Glu,320,fenyves_2020_polarity
AIMR,RMGR,mixed,both_excitatory_and_inhibitory_receptors,Glu,321,fenyves_2020_polarity
AIMR,URXR,inhibitory,receptor_match,Glu,322,fenyves_2020_polarity
AINL,AFDR,unknown,no_receptor_match_found,ACh,323,fenyves_2020_polarity
AINL,AIAR,unknown,no_receptor_match_found,ACh,324,fenyves_2020_polarity
AINL,ASEL,unknown,no_receptor_match_found,ACh,325,fenyves_2020_polarity
AINL,ASGR,unknown,no_receptor_match_found,ACh,326,fenyves_2020_polarity
AINL,ASIL,unknown,no_receptor_match_found,ACh,327,fenyves_2020_polarity
AINL,AUAR,unknown,no_receptor_match_found,ACh,328,fenyves_2020_polarity
AINL,BAGL,unknown,no_receptor_match_found,ACh,329,fenyves_2020_polarity
AINL,CEPVR,unknown,no_receptor_match_found,ACh,330,fenyves_2020_polarity
AINL,RIBL,excitatory,receptor_match,ACh,331,fenyves_2020_polarity
AINL,RIBR,excitatory,receptor_match,ACh,332,fenyves_2020_polarity
AINL,RID,excitatory,receptor_match,ACh,333,fenyves_2020_polarity
AINL,RMDVL,inhibitory,receptor_match,ACh,334,fenyves_2020_polarity
AINL,RMFL,inhibitory,receptor_match,ACh,335,fenyves_2020_polarity
AINL,SAAVL,mixed,both_excitatory_and_inhibitory_receptors,ACh,336,fenyves_2020_polarity
AINR,AFDL,unknown,no_receptor_match_found,ACh,337,fenyves_2020_polarity
AINR,AFDR,unknown,no_receptor_match_found,ACh,338,fenyves_2020_polarity
AINR,AIAL,unknown,no_receptor_match_found,ACh,339,fenyves_2020_polarity
AINR,AIBL,inhibitory,receptor_match,ACh,340,fenyves_2020_polarity
AINR,AINL,unknown,no_receptor_match_found,ACh,341,fenyves_2020_polarity
AINR,AINR,unknown,no_receptor_match_found,ACh,342,fenyves_2020_polarity
AINR,ASEL,unknown,no_receptor_match_found,ACh,343,fenyves_2020_polarity
AINR,ASER,unknown,no_receptor_match_found,ACh,344,fenyves_2020_polarity
AINR,ASGL,unknown,no_receptor_match_found,ACh,345,fenyves_2020_polarity
AINR,AUAL,unknown,no_receptor_match_found,ACh,346,fenyves_2020_polarity
AINR,AUAR,unknown,no_receptor_match_found,ACh,347,fenyves_2020_polarity
AINR,AWCL,unknown,no_receptor_match_found,ACh,348,fenyves_2020_polarity
AINR,BAGR,unknown,no_receptor_match_found,ACh,349,fenyves_2020_polarity
AINR,CEPDL,unknown,no_receptor_match_found,ACh,350,fenyves_2020_polarity
AINR,RIBL,excitatory,receptor_match,ACh,351,fenyves_2020_polarity
AINR,RID,excitatory,receptor_match,ACh,352,fenyves_2020_polarity
AINR,URXL,inhibitory,receptor_match,ACh,353,fenyves_2020_polarity
AINR,URXR,inhibitory,receptor_match,ACh,354,fenyves_2020_polarity
AIYL,AFDL,unknown,no_receptor_match_found,ACh,355,fenyves_2020_polarity
AIYL,AIBL,inhibitory,receptor_match,ACh,356,fenyves_2020_polarity
AIYL,AIZL,inhibitory,receptor_match,ACh,357,fenyves_2020_polarity
AIYL,ASER,unknown,no_receptor_match_found,ACh,358,fenyves_2020_polarity
AIYL,AWAL,unknown,no_receptor_match_found,ACh,359,fenyves_2020_polarity
AIYL,AWCL,unknown,no_receptor_match_found,ACh,360,fenyves_2020_polarity
AIYL,AWCR,unknown,no_receptor_match_found,ACh,361,fenyves_2020_polarity
AIYL,HSNR,excitatory,receptor_match,ACh,362,fenyves_2020_polarity
AIYL,RIAL,inhibitory,receptor_match,ACh,363,fenyves_2020_polarity
AIYL,RIBL,excitatory,receptor_match,ACh,364,fenyves_2020_polarity
AIYL,RIH,inhibitory,receptor_match,ACh,365,fenyves_2020_polarity
AIYL,RIR,unknown,no_receptor_match_found,ACh,366,fenyves_2020_polarity
AIYR,ADFR,unknown,no_receptor_match_found,ACh,367,fenyves_2020_polarity
AIYR,AFDR,unknown,no_receptor_match_found,ACh,368,fenyves_2020_polarity
AIYR,AINL,unknown,no_receptor_match_found,ACh,369,fenyves_2020_polarity
AIYR,AIYL,excitatory,receptor_match,ACh,370,fenyves_2020_polarity
AIYR,AIZR,inhibitory,receptor_match,ACh,371,fenyves_2020_polarity
AIYR,ASEL,unknown,no_receptor_match_found,ACh,372,fenyves_2020_polarity
AIYR,ASER,unknown,no_receptor_match_found,ACh,373,fenyves_2020_polarity
AIYR,ASGR,unknown,no_receptor_match_found,ACh,374,fenyves_2020_polarity
AIYR,AWAR,unknown,no_receptor_match_found,ACh,375,fenyves_2020_polarity
AIYR,AWBR,unknown,no_receptor_match_found,ACh,376,fenyves_2020_polarity
AIYR,BAGR,unknown,no_receptor_match_found,ACh,377,fenyves_2020_polarity
AIYR,RIAR,inhibitory,receptor_match,ACh,378,fenyves_2020_polarity
AIYR,RIBR,excitatory,receptor_match,ACh,379,fenyves_2020_polarity
AIYR,RIVR,inhibitory,receptor_match,ACh,380,fenyves_2020_polarity
AIZL,ADFL,unknown,no_receptor_match_found,Glu,381,fenyves_2020_polarity
AIZL,AFDL,unknown,no_receptor_match_found,Glu,382,fenyves_2020_polarity
AIZL,AIAL,mixed,both_excitatory_and_inhibitory_receptors,Glu,383,fenyves_2020_polarity
AIZL,AIBL,excitatory,receptor_match,Glu,384,fenyves_2020_polarity
AIZL,AIBR,excitatory,receptor_match,Glu,385,fenyves_2020_polarity
AIZL,ASEL,unknown,no_receptor_match_found,Glu,386,fenyves_2020_polarity
AIZL,AVEL,excitatory,receptor_match,Glu,387,fenyves_2020_polarity
AIZL,AVER,excitatory,receptor_match,Glu,388,fenyves_2020_polarity
AIZL,AVKR,excitatory,receptor_match,Glu,389,fenyves_2020_polarity
AIZL,AWCR,unknown,no_receptor_match_found,Glu,390,fenyves_2020_polarity
AIZL,DVA,excitatory,receptor_match,Glu,391,fenyves_2020_polarity
AIZL,RIAL,mixed,both_excitatory_and_inhibitory_receptors,Glu,392,fenyves_2020_polarity
AIZL,RICR,excitatory,receptor_match,Glu,393,fenyves_2020_polarity
AIZL,RIGL,excitatory,receptor_match,Glu,394,fenyves_2020_polarity
AIZL,RIML,mixed,both_excitatory_and_inhibitory_receptors,Glu,395,fenyves_2020_polarity
AIZL,SMBDL,unknown,no_receptor_match_found,Glu,396,fenyves_2020_polarity
AIZL,SMBVL,unknown,no_receptor_match_found,Glu,397,fenyves_2020_polarity
AIZL,SMDVL,excitatory,receptor_match,Glu,398,fenyves_2020_polarity
AIZL,URYDL,excitatory,receptor_match,Glu,399,fenyves_2020_polarity
AIZL,VB2,excitatory,receptor_match,Glu,400,fenyves_2020_polarity
AIZR,ADFR,unknown,no_receptor_match_found,Glu,401,fenyves_2020_polarity
AIZR,AIAR,mixed,both_excitatory_and_inhibitory_receptors,Glu,402,fenyves_2020_polarity
AIZR,AIBL,excitatory,receptor_match,Glu,403,fenyves_2020_polarity
AIZR,AIBR,excitatory,receptor_match,Glu,404,fenyves_2020_polarity
AIZR,ASER,unknown,no_receptor_match_found,Glu,405,fenyves_2020_polarity
AIZR,AVEL,excitatory,receptor_match,Glu,406,fenyves_2020_polarity
AIZR,AVER,excitatory,receptor_match,Glu,407,fenyves_2020_polarity
AIZR,AWAR,unknown,no_receptor_match_found,Glu,408,fenyves_2020_polarity
AIZR,AWCR,unknown,no_receptor_match_found,Glu,409,fenyves_2020_polarity
AIZR,DVA,excitatory,receptor_match,Glu,410,fenyves_2020_polarity
AIZR,RIAR,mixed,both_excitatory_and_inhibitory_receptors,Glu,411,fenyves_2020_polarity
AIZR,RIMR,mixed,both_excitatory_and_inhibitory_receptors,Glu,412,fenyves_2020_polarity
AIZR,SIADR,unknown,no_receptor_match_found,Glu,413,fenyves_2020_polarity
AIZR,SMBDR,unknown,no_receptor_match_found,Glu,414,fenyves_2020_polarity
AIZR,SMBVR,unknown,no_receptor_match_found,Glu,415,fenyves_2020_polarity
AIZR,SMDDR,excitatory,receptor_match,Glu,416,fenyves_2020_polarity
ALA,ASJR,unknown,no_receptor_match_found,GABA,417,fenyves_2020_polarity
ALA,AVAR,inhibitory,receptor_match,GABA,418,fenyves_2020_polarity
ALA,AVDR,excitatory,receptor_match,GABA,419,fenyves_2020_polarity
ALA,AVEL,inhibitory,receptor_match,GABA,420,fenyves_2020_polarity
ALA,AVER,inhibitory,receptor_match,GABA,421,fenyves_2020_polarity
ALA,RIAR,unknown,no_receptor_match_found,GABA,422,fenyves_2020_polarity
ALA,RMDR,inhibitory,receptor_match,GABA,423,fenyves_2020_polarity
ALML,AIML,unknown,no_receptor_match_found,Glu,424,fenyves_2020_polarity
ALML,ALML,mixed,both_excitatory_and_inhibitory_receptors,Glu,425,fenyves_2020_polarity
ALML,AVDR,excitatory,receptor_match,Glu,426,fenyves_2020_polarity
ALML,AVEL,excitatory,receptor_match,Glu,427,fenyves_2020_polarity
ALML,BDUL,excitatory,receptor_match,Glu,428,fenyves_2020_polarity
ALML,CEPDL,unknown,no_receptor_match_found,Glu,429,fenyves_2020_polarity
ALML,CEPVL,unknown,no_receptor_match_found,Glu,430,fenyves_2020_polarity
ALML,PVCL,excitatory,receptor_match,Glu,431,fenyves_2020_polarity
ALML,PVCR,excitatory,receptor_match,Glu,432,fenyves_2020_polarity
ALML,RICL,excitatory,receptor_match,Glu,433,fenyves_2020_polarity
ALML,RICR,excitatory,receptor_match,Glu,434,fenyves_2020_polarity
ALML,RIFL,excitatory,receptor_match,Glu,435,fenyves_2020_polarity
ALML,RMDDR,excitatory,receptor_match,Glu,436,fenyves_2020_polarity
ALML,RMGL,mixed,both_excitatory_and_inhibitory_receptors,Glu,437,fenyves_2020_polarity
ALML,SDQL,unknown,no_receptor_match_found,Glu,438,fenyves_2020_polarity
ALML,SMBDR,unknown,no_receptor_match_found,Glu,439,fenyves_2020_polarity
ALMR,BDUR,excitatory,receptor_match,Glu,440,fenyves_2020_polarity
ALMR,CEPDR,unknown,no_receptor_match_found,Glu,441,fenyves_2020_polarity
ALMR,CEPVR,unknown,no_receptor_match_found,Glu,442,fenyves_2020_polarity
ALMR,PVCR,excitatory,receptor_match,Glu,443,fenyves_2020_polarity
ALMR,RMDDL,excitatory,receptor_match,Glu,444,fenyves_2020_polarity
ALMR,SIADL,unknown,no_receptor_match_found,Glu,445,fenyves_2020_polarity
ALMR,SMDDL,excitatory,receptor_match,Glu,446,fenyves_2020_polarity
ALMR,URBR,excitatory,receptor_match,Glu,447,fenyves_2020_polarity
ALNL,RIAL,inhibitory,receptor_match,ACh,448,fenyves_2020_polarity
ALNL,RMDDR,inhibitory,receptor_match,ACh,449,fenyves_2020_polarity
ALNL,RMGL,unknown,no_receptor_match_found,ACh,450,fenyves_2020_polarity
ALNL,RMHL,unknown,no_receptor_match_found,ACh,451,fenyves_2020_polarity
ALNL,SAAVL,mixed,both_excitatory_and_inhibitory_receptors,ACh,452,fenyves_2020_polarity
ALNL,SIADR,mixed,both_excitatory_and_inhibitory_receptors,ACh,453,fenyves_2020_polarity
ALNL,SMBDR,inhibitory,receptor_match,ACh,454,fenyves_2020_polarity
ALNL,SMDVL,mixed,both_excitatory_and_inhibitory_receptors,ACh,455,fenyves_2020_polarity
ALNR,ADER,excitatory,receptor_match,ACh,456,fenyves_2020_polarity
ALNR,AVAL,mixed,both_excitatory_and_inhibitory_receptors,ACh,457,fenyves_2020_polarity
ALNR,IL2DR,unknown,no_receptor_match_found,ACh,458,fenyves_2020_polarity
ALNR,RIML,mixed,both_excitatory_and_inhibitory_receptors,ACh,459,fenyves_2020_polarity
ALNR,SAAVR,mixed,both_excitatory_and_inhibitory_receptors,ACh,460,fenyves_2020_polarity
ALNR,SMBDL,inhibitory,receptor_match,ACh,461,fenyves_2020_polarity
ALNR,SMDDR,mixed,both_excitatory_and_inhibitory_receptors,ACh,462,fenyves_2020_polarity
ALNR,SMDVL,mixed,both_excitatory_and_inhibitory_receptors,ACh,463,fenyves_2020_polarity
AQR,AVAL,excitatory,receptor_match,Glu,464,fenyves_2020_polarity
AQR,AVAR,excitatory,receptor_match,Glu,465,fenyves_2020_polarity
AQR,AVBL,excitatory,receptor_match,Glu,466,fenyves_2020_polarity
AQR,AVBR,excitatory,receptor_match,Glu,467,fenyves_2020_polarity
AQR,AVDL,excitatory,receptor_match,Glu,468,fenyves_2020_polarity
AQR,AVDR,excitatory,receptor_match,Glu,469,fenyves_2020_polarity
AQR,AVJL,excitatory,receptor_match,Glu,470,fenyves_2020_polarity
AQR,BAGL,unknown,no_receptor_match_found,Glu,471,fenyves_2020_polarity
AQR,BAGR,unknown,no_receptor_match_found,Glu,472,fenyves_2020_polarity
AQR,DVA,excitatory,receptor_match,Glu,473,fenyves_2020_polarity
AQR,PVCL,excitatory,receptor_match,Glu,474,fenyves_2020_polarity
AQR,PVCR,excitatory,receptor_match,Glu,475,fenyves_2020_polarity
AQR,PVPL,unknown,no_receptor_match_found,Glu,476,fenyves_2020_polarity
AQR,PVPR,unknown,no_receptor_match_found,Glu,477,fenyves_2020_polarity
AQR,RIAL,mixed,both_excitatory_and_inhibitory_receptors,Glu,478,fenyves_2020_polarity
AQR,RIAR,mixed,both_excitatory_and_inhibitory_receptors,Glu,479,fenyves_2020_polarity
AQR,RIGL,excitatory,receptor_match,Glu,480,fenyves_2020_polarity
AQR,RIR,excitatory,receptor_match,Glu,481,fenyves_2020_polarity
AQR,URXL,unknown,no_receptor_match_found,Glu,482,fenyves_2020_polarity
AS1,AS1,excitatory,receptor_match,ACh,483,fenyves_2020_polarity
AS1,DA1,excitatory,receptor_match,ACh,484,fenyves_2020_polarity
AS1,DB1,excitatory,receptor_match,ACh,485,fenyves_2020_polarity
AS1,DD1,excitatory,receptor_match,ACh,486,fenyves_2020_polarity
AS1,VD1,excitatory,receptor_match,ACh,487,fenyves_2020_polarity
AS10,VD10,excitatory,receptor_match,ACh,507,fenyves_2020_polarity
AS10,VD11,excitatory,receptor_match,ACh,508,fenyves_2020_polarity
AS11,DD6,excitatory,receptor_match,ACh,509,fenyves_2020_polarity
AS11,VD12,excitatory,receptor_match,ACh,510,fenyves_2020_polarity
AS11,VD13,excitatory,receptor_match,ACh,511,fenyves_2020_polarity
AS2,DB1,excitatory,receptor_match,ACh,488,fenyves_2020_polarity
AS2,DD1,excitatory,receptor_match,ACh,489,fenyves_2020_polarity
AS2,RID,excitatory,receptor_match,ACh,490,fenyves_2020_polarity
AS2,VD2,excitatory,receptor_match,ACh,491,fenyves_2020_polarity
AS3,DA3,excitatory,receptor_match,ACh,492,fenyves_2020_polarity
AS3,VD3,excitatory,receptor_match,ACh,493,fenyves_2020_polarity
AS4,DA3,excitatory,receptor_match,ACh,494,fenyves_2020_polarity
AS4,DB2,excitatory,receptor_match,ACh,495,fenyves_2020_polarity
AS4,DD1,excitatory,receptor_match,ACh,496,fenyves_2020_polarity
AS4,DD2,excitatory,receptor_match,ACh,497,fenyves_2020_polarity
AS4,VD4,excitatory,receptor_match,ACh,498,fenyves_2020_polarity
AS5,AS5,excitatory,receptor_match,ACh,499,fenyves_2020_polarity
AS5,VD5,excitatory,receptor_match,ACh,500,fenyves_2020_polarity
AS6,DA5,excitatory,receptor_match,ACh,501,fenyves_2020_polarity
AS6,DB4,excitatory,receptor_match,ACh,502,fenyves_2020_polarity
AS6,VD6,excitatory,receptor_match,ACh,503,fenyves_2020_polarity
AS7,VD7,excitatory,receptor_match,ACh,504,fenyves_2020_polarity
AS8,VD8,excitatory,receptor_match,ACh,505,fenyves_2020_polarity
AS9,VD9,excitatory,receptor_match,ACh,506,fenyves_2020_polarity
ASEL,ADFR,unknown,no_receptor_match_found,Glu,512,fenyves_2020_polarity
ASEL,AFDR,unknown,no_receptor_match_found,Glu,513,fenyves_2020_polarity
ASEL,AIAL,mixed,both_excitatory_and_inhibitory_receptors,Glu,514,fenyves_2020_polarity
ASEL,AIBL,excitatory,receptor_match,Glu,515,fenyves_2020_polarity
ASEL,AIBR,excitatory,receptor_match,Glu,516,fenyves_2020_polarity
ASEL,AIYL,inhibitory,receptor_match,Glu,517,fenyves_2020_polarity
ASEL,AIYR,inhibitory,receptor_match,Glu,518,fenyves_2020_polarity
ASEL,AIZL,unknown,no_receptor_match_found,Glu,519,fenyves_2020_polarity
ASEL,ASER,unknown,no_receptor_match_found,Glu,520,fenyves_2020_polarity
ASEL,ASJL,unknown,no_receptor_match_found,Glu,521,fenyves_2020_polarity
ASEL,AWBL,unknown,no_receptor_match_found,Glu,522,fenyves_2020_polarity
ASEL,AWCL,unknown,no_receptor_match_found,Glu,523,fenyves_2020_polarity
ASEL,AWCR,unknown,no_receptor_match_found,Glu,524,fenyves_2020_polarity
ASEL,IL2R,unknown,no_receptor_match_found,Glu,525,fenyves_2020_polarity
ASEL,OLLR,unknown,no_receptor_match_found,Glu,526,fenyves_2020_polarity
ASEL,RIAR,mixed,both_excitatory_and_inhibitory_receptors,Glu,527,fenyves_2020_polarity
ASEL,RIR,excitatory,receptor_match,Glu,528,fenyves_2020_polarity
ASER,ADLL,unknown,no_receptor_match_found,Glu,529,fenyves_2020_polarity
ASER,ADLR,unknown,no_receptor_match_found,Glu,530,fenyves_2020_polarity
ASER,AFDL,unknown,no_receptor_match_found,Glu,531,fenyves_2020_polarity
ASER,AFDR,unknown,no_receptor_match_found,Glu,532,fenyves_2020_polarity
ASER,AIAL,mixed,both_excitatory_and_inhibitory_receptors,Glu,533,fenyves_2020_polarity
ASER,AIAR,mixed,both_excitatory_and_inhibitory_receptors,Glu,534,fenyves_2020_polarity
ASER,AIBL,excitatory,receptor_match,Glu,535,fenyves_2020_polarity
ASER,AIBR,excitatory,receptor_match,Glu,536,fenyves_2020_polarity
ASER,AIYL,inhibitory,receptor_match,Glu,537,fenyves_2020_polarity
ASER,AIYR,inhibitory,receptor_match,Glu,538,fenyves_2020_polarity
ASER,AIZL,unknown,no_receptor_match_found,Glu,539,fenyves_2020_polarity
ASER,ASEL,unknown,no_receptor_match_found,Glu,540,fenyves_2020_polarity
ASER,ASHR,unknown,no_receptor_match_found,Glu,541,fenyves_2020_polarity
ASER,ASKL,unknown,no_receptor_match_found,Glu,542,fenyves_2020_polarity
ASER,AWAR,unknown,no_receptor_match_found,Glu,543,fenyves_2020_polarity
ASER,AWCL,unknown,no_receptor_match_found,Glu,544,fenyves_2020_polarity
ASER,AWCR,unknown,no_receptor_match_found,Glu,545,fenyves_2020_polarity
ASGL,AIAL,mixed,both_excitatory_and_inhibitory_receptors,Glu,546,fenyves_2020_polarity
ASGL,AIBL,excitatory,receptor_match,Glu,547,fenyves_2020_polarity
ASGL,AINR,unknown,no_receptor_match_found,Glu,548,fenyves_2020_polarity
ASGL,ASKL,unknown,no_receptor_match_found,Glu,549,fenyves_2020_polarity
ASGR,AIAR,mixed,both_excitatory_and_inhibitory_receptors,Glu,550,fenyves_2020_polarity
ASGR,AIBR,excitatory,receptor_match,Glu,551,fenyves_2020_polarity
ASGR,AIYR,inhibitory,receptor_match,Glu,552,fenyves_2020_polarity
ASGR,ASER,unknown,no_receptor_match_found,Glu,553,fenyves_2020_polarity
ASGR,RIFR,excitatory,receptor_match,Glu,554,fenyves_2020_polarity
ASHL,ADAL,unknown,no_receptor_match_found,Glu,555,fenyves_2020_polarity
ASHL,ADFL,unknown,no_receptor_match_found,Glu,556,fenyves_2020_polarity
ASHL,ADLL,unknown,no_receptor_match_found,Glu,557,fenyves_2020_polarity
ASHL,AIAL,mixed,both_excitatory_and_inhibitory_receptors,Glu,558,fenyves_2020_polarity
ASHL,AIBL,excitatory,receptor_match,Glu,559,fenyves_2020_polarity
ASHL,AIZL,unknown,no_receptor_match_found,Glu,560,fenyves_2020_polarity
ASHL,ASKL,unknown,no_receptor_match_found,Glu,561,fenyves_2020_polarity
ASHL,AVAL,excitatory,receptor_match,Glu,562,fenyves_2020_polarity
ASHL,AVAR,excitatory,receptor_match,Glu,563,fenyves_2020_polarity
ASHL,AVBL,excitatory,receptor_match,Glu,564,fenyves_2020_polarity
ASHL,AVDL,excitatory,receptor_match,Glu,565,fenyves_2020_polarity
ASHL,AVDR,excitatory,receptor_match,Glu,566,fenyves_2020_polarity
ASHL,AVFL,unknown,no_receptor_match_found,Glu,567,fenyves_2020_polarity
ASHL,AVHR,excitatory,receptor_match,Glu,568,fenyves_2020_polarity
ASHL,HSNL,excitatory,receptor_match,Glu,569,fenyves_2020_polarity
ASHL,RIAL,mixed,both_excitatory_and_inhibitory_receptors,Glu,570,fenyves_2020_polarity
ASHL,RIML,mixed,both_excitatory_and_inhibitory_receptors,Glu,571,fenyves_2020_polarity
ASHL,RIPL,unknown,no_receptor_match_found,Glu,572,fenyves_2020_polarity
ASHL,RIR,excitatory,receptor_match,Glu,573,fenyves_2020_polarity
ASHL,URXL,unknown,no_receptor_match_found,Glu,574,fenyves_2020_polarity
ASHR,ADAR,unknown,no_receptor_match_found,Glu,575,fenyves_2020_polarity
ASHR,ADFR,unknown,no_receptor_match_found,Glu,576,fenyves_2020_polarity
ASHR,ADLR,unknown,no_receptor_match_found,Glu,577,fenyves_2020_polarity
ASHR,AIAR,mixed,both_excitatory_and_inhibitory_receptors,Glu,578,fenyves_2020_polarity
ASHR,AIBR,excitatory,receptor_match,Glu,579,fenyves_2020_polarity
ASHR,ASHR,unknown,no_receptor_match_found,Glu,580,fenyves_2020_polarity
ASHR,AVAR,excitatory,receptor_match,Glu,581,fenyves_2020_polarity
ASHR,AVBR,excitatory,receptor_match,Glu,582,fenyves_2020_polarity
ASHR,AVDL,excitatory,receptor_match,Glu,583,fenyves_2020_polarity
ASHR,AVDR,excitatory,receptor_match,Glu,584,fenyves_2020_polarity
ASHR,AVER,excitatory,receptor_match,Glu,585,fenyves_2020_polarity
ASHR,AVHL,excitatory,receptor_match,Glu,586,fenyves_2020_polarity
ASHR,AWAR,unknown,no_receptor_match_found,Glu,587,fenyves_2020_polarity
ASHR,AWBL,unknown,no_receptor_match_found,Glu,588,fenyves_2020_polarity
ASHR,HSNL,excitatory,receptor_match,Glu,589,fenyves_2020_polarity
ASHR,HSNR,excitatory,receptor_match,Glu,590,fenyves_2020_polarity
ASHR,PVCL,excitatory,receptor_match,Glu,591,fenyves_2020_polarity
ASHR,PVPR,unknown,no_receptor_match_found,Glu,592,fenyves_2020_polarity
ASHR,RIAR,mixed,both_excitatory_and_inhibitory_receptors,Glu,593,fenyves_2020_polarity
ASHR,RMGR,mixed,both_excitatory_and_inhibitory_receptors,Glu,594,fenyves_2020_polarity
ASHR,SMBVR,unknown,no_receptor_match_found,Glu,595,fenyves_2020_polarity
ASIL,ADFL,unknown,no_receptor_match_found,,596,fenyves_2020_polarity
ASIL,AIAL,unknown,no_receptor_match_found,,597,fenyves_2020_polarity
ASIL,AIBL,unknown,no_receptor_match_found,,598,fenyves_2020_polarity
ASIL,AIYL,unknown,no_receptor_match_found,,599,fenyves_2020_polarity
ASIL,AIYR,unknown,no_receptor_match_found,,600,fenyves_2020_polarity
ASIL,AIZL,unknown,no_receptor_match_found,,601,fenyves_2020_polarity
ASIL,ASER,unknown,no_receptor_match_found,,602,fenyves_2020_polarity
ASIL,ASGL,unknown,no_receptor_match_found,,603,fenyves_2020_polarity
ASIL,ASKL,unknown,no_receptor_match_found,,604,fenyves_2020_polarity
ASIL,AWAR,unknown,no_receptor_match_found,,605,fenyves_2020_polarity
ASIL,AWCL,unknown,no_receptor_match_found,,606,fenyves_2020_polarity
ASIL,AWCR,unknown,no_receptor_match_found,,607,fenyves_2020_polarity
ASIL,CEPVR,unknown,no_receptor_match_found,,608,fenyves_2020_polarity
ASIL,RIAL,unknown,no_receptor_match_found,,609,fenyves_2020_polarity
ASIL,RIBL,unknown,no_receptor_match_found,,610,fenyves_2020_polarity
ASIL,RMFL,unknown,no_receptor_match_found,,611,fenyves_2020_polarity
ASIL,SAAVL,unknown,no_receptor_match_found,,612,fenyves_2020_polarity
ASIR,ADLR,unknown,no_receptor_match_found,,613,fenyves_2020_polarity
ASIR,AIAL,unknown,no_receptor_match_found,,614,fenyves_2020_polarity
ASIR,AIAR,unknown,no_receptor_match_found,,615,fenyves_2020_polarity
ASIR,AIBR,unknown,no_receptor_match_found,,616,fenyves_2020_polarity
ASIR,ASEL,unknown,no_receptor_match_found,,617,fenyves_2020_polarity
ASIR,ASER,unknown,no_receptor_match_found,,618,fenyves_2020_polarity
ASIR,ASGR,unknown,no_receptor_match_found,,619,fenyves_2020_polarity
ASIR,ASHR,unknown,no_receptor_match_found,,620,fenyves_2020_polarity
ASIR,AWAR,unknown,no_receptor_match_found,,621,fenyves_2020_polarity
ASIR,AWCL,unknown,no_receptor_match_found,,622,fenyves_2020_polarity
ASIR,AWCR,unknown,no_receptor_match_found,,623,fenyves_2020_polarity
ASIR,CEPVR,unknown,no_receptor_match_found,,624,fenyves_2020_polarity
ASJL,ALA,excitatory,receptor_match,ACh,625,fenyves_2020_polarity
ASJL,ASJR,unknown,no_receptor_match_found,ACh,626,fenyves_2020_polarity
ASJL,ASKL,unknown,no_receptor_match_found,ACh,627,fenyves_2020_polarity
ASJL,ASKR,unknown,no_receptor_match_found,ACh,628,fenyves_2020_polarity
ASJL,CEPDL,unknown,no_receptor_match_found,ACh,629,fenyves_2020_polarity
ASJL,HSNL,excitatory,receptor_match,ACh,630,fenyves_2020_polarity
ASJL,HSNR,excitatory,receptor_match,ACh,631,fenyves_2020_polarity
ASJL,PVQL,excitatory,receptor_match,ACh,632,fenyves_2020_polarity
ASJR,ASKR,unknown,no_receptor_match_found,ACh,633,fenyves_2020_polarity
ASJR,HSNR,excitatory,receptor_match,ACh,634,fenyves_2020_polarity
ASJR,PVQR,excitatory,receptor_match,ACh,635,fenyves_2020_polarity
ASKL,AIAL,mixed,both_excitatory_and_inhibitory_receptors,Glu,636,fenyves_2020_polarity
ASKL,AIBL,excitatory,receptor_match,Glu,637,fenyves_2020_polarity
ASKL,AIML,unknown,no_receptor_match_found,Glu,638,fenyves_2020_polarity
ASKL,ASER,unknown,no_receptor_match_found,Glu,639,fenyves_2020_polarity
ASKL,ASJL,unknown,no_receptor_match_found,Glu,640,fenyves_2020_polarity
ASKR,ADLR,unknown,no_receptor_match_found,Glu,641,fenyves_2020_polarity
ASKR,AIAL,mixed,both_excitatory_and_inhibitory_receptors,Glu,642,fenyves_2020_polarity
ASKR,AIAR,mixed,both_excitatory_and_inhibitory_receptors,Glu,643,fenyves_2020_polarity
ASKR,AIBR,excitatory,receptor_match,Glu,644,fenyves_2020_polarity
ASKR,AIMR,unknown,no_receptor_match_found,Glu,645,fenyves_2020_polarity
ASKR,ALA,unknown,no_receptor_match_found,Glu,646,fenyves_2020_polarity
ASKR,ASER,unknown,no_receptor_match_found,Glu,647,fenyves_2020_polarity
ASKR,ASGR,unknown,no_receptor_match_found,Glu,648,fenyves_2020_polarity
ASKR,AWAR,unknown,no_receptor_match_found,Glu,649,fenyves_2020_polarity
ASKR,CEPVR,unknown,no_receptor_match_found,Glu,650,fenyves_2020_polarity
ASKR,HSNL,excitatory,receptor_match,Glu,651,fenyves_2020_polarity
ASKR,RIFR,excitatory,receptor_match,Glu,652,fenyves_2020_polarity
AUAL,ADFL,unknown,no_receptor_match_found,Glu,653,fenyves_2020_polarity
AUAL,AIBR,excitatory,receptor_match,Glu,654,fenyves_2020_polarity
AUAL,AIYL,inhibitory,receptor_match,Glu,655,fenyves_2020_polarity
AUAL,AIZL,unknown,no_receptor_match_found,Glu,656,fenyves_2020_polarity
AUAL,AVAL,excitatory,receptor_match,Glu,657,fenyves_2020_polarity
AUAL,AVDR,excitatory,receptor_match,Glu,658,fenyves_2020_polarity
AUAL,AVEL,excitatory,receptor_match,Glu,659,fenyves_2020_polarity
AUAL,BAGR,unknown,no_receptor_match_found,Glu,660,fenyves_2020_polarity
AUAL,DVA,excitatory,receptor_match,Glu,661,fenyves_2020_polarity
AUAL,RIAL,mixed,both_excitatory_and_inhibitory_receptors,Glu,662,fenyves_2020_polarity
AUAL,RIBL,mixed,both_excitatory_and_inhibitory_receptors,Glu,663,fenyves_2020_polarity
AUAL,URXL,unknown,no_receptor_match_found,Glu,664,fenyves_2020_polarity
AUAR,AINL,unknown,no_receptor_match_found,Glu,665,fenyves_2020_polarity
AUAR,AINR,unknown,no_receptor_match_found,Glu,666,fenyves_2020_polarity
AUAR,AIYR,inhibitory,receptor_match,Glu,667,fenyves_2020_polarity
AUAR,AIZR,unknown,no_receptor_match_found,Glu,668,fenyves_2020_polarity
AUAR,AVAR,excitatory,receptor_match,Glu,669,fenyves_2020_polarity
AUAR,AVER,excitatory,receptor_match,Glu,670,fenyves_2020_polarity
AUAR,BAGL,unknown,no_receptor_match_found,Glu,671,fenyves_2020_polarity
AUAR,RIAR,mixed,both_excitatory_and_inhibitory_receptors,Glu,672,fenyves_2020_polarity
AUAR,RIBR,mixed,both_excitatory_and_inhibitory_receptors,Glu,673,fenyves_2020_polarity
AUAR,URXR,unknown,no_receptor_match_found,Glu,674,fenyves_2020_polarity
AVAL,AS10,mixed,both_excitatory_and_inhibitory_receptors,ACh,681,fenyves_2020_polarity
AVAL,AS11,mixed,both_excitatory_and_inhibitory_receptors,ACh,682,fenyves_2020_polarity
AVAL,AS2,mixed,both_excitatory_and_inhibitory_receptors,ACh,675,fenyves_2020_polarity
AVAL,AS4,mixed,both_excitatory_and_inhibitory_receptors,ACh,676,fenyves_2020_polarity
AVAL,AS5,mixed,both_excitatory_and_inhibitory_receptors,ACh,677,fenyves_2020_polarity
AVAL,AS7,mixed,both_excitatory_and_inhibitory_receptors,ACh,678,fenyves_2020_polarity
AVAL,AS8,mixed,both_excitatory_and_inhibitory_receptors,ACh,679,fenyves_2020_polarity
AVAL,AS9,mixed,both_excitatory_and_inhibitory_receptors,ACh,680,fenyves_2020_polarity
AVAL,AVAR,mixed,both_excitatory_and_inhibitory_receptors,ACh,683,fenyves_2020_polarity
AVAL,AVBL,mixed,both_excitatory_and_inhibitory_receptors,ACh,684,fenyves_2020_polarity
AVAL,AVDL,excitatory,receptor_match,ACh,685,fenyves_2020_polarity
AVAL,AVDR,excitatory,receptor_match,ACh,686,fenyves_2020_polarity
AVAL,AVEL,inhibitory,receptor_match,ACh,687,fenyves_2020_polarity
AVAL,AVER,inhibitory,receptor_match,ACh,688,fenyves_2020_polarity
AVAL,DA1,mixed,both_excitatory_and_inhibitory_receptors,ACh,689,fenyves_2020_polarity
AVAL,DA2,mixed,both_excitatory_and_inhibitory_receptors,ACh,690,fenyves_2020_polarity
AVAL,DA3,mixed,both_excitatory_and_inhibitory_receptors,ACh,691,fenyves_2020_polarity
AVAL,DA4,mixed,both_excitatory_and_inhibitory_receptors,ACh,692,fenyves_2020_polarity
AVAL,DA5,mixed,both_excitatory_and_inhibitory_receptors,ACh,693,fenyves_2020_polarity
AVAL,DA7,mixed,both_excitatory_and_inhibitory_receptors,ACh,694,fenyves_2020_polarity
AVAL,DA8,mixed,both_excitatory_and_inhibitory_receptors,ACh,695,fenyves_2020_polarity
AVAL,DA9,mixed,both_excitatory_and_inhibitory_receptors,ACh,696,fenyves_2020_polarity
AVAL,DB7,mixed,both_excitatory_and_inhibitory_receptors,ACh,697,fenyves_2020_polarity
AVAL,LUAL,inhibitory,receptor_match,ACh,698,fenyves_2020_polarity
AVAL,LUAR,inhibitory,receptor_match,ACh,699,fenyves_2020_polarity
AVAL,PVCL,mixed,both_excitatory_and_inhibitory_receptors,ACh,700,fenyves_2020_polarity
AVAL,PVCR,mixed,both_excitatory_and_inhibitory_receptors,ACh,701,fenyves_2020_polarity
AVAL,PVNL,excitatory,receptor_match,ACh,702,fenyves_2020_polarity
AVAL,RIAL,inhibitory,receptor_match,ACh,703,fenyves_2020_polarity
AVAL,SABVL,inhibitory,receptor_match,ACh,704,fenyves_2020_polarity
AVAL,VA1,mixed,both_excitatory_and_inhibitory_receptors,ACh,705,fenyves_2020_polarity
AVAL,VA10,mixed,both_excitatory_and_inhibitory_receptors,ACh,714,fenyves_2020_polarity
AVAL,VA11,mixed,both_excitatory_and_inhibitory_receptors,ACh,715,fenyves_2020_polarity
AVAL,VA12,mixed,both_excitatory_and_inhibitory_receptors,ACh,716,fenyves_2020_polarity
AVAL,VA2,mixed,both_excitatory_and_inhibitory_receptors,ACh,706,fenyves_2020_polarity
AVAL,VA3,mixed,both_excitatory_and_inhibitory_receptors,ACh,707,fenyves_2020_polarity
AVAL,VA4,mixed,both_excitatory_and_inhibitory_receptors,ACh,708,fenyves_2020_polarity
AVAL,VA5,mixed,both_excitatory_and_inhibitory_receptors,ACh,709,fenyves_2020_polarity
AVAL,VA6,mixed,both_excitatory_and_inhibitory_receptors,ACh,710,fenyves_2020_polarity
AVAL,VA7,mixed,both_excitatory_and_inhibitory_receptors,ACh,711,fenyves_2020_polarity
AVAL,VA8,mixed,both_excitatory_and_inhibitory_receptors,ACh,712,fenyves_2020_polarity
AVAL,VA9,mixed,both_excitatory_and_inhibitory_receptors,ACh,713,fenyves_2020_polarity
AVAR,AS1,mixed,both_excitatory_and_inhibitory_receptors,ACh,717,fenyves_2020_polarity
AVAR,AS11,mixed,both_excitatory_and_inhibitory_receptors,ACh,725,fenyves_2020_polarity
AVAR,AS2,mixed,both_excitatory_and_inhibitory_receptors,ACh,718,fenyves_2020_polarity
AVAR,AS4,mixed,both_excitatory_and_inhibitory_receptors,ACh,719,fenyves_2020_polarity
AVAR,AS5,mixed,both_excitatory_and_inhibitory_receptors,ACh,720,fenyves_2020_polarity
AVAR,AS6,mixed,both_excitatory_and_inhibitory_receptors,ACh,721,fenyves_2020_polarity
AVAR,AS7,mixed,both_excitatory_and_inhibitory_receptors,ACh,722,fenyves_2020_polarity
AVAR,AS8,mixed,both_excitatory_and_inhibitory_receptors,ACh,723,fenyves_2020_polarity
AVAR,AS9,mixed,both_excitatory_and_inhibitory_receptors,ACh,724,fenyves_2020_polarity
AVAR,AVAL,mixed,both_excitatory_and_inhibitory_receptors,ACh,726,fenyves_2020_polarity
AVAR,AVBL,mixed,both_excitatory_and_inhibitory_receptors,ACh,727,fenyves_2020_polarity
AVAR,AVBR,mixed,both_excitatory_and_inhibitory_receptors,ACh,728,fenyves_2020_polarity
AVAR,AVDL,excitatory,receptor_match,ACh,729,fenyves_2020_polarity
AVAR,AVDR,excitatory,receptor_match,ACh,730,fenyves_2020_polarity
AVAR,AVER,inhibitory,receptor_match,ACh,731,fenyves_2020_polarity
AVAR,DA1,mixed,both_excitatory_and_inhibitory_receptors,ACh,732,fenyves_2020_polarity
AVAR,DA2,mixed,both_excitatory_and_inhibitory_receptors,ACh,733,fenyves_2020_polarity
AVAR,DA3,mixed,both_excitatory_and_inhibitory_receptors,ACh,734,fenyves_2020_polarity
AVAR,DA4,mixed,both_excitatory_and_inhibitory_receptors,ACh,735,fenyves_2020_polarity
AVAR,DA5,mixed,both_excitatory_and_inhibitory_receptors,ACh,736,fenyves_2020_polarity
AVAR,DA6,mixed,both_excitatory_and_inhibitory_receptors,ACh,737,fenyves_2020_polarity
AVAR,DA7,mixed,both_excitatory_and_inhibitory_receptors,ACh,738,fenyves_2020_polarity
AVAR,DA8,mixed,both_excitatory_and_inhibitory_receptors,ACh,739,fenyves_2020_polarity
AVAR,DA9,mixed,both_excitatory_and_inhibitory_receptors,ACh,740,fenyves_2020_polarity
AVAR,DB2,mixed,both_excitatory_and_inhibitory_receptors,ACh,741,fenyves_2020_polarity
AVAR,DB3,mixed,both_excitatory_and_inhibitory_receptors,ACh,742,fenyves_2020_polarity
AVAR,LUAL,inhibitory,receptor_match,ACh,743,fenyves_2020_polarity
AVAR,LUAR,inhibitory,receptor_match,ACh,744,fenyves_2020_polarity
AVAR,PVCL,mixed,both_excitatory_and_inhibitory_receptors,ACh,745,fenyves_2020_polarity
AVAR,PVCR,mixed,both_excitatory_and_inhibitory_receptors,ACh,746,fenyves_2020_polarity
AVAR,RIGL,mixed,both_excitatory_and_inhibitory_receptors,ACh,747,fenyves_2020_polarity
AVAR,SAAVR,mixed,both_excitatory_and_inhibitory_receptors,ACh,748,fenyves_2020_polarity
AVAR,SABVR,inhibitory,receptor_match,ACh,749,fenyves_2020_polarity
AVAR,SMDVR,mixed,both_excitatory_and_inhibitory_receptors,ACh,750,fenyves_2020_polarity
AVAR,VA10,mixed,both_excitatory_and_inhibitory_receptors,ACh,759,fenyves_2020_polarity
AVAR,VA11,mixed,both_excitatory_and_inhibitory_receptors,ACh,760,fenyves_2020_polarity
AVAR,VA2,mixed,both_excitatory_and_inhibitory_receptors,ACh,751,fenyves_2020_polarity
AVAR,VA3,mixed,both_excitatory_and_inhibitory_receptors,ACh,752,fenyves_2020_polarity
AVAR,VA4,mixed,both_excitatory_and_inhibitory_receptors,ACh,753,fenyves_2020_polarity
AVAR,VA5,mixed,both_excitatory_and_inhibitory_receptors,ACh,754,fenyves_2020_polarity
AVAR,VA6,mixed,both_excitatory_and_inhibitory_receptors,ACh,755,fenyves_2020_polarity
AVAR,VA7,mixed,both_excitatory_and_inhibitory_receptors,ACh,756,fenyves_2020_polarity
AVAR,VA8,mixed,both_excitatory_and_inhibitory_receptors,ACh,757,fenyves_2020_polarity
AVAR,VA9,mixed,both_excitatory_and_inhibitory_receptors,ACh,758,fenyves_2020_polarity
AVBL,AS10,mixed,both_excitatory_and_inhibitory_receptors,ACh,763,fenyves_2020_polarity
AVBL,AS4,mixed,both_excitatory_and_inhibitory_receptors,ACh,761,fenyves_2020_polarity
AVBL,AS5,mixed,both_excitatory_and_inhibitory_receptors,ACh,762,fenyves_2020_polarity
AVBL,AVAL,mixed,both_excitatory_and_inhibitory_receptors,ACh,764,fenyves_2020_polarity
AVBL,AVAR,mixed,both_excitatory_and_inhibitory_receptors,ACh,765,fenyves_2020_polarity
AVBL,AVBR,mixed,both_excitatory_and_inhibitory_receptors,ACh,766,fenyves_2020_polarity
AVBL,AVDR,excitatory,receptor_match,ACh,767,fenyves_2020_polarity
AVBL,AVER,inhibitory,receptor_match,ACh,768,fenyves_2020_polarity
AVBL,AVJR,unknown,no_receptor_match_found,ACh,769,fenyves_2020_polarity
AVBL,AVL,unknown,no_receptor_match_found,ACh,770,fenyves_2020_polarity
AVBL,DA5,mixed,both_excitatory_and_inhibitory_receptors,ACh,771,fenyves_2020_polarity
AVBL,DA7,mixed,both_excitatory_and_inhibitory_receptors,ACh,772,fenyves_2020_polarity
AVBL,DVA,mixed,both_excitatory_and_inhibitory_receptors,ACh,773,fenyves_2020_polarity
AVBL,PVCR,mixed,both_excitatory_and_inhibitory_receptors,ACh,774,fenyves_2020_polarity
AVBL,PVNR,excitatory,receptor_match,ACh,775,fenyves_2020_polarity
AVBL,PVPR,unknown,no_receptor_match_found,ACh,776,fenyves_2020_polarity
AVBL,SDQL,mixed,both_excitatory_and_inhibitory_receptors,ACh,777,fenyves_2020_polarity
AVBL,VA10,mixed,both_excitatory_and_inhibitory_receptors,ACh,779,fenyves_2020_polarity
AVBL,VA2,mixed,both_excitatory_and_inhibitory_receptors,ACh,778,fenyves_2020_polarity
AVBL,VB2,mixed,both_excitatory_and_inhibitory_receptors,ACh,780,fenyves_2020_polarity
AVBL,VC3,mixed,both_excitatory_and_inhibitory_receptors,ACh,781,fenyves_2020_polarity
AVBR,AIBR,inhibitory,receptor_match,ACh,782,fenyves_2020_polarity
AVBR,AS1,mixed,both_excitatory_and_inhibitory_receptors,ACh,783,fenyves_2020_polarity
AVBR,AS10,mixed,both_excitatory_and_inhibitory_receptors,ACh,786,fenyves_2020_polarity
AVBR,AS3,mixed,both_excitatory_and_inhibitory_receptors,ACh,784,fenyves_2020_polarity
AVBR,AS4,mixed,both_excitatory_and_inhibitory_receptors,ACh,785,fenyves_2020_polarity
AVBR,AVAL,mixed,both_excitatory_and_inhibitory_receptors,ACh,787,fenyves_2020_polarity
AVBR,AVAR,mixed,both_excitatory_and_inhibitory_receptors,ACh,788,fenyves_2020_polarity
AVBR,AVBL,mixed,both_excitatory_and_inhibitory_receptors,ACh,789,fenyves_2020_polarity
AVBR,AVDL,excitatory,receptor_match,ACh,790,fenyves_2020_polarity
AVBR,AVER,inhibitory,receptor_match,ACh,791,fenyves_2020_polarity
AVBR,AVJL,unknown,no_receptor_match_found,ACh,792,fenyves_2020_polarity
AVBR,DA3,mixed,both_excitatory_and_inhibitory_receptors,ACh,793,fenyves_2020_polarity
AVBR,DA4,mixed,both_excitatory_and_inhibitory_receptors,ACh,794,fenyves_2020_polarity
AVBR,DA7,mixed,both_excitatory_and_inhibitory_receptors,ACh,795,fenyves_2020_polarity
AVBR,DB4,mixed,both_excitatory_and_inhibitory_receptors,ACh,796,fenyves_2020_polarity
AVBR,HSNR,mixed,both_excitatory_and_inhibitory_receptors,ACh,797,fenyves_2020_polarity
AVBR,VA3,mixed,both_excitatory_and_inhibitory_receptors,ACh,798,fenyves_2020_polarity
AVBR,VA4,mixed,both_excitatory_and_inhibitory_receptors,ACh,799,fenyves_2020_polarity
AVBR,VD3,excitatory,receptor_match,ACh,800,fenyves_2020_polarity
AVDL,AS10,excitatory,receptor_match,ACh,802,fenyves_2020_polarity
AVDL,AS11,excitatory,receptor_match,ACh,803,fenyves_2020_polarity
AVDL,AS4,excitatory,receptor_match,ACh,801,fenyves_2020_polarity
AVDL,AVAL,mixed,both_excitatory_and_inhibitory_receptors,ACh,804,fenyves_2020_polarity
AVDL,AVAR,mixed,both_excitatory_and_inhibitory_receptors,ACh,805,fenyves_2020_polarity
AVDL,AVDR,unknown,no_receptor_match_found,ACh,806,fenyves_2020_polarity
AVDL,AVEL,inhibitory,receptor_match,ACh,807,fenyves_2020_polarity
AVDL,AVJL,unknown,no_receptor_match_found,ACh,808,fenyves_2020_polarity
AVDL,DA1,excitatory,receptor_match,ACh,809,fenyves_2020_polarity
AVDL,DA2,excitatory,receptor_match,ACh,810,fenyves_2020_polarity
AVDL,DA3,excitatory,receptor_match,ACh,811,fenyves_2020_polarity
AVDL,DA4,excitatory,receptor_match,ACh,812,fenyves_2020_polarity
AVDL,DA5,excitatory,receptor_match,ACh,813,fenyves_2020_polarity
AVDL,DA8,excitatory,receptor_match,ACh,814,fenyves_2020_polarity
AVDL,DVC,excitatory,receptor_match,ACh,815,fenyves_2020_polarity
AVDL,LUAL,unknown,no_receptor_match_found,ACh,816,fenyves_2020_polarity
AVDL,PVCL,excitatory,receptor_match,ACh,817,fenyves_2020_polarity
AVDL,SABD,unknown,no_receptor_match_found,ACh,818,fenyves_2020_polarity
AVDL,SABVL,unknown,no_receptor_match_found,ACh,819,fenyves_2020_polarity
AVDL,SABVR,unknown,no_receptor_match_found,ACh,820,fenyves_2020_polarity
AVDL,VA10,excitatory,receptor_match,ACh,823,fenyves_2020_polarity
AVDL,VA12,excitatory,receptor_match,ACh,824,fenyves_2020_polarity
AVDL,VA3,excitatory,receptor_match,ACh,821,fenyves_2020_polarity
AVDL,VA5,excitatory,receptor_match,ACh,822,fenyves_2020_polarity
AVDR,ALA,excitatory,receptor_match,ACh,825,fenyves_2020_polarity
AVDR,AS10,excitatory,receptor_match,ACh,826,fenyves_2020_polarity
AVDR,AS11,excitatory,receptor_match,ACh,827,fenyves_2020_polarity
AVDR,AVAL,mixed,both_excitatory_and_inhibitory_receptors,ACh,828,fenyves_2020_polarity
AVDR,AVAR,mixed,both_excitatory_and_inhibitory_receptors,ACh,829,fenyves_2020_polarity
AVDR,AVBL,excitatory,receptor_match,ACh,830,fenyves_2020_polarity
AVDR,AVDL,unknown,no_receptor_match_found,ACh,831,fenyves_2020_polarity
AVDR,AVER,inhibitory,receptor_match,ACh,832,fenyves_2020_polarity
AVDR,AVJR,unknown,no_receptor_match_found,ACh,833,fenyves_2020_polarity
AVDR,DA1,excitatory,receptor_match,ACh,834,fenyves_2020_polarity
AVDR,DA2,excitatory,receptor_match,ACh,835,fenyves_2020_polarity
AVDR,DA3,excitatory,receptor_match,ACh,836,fenyves_2020_polarity
AVDR,DA4,excitatory,receptor_match,ACh,837,fenyves_2020_polarity
AVDR,DA5,excitatory,receptor_match,ACh,838,fenyves_2020_polarity
AVDR,DA8,excitatory,receptor_match,ACh,839,fenyves_2020_polarity
AVDR,DB1,excitatory,receptor_match,ACh,840,fenyves_2020_polarity
AVDR,DB4,excitatory,receptor_match,ACh,841,fenyves_2020_polarity
AVDR,DVC,excitatory,receptor_match,ACh,842,fenyves_2020_polarity
AVDR,LUAL,unknown,no_receptor_match_found,ACh,843,fenyves_2020_polarity
AVDR,PQR,unknown,no_receptor_match_found,ACh,844,fenyves_2020_polarity
AVDR,PVCR,excitatory,receptor_match,ACh,845,fenyves_2020_polarity
AVDR,SABD,unknown,no_receptor_match_found,ACh,846,fenyves_2020_polarity
AVDR,SABVL,unknown,no_receptor_match_found,ACh,847,fenyves_2020_polarity
AVDR,SABVR,unknown,no_receptor_match_found,ACh,848,fenyves_2020_polarity
AVDR,VA11,excitatory,receptor_match,ACh,852,fenyves_2020_polarity
AVDR,VA2,excitatory,receptor_match,ACh,849,fenyves_2020_polarity
AVDR,VA3,excitatory,receptor_match,ACh,850,fenyves_2020_polarity
AVDR,VA5,excitatory,receptor_match,ACh,851,fenyves_2020_polarity
AVEL,ALML,excitatory,receptor_match,ACh,853,fenyves_2020_polarity
AVEL,AS1,excitatory,receptor_match,ACh,854,fenyves_2020_polarity
AVEL,AVAL,mixed,both_excitatory_and_inhibitory_receptors,ACh,855,fenyves_2020_polarity
AVEL,AVAR,mixed,both_excitatory_and_inhibitory_receptors,ACh,856,fenyves_2020_polarity
AVEL,AVDL,unknown,no_receptor_match_found,ACh,857,fenyves_2020_polarity
AVEL,DA1,excitatory,receptor_match,ACh,858,fenyves_2020_polarity
AVEL,DA2,excitatory,receptor_match,ACh,859,fenyves_2020_polarity
AVEL,DA3,excitatory,receptor_match,ACh,860,fenyves_2020_polarity
AVEL,DB3,excitatory,receptor_match,ACh,861,fenyves_2020_polarity
AVEL,PVCL,excitatory,receptor_match,ACh,862,fenyves_2020_polarity
AVEL,PVCR,excitatory,receptor_match,ACh,863,fenyves_2020_polarity
AVEL,PVT,excitatory,receptor_match,ACh,864,fenyves_2020_polarity
AVEL,RMGL,unknown,no_receptor_match_found,ACh,865,fenyves_2020_polarity
AVEL,SABD,unknown,no_receptor_match_found,ACh,866,fenyves_2020_polarity
AVEL,SABVL,unknown,no_receptor_match_found,ACh,867,fenyves_2020_polarity
AVEL,SABVR,unknown,no_receptor_match_found,ACh,868,fenyves_2020_polarity
AVEL,VA1,excitatory,receptor_match,ACh,869,fenyves_2020_polarity
AVEL,VA3,excitatory,receptor_match,ACh,870,fenyves_2020_polarity
AVEL,VD2,excitatory,receptor_match,ACh,871,fenyves_2020_polarity
AVEL,VD3,excitatory,receptor_match,ACh,872,fenyves_2020_polarity
AVER,AIZR,inhibitory,receptor_match,ACh,873,fenyves_2020_polarity
AVER,AS1,excitatory,receptor_match,ACh,874,fenyves_2020_polarity
AVER,AS2,excitatory,receptor_match,ACh,875,fenyves_2020_polarity
AVER,AS3,excitatory,receptor_match,ACh,876,fenyves_2020_polarity
AVER,AVAL,mixed,both_excitatory_and_inhibitory_receptors,ACh,877,fenyves_2020_polarity
AVER,AVAR,mixed,both_excitatory_and_inhibitory_receptors,ACh,878,fenyves_2020_polarity
AVER,AVDL,unknown,no_receptor_match_found,ACh,879,fenyves_2020_polarity
AVER,AVDR,unknown,no_receptor_match_found,ACh,880,fenyves_2020_polarity
AVER,AVEL,inhibitory,receptor_match,ACh,881,fenyves_2020_polarity
AVER,CEPDL,unknown,no_receptor_match_found,ACh,882,fenyves_2020_polarity
AVER,DA1,excitatory,receptor_match,ACh,883,fenyves_2020_polarity
AVER,DA2,excitatory,receptor_match,ACh,884,fenyves_2020_polarity
AVER,DA3,excitatory,receptor_match,ACh,885,fenyves_2020_polarity
AVER,DB3,excitatory,receptor_match,ACh,886,fenyves_2020_polarity
AVER,OLLL,inhibitory,receptor_match,ACh,887,fenyves_2020_polarity
AVER,RIMR,mixed,both_excitatory_and_inhibitory_receptors,ACh,888,fenyves_2020_polarity
AVER,RMGR,unknown,no_receptor_match_found,ACh,889,fenyves_2020_polarity
AVER,SABD,unknown,no_receptor_match_found,ACh,890,fenyves_2020_polarity
AVER,SABVL,unknown,no_receptor_match_found,ACh,891,fenyves_2020_polarity
AVER,SABVR,unknown,no_receptor_match_found,ACh,892,fenyves_2020_polarity
AVER,URXR,inhibitory,receptor_match,ACh,893,fenyves_2020_polarity
AVER,VA1,excitatory,receptor_match,ACh,894,fenyves_2020_polarity
AVER,VA2,excitatory,receptor_match,ACh,895,fenyves_2020_polarity
AVER,VA3,excitatory,receptor_match,ACh,896,fenyves_2020_polarity
AVER,VA4,excitatory,receptor_match,ACh,897,fenyves_2020_polarity
AVFL,AIML,inhibitory,receptor_match,GABA,898,fenyves_2020_polarity
AVFL,AS10,inhibitory,receptor_match,GABA,899,fenyves_2020_polarity
AVFL,AVBL,inhibitory,receptor_match,GABA,900,fenyves_2020_polarity
AVFL,AVBR,inhibitory,receptor_match,GABA,901,fenyves_2020_polarity
AVFL,AVFR,inhibitory,receptor_match,GABA,902,fenyves_2020_polarity
AVFL,AVG,unknown,no_receptor_match_found,GABA,903,fenyves_2020_polarity
AVFL,AVHL,inhibitory,receptor_match,GABA,904,fenyves_2020_polarity
AVFL,AVHR,inhibitory,receptor_match,GABA,905,fenyves_2020_polarity
AVFL,AVJL,unknown,no_receptor_match_found,GABA,906,fenyves_2020_polarity
AVFL,AVL,unknown,no_receptor_match_found,GABA,907,fenyves_2020_polarity
AVFL,DVB,unknown,no_receptor_match_found,GABA,908,fenyves_2020_polarity
AVFL,HSNL,inhibitory,receptor_match,GABA,909,fenyves_2020_polarity
AVFL,HSNR,inhibitory,receptor_match,GABA,910,fenyves_2020_polarity
AVFL,PVNL,unknown,no_receptor_match_found,GABA,911,fenyves_2020_polarity
AVFL,PVQL,inhibitory,receptor_match,GABA,912,fenyves_2020_polarity
AVFL,RIFL,unknown,no_receptor_match_found,GABA,913,fenyves_2020_polarity
AVFL,RIFR,unknown,no_receptor_match_found,GABA,914,fenyves_2020_polarity
AVFL,SMBVL,unknown,no_receptor_match_found,GABA,915,fenyves_2020_polarity
AVFL,VB1,mixed,both_excitatory_and_inhibitory_receptors,GABA,916,fenyves_2020_polarity
AVFL,VB2,mixed,both_excitatory_and_inhibitory_receptors,GABA,917,fenyves_2020_polarity
AVFL,VC1,inhibitory,receptor_match,GABA,918,fenyves_2020_polarity
AVFR,AIAL,unknown,no_receptor_match_found,GABA,919,fenyves_2020_polarity
AVFR,AIML,inhibitory,receptor_match,GABA,920,fenyves_2020_polarity
AVFR,ASHR,inhibitory,receptor_match,GABA,921,fenyves_2020_polarity
AVFR,AVAL,inhibitory,receptor_match,GABA,922,fenyves_2020_polarity
AVFR,AVBL,inhibitory,receptor_match,GABA,923,fenyves_2020_polarity
AVFR,AVBR,inhibitory,receptor_match,GABA,924,fenyves_2020_polarity
AVFR,AVFL,inhibitory,receptor_match,GABA,925,fenyves_2020_polarity
AVFR,AVG,unknown,no_receptor_match_found,GABA,926,fenyves_2020_polarity
AVFR,AVHL,inhibitory,receptor_match,GABA,927,fenyves_2020_polarity
AVFR,AVHR,inhibitory,receptor_match,GABA,928,fenyves_2020_polarity
AVFR,AVJL,unknown,no_receptor_match_found,GABA,929,fenyves_2020_polarity
AVFR,HSNL,inhibitory,receptor_match,GABA,930,fenyves_2020_polarity
AVFR,HSNR,inhibitory,receptor_match,GABA,931,fenyves_2020_polarity
AVFR,PVCR,inhibitory,receptor_match,GABA,932,fenyves_2020_polarity
AVFR,PVDL,inhibitory,receptor_match,GABA,933,fenyves_2020_polarity
AVFR,PVPR,unknown,no_receptor_match_found,GABA,934,fenyves_2020_polarity
AVFR,PVQL,inhibitory,receptor_match,GABA,935,fenyves_2020_polarity
AVFR,RMDDL,unknown,no_receptor_match_found,GABA,936,fenyves_2020_polarity
AVFR,RMGL,unknown,no_receptor_match_found,GABA,937,fenyves_2020_polarity
AVFR,VA2,mixed,both_excitatory_and_inhibitory_receptors,GABA,938,fenyves_2020_polarity
AVG,AVAL,mixed,both_excitatory_and_inhibitory_receptors,ACh,939,fenyves_2020_polarity
AVG,AVAR,mixed,both_excitatory_and_inhibitory_receptors,ACh,940,fenyves_2020_polarity
AVG,AVBL,excitatory,receptor_match,ACh,941,fenyves_2020_polarity
AVG,AVBR,excitatory,receptor_match,ACh,942,fenyves_2020_polarity
AVG,AVDL,unknown,no_receptor_match_found,ACh,943,fenyves_2020_polarity
AVG,AVDR,unknown,no_receptor_match_found,ACh,944,fenyves_2020_polarity
AVG,AVER,inhibitory,receptor_match,ACh,945,fenyves_2020_polarity
AVG,AVFL,unknown,no_receptor_match_found,ACh,946,fenyves_2020_polarity
AVG,AVG,excitatory,receptor_match,ACh,947,fenyves_2020_polarity
AVG,AVJL,unknown,no_receptor_match_found,ACh,948,fenyves_2020_polarity
AVG,AVJR,unknown,no_receptor_match_found,ACh,949,fenyves_2020_polarity
AVG,DA8,excitatory,receptor_match,ACh,950,fenyves_2020_polarity
AVG,DVC,excitatory,receptor_match,ACh,951,fenyves_2020_polarity
AVG,PHAL,inhibitory,receptor_match,ACh,952,fenyves_2020_polarity
AVG,PVCL,excitatory,receptor_match,ACh,953,fenyves_2020_polarity
AVG,PVCR,excitatory,receptor_match,ACh,954,fenyves_2020_polarity
AVG,PVNL,excitatory,receptor_match,ACh,955,fenyves_2020_polarity
AVG,PVNR,excitatory,receptor_match,ACh,956,fenyves_2020_polarity
AVG,PVQR,excitatory,receptor_match,ACh,957,fenyves_2020_polarity
AVG,PVT,excitatory,receptor_match,ACh,958,fenyves_2020_polarity
AVG,VA11,excitatory,receptor_match,ACh,960,fenyves_2020_polarity
AVG,VA6,excitatory,receptor_match,ACh,959,fenyves_2020_polarity
AVG,VC1,excitatory,receptor_match,ACh,961,fenyves_2020_polarity
AVHL,ADFR,unknown,no_receptor_match_found,,962,fenyves_2020_polarity
AVHL,ASHR,unknown,no_receptor_match_found,,963,fenyves_2020_polarity
AVHL,AVAR,unknown,no_receptor_match_found,,964,fenyves_2020_polarity
AVHL,AVBL,unknown,no_receptor_match_found,,965,fenyves_2020_polarity
AVHL,AVBR,unknown,no_receptor_match_found,,966,fenyves_2020_polarity
AVHL,AVDL,unknown,no_receptor_match_found,,967,fenyves_2020_polarity
AVHL,AVFL,unknown,no_receptor_match_found,,968,fenyves_2020_polarity
AVHL,AVFR,unknown,no_receptor_match_found,,969,fenyves_2020_polarity
AVHL,AVHR,unknown,no_receptor_match_found,,970,fenyves_2020_polarity
AVHL,AVJL,unknown,no_receptor_match_found,,971,fenyves_2020_polarity
AVHL,AVJR,unknown,no_receptor_match_found,,972,fenyves_2020_polarity
AVHL,AWBR,unknown,no_receptor_match_found,,973,fenyves_2020_polarity
AVHL,BDUR,unknown,no_receptor_match_found,,974,fenyves_2020_polarity
AVHL,DD1,unknown,no_receptor_match_found,,975,fenyves_2020_polarity
AVHL,PVPR,unknown,no_receptor_match_found,,976,fenyves_2020_polarity
AVHL,PVQR,unknown,no_receptor_match_found,,977,fenyves_2020_polarity
AVHL,RIFR,unknown,no_receptor_match_found,,978,fenyves_2020_polarity
AVHL,RIMR,unknown,no_receptor_match_found,,979,fenyves_2020_polarity
AVHL,RIR,unknown,no_receptor_match_found,,980,fenyves_2020_polarity
AVHL,SABD,unknown,no_receptor_match_found,,981,fenyves_2020_polarity
AVHL,SMBDR,unknown,no_receptor_match_found,,982,fenyves_2020_polarity
AVHL,SMBVR,unknown,no_receptor_match_found,,983,fenyves_2020_polarity
AVHL,VD1,unknown,no_receptor_match_found,,984,fenyves_2020_polarity
AVHR,ADLR,unknown,no_receptor_match_found,,985,fenyves_2020_polarity
AVHR,AQR,unknown,no_receptor_match_found,,986,fenyves_2020_polarity
AVHR,ASKR,unknown,no_receptor_match_found,,987,fenyves_2020_polarity
AVHR,AVAL,unknown,no_receptor_match_found,,988,fenyves_2020_polarity
AVHR,AVBL,unknown,no_receptor_match_found,,989,fenyves_2020_polarity
AVHR,AVBR,unknown,no_receptor_match_found,,990,fenyves_2020_polarity
AVHR,AVDR,unknown,no_receptor_match_found,,991,fenyves_2020_polarity
AVHR,AVFL,unknown,no_receptor_match_found,,992,fenyves_2020_polarity
AVHR,AVFR,unknown,no_receptor_match_found,,993,fenyves_2020_polarity
AVHR,AVHL,unknown,no_receptor_match_found,,994,fenyves_2020_polarity
AVHR,AVJR,unknown,no_receptor_match_found,,995,fenyves_2020_polarity
AVHR,AWBL,unknown,no_receptor_match_found,,996,fenyves_2020_polarity
AVHR,DVA,unknown,no_receptor_match_found,,997,fenyves_2020_polarity
AVHR,PVPL,unknown,no_receptor_match_found,,998,fenyves_2020_polarity
AVHR,RIGL,unknown,no_receptor_match_found,,999,fenyves_2020_polarity
AVHR,RIR,unknown,no_receptor_match_found,,1000,fenyves_2020_polarity
AVHR,SMBDL,unknown,no_receptor_match_found,,1001,fenyves_2020_polarity
AVHR,SMBVL,unknown,no_receptor_match_found,,1002,fenyves_2020_polarity
AVJL,AINL,inhibitory,receptor_match,GABA,1003,fenyves_2020_polarity
AVJL,ASHR,inhibitory,receptor_match,GABA,1004,fenyves_2020_polarity
AVJL,AVAR,inhibitory,receptor_match,GABA,1005,fenyves_2020_polarity
AVJL,AVBL,inhibitory,receptor_match,GABA,1006,fenyves_2020_polarity
AVJL,AVBR,inhibitory,receptor_match,GABA,1007,fenyves_2020_polarity
AVJL,AVDL,excitatory,receptor_match,GABA,1008,fenyves_2020_polarity
AVJL,AVEL,inhibitory,receptor_match,GABA,1009,fenyves_2020_polarity
AVJL,AVHL,inhibitory,receptor_match,GABA,1010,fenyves_2020_polarity
AVJL,AVJR,unknown,no_receptor_match_found,GABA,1011,fenyves_2020_polarity
AVJL,PVCL,inhibitory,receptor_match,GABA,1012,fenyves_2020_polarity
AVJL,PVCR,inhibitory,receptor_match,GABA,1013,fenyves_2020_polarity
AVJL,PVNR,unknown,no_receptor_match_found,GABA,1014,fenyves_2020_polarity
AVJL,RIFR,unknown,no_receptor_match_found,GABA,1015,fenyves_2020_polarity
AVJL,RIS,inhibitory,receptor_match,GABA,1016,fenyves_2020_polarity
AVJL,SABD,mixed,both_excitatory_and_inhibitory_receptors,GABA,1017,fenyves_2020_polarity
AVJR,ALML,inhibitory,receptor_match,GABA,1018,fenyves_2020_polarity
AVJR,AVAL,inhibitory,receptor_match,GABA,1019,fenyves_2020_polarity
AVJR,AVAR,inhibitory,receptor_match,GABA,1020,fenyves_2020_polarity
AVJR,AVBL,inhibitory,receptor_match,GABA,1021,fenyves_2020_polarity
AVJR,AVBR,inhibitory,receptor_match,GABA,1022,fenyves_2020_polarity
AVJR,AVDL,excitatory,receptor_match,GABA,1023,fenyves_2020_polarity
AVJR,AVDR,excitatory,receptor_match,GABA,1024,fenyves_2020_polarity
AVJR,AVER,inhibitory,receptor_match,GABA,1025,fenyves_2020_polarity
AVJR,AVJL,unknown,no_receptor_match_found,GABA,1026,fenyves_2020_polarity
AVJR,AVM,inhibitory,receptor_match,GABA,1027,fenyves_2020_polarity
AVJR,FLPR,inhibitory,receptor_match,GABA,1028,fenyves_2020_polarity
AVJR,PVCL,inhibitory,receptor_match,GABA,1029,fenyves_2020_polarity
AVJR,PVCR,inhibitory,receptor_match,GABA,1030,fenyves_2020_polarity
AVJR,RID,mixed,both_excitatory_and_inhibitory_receptors,GABA,1031,fenyves_2020_polarity
AVJR,SABVL,inhibitory,receptor_match,GABA,1032,fenyves_2020_polarity
AVKL,AVBL,unknown,no_receptor_match_found,,1033,fenyves_2020_polarity
AVKL,AVEL,unknown,no_receptor_match_found,,1034,fenyves_2020_polarity
AVKL,AVER,unknown,no_receptor_match_found,,1035,fenyves_2020_polarity
AVKL,AVM,unknown,no_receptor_match_found,,1036,fenyves_2020_polarity
AVKL,DVA,unknown,no_receptor_match_found,,1037,fenyves_2020_polarity
AVKL,RIML,unknown,no_receptor_match_found,,1038,fenyves_2020_polarity
AVKL,RIMR,unknown,no_receptor_match_found,,1039,fenyves_2020_polarity
AVKL,RIVL,unknown,no_receptor_match_found,,1040,fenyves_2020_polarity
AVKL,RMDL,unknown,no_receptor_match_found,,1041,fenyves_2020_polarity
AVKL,RMFL,unknown,no_receptor_match_found,,1042,fenyves_2020_polarity
AVKL,SAADL,unknown,no_receptor_match_found,,1043,fenyves_2020_polarity
AVKL,SAADR,unknown,no_receptor_match_found,,1044,fenyves_2020_polarity
AVKL,SAAVL,unknown,no_receptor_match_found,,1045,fenyves_2020_polarity
AVKL,SIAVR,unknown,no_receptor_match_found,,1046,fenyves_2020_polarity
AVKL,SIBVR,unknown,no_receptor_match_found,,1047,fenyves_2020_polarity
AVKR,AVKL,unknown,no_receptor_match_found,,1048,fenyves_2020_polarity
AVKR,BDUL,unknown,no_receptor_match_found,,1049,fenyves_2020_polarity
AVKR,PVPL,unknown,no_receptor_match_found,,1050,fenyves_2020_polarity
AVKR,PVQL,unknown,no_receptor_match_found,,1051,fenyves_2020_polarity
AVKR,RIGL,unknown,no_receptor_match_found,,1052,fenyves_2020_polarity
AVKR,RIML,unknown,no_receptor_match_found,,1053,fenyves_2020_polarity
AVKR,RIMR,unknown,no_receptor_match_found,,1054,fenyves_2020_polarity
AVKR,RMDL,unknown,no_receptor_match_found,,1055,fenyves_2020_polarity
AVKR,RMDR,unknown,no_receptor_match_found,,1056,fenyves_2020_polarity
AVKR,RMFL,unknown,no_receptor_match_found,,1057,fenyves_2020_polarity
AVKR,RMGL,unknown,no_receptor_match_found,,1058,fenyves_2020_polarity
AVKR,RMHR,unknown,no_receptor_match_found,,1059,fenyves_2020_polarity
AVKR,SAADL,unknown,no_receptor_match_found,,1060,fenyves_2020_polarity
AVKR,SIADL,unknown,no_receptor_match_found,,1061,fenyves_2020_polarity
AVKR,SMBDL,unknown,no_receptor_match_found,,1062,fenyves_2020_polarity
AVKR,SMDDR,unknown,no_receptor_match_found,,1063,fenyves_2020_polarity
AVKR,SMDVR,unknown,no_receptor_match_found,,1064,fenyves_2020_polarity
AVL,AVEL,inhibitory,receptor_match,GABA,1065,fenyves_2020_polarity
AVL,AVKR,unknown,no_receptor_match_found,GABA,1066,fenyves_2020_polarity
AVL,DD1,unknown,no_receptor_match_found,GABA,1067,fenyves_2020_polarity
AVL,DD6,unknown,no_receptor_match_found,GABA,1068,fenyves_2020_polarity
AVL,DVB,unknown,no_receptor_match_found,GABA,1069,fenyves_2020_polarity
AVL,DVC,unknown,no_receptor_match_found,GABA,1070,fenyves_2020_polarity
AVL,HSNR,inhibitory,receptor_match,GABA,1071,fenyves_2020_polarity
AVL,PVPR,unknown,no_receptor_match_found,GABA,1072,fenyves_2020_polarity
AVL,PVWL,inhibitory,receptor_match,GABA,1073,fenyves_2020_polarity
AVL,RIMR,unknown,no_receptor_match_found,GABA,1074,fenyves_2020_polarity
AVL,RIS,inhibitory,receptor_match,GABA,1075,fenyves_2020_polarity
AVL,SABD,mixed,both_excitatory_and_inhibitory_receptors,GABA,1076,fenyves_2020_polarity
AVL,SABVL,inhibitory,receptor_match,GABA,1077,fenyves_2020_polarity
AVL,SABVR,inhibitory,receptor_match,GABA,1078,fenyves_2020_polarity
AVL,VC1,inhibitory,receptor_match,GABA,1079,fenyves_2020_polarity
AVL,VC2,inhibitory,receptor_match,GABA,1080,fenyves_2020_polarity
AVL,VC6,inhibitory,receptor_match,GABA,1081,fenyves_2020_polarity
AVL,VD12,unknown,no_receptor_match_found,GABA,1082,fenyves_2020_polarity
AVM,ADER,unknown,no_receptor_match_found,Glu,1083,fenyves_2020_polarity
AVM,AVBL,excitatory,receptor_match,Glu,1084,fenyves_2020_polarity
AVM,AVBR,excitatory,receptor_match,Glu,1085,fenyves_2020_polarity
AVM,AVDL,excitatory,receptor_match,Glu,1086,fenyves_2020_polarity
AVM,AVDR,excitatory,receptor_match,Glu,1087,fenyves_2020_polarity
AVM,AVHL,excitatory,receptor_match,Glu,1088,fenyves_2020_polarity
AVM,AVJR,excitatory,receptor_match,Glu,1089,fenyves_2020_polarity
AVM,AVKL,excitatory,receptor_match,Glu,1090,fenyves_2020_polarity
AVM,BDUL,excitatory,receptor_match,Glu,1091,fenyves_2020_polarity
AVM,BDUR,excitatory,receptor_match,Glu,1092,fenyves_2020_polarity
AVM,DA1,unknown,no_receptor_match_found,Glu,1093,fenyves_2020_polarity
AVM,PVCL,excitatory,receptor_match,Glu,1094,fenyves_2020_polarity
AVM,PVCR,excitatory,receptor_match,Glu,1095,fenyves_2020_polarity
AVM,PVNL,excitatory,receptor_match,Glu,1096,fenyves_2020_polarity
AVM,PVNR,excitatory,receptor_match,Glu,1097,fenyves_2020_polarity
AVM,PVR,unknown,no_receptor_match_found,Glu,1098,fenyves_2020_polarity
AVM,RID,unknown,no_receptor_match_found,Glu,1099,fenyves_2020_polarity
AVM,SIBVL,excitatory,receptor_match,Glu,1100,fenyves_2020_polarity
AVM,VA2,unknown,no_receptor_match_found,Glu,1101,fenyves_2020_polarity
AVM,VB3,excitatory,receptor_match,Glu,1102,fenyves_2020_polarity
AWAL,ADAL,unknown,no_receptor_match_found,,1103,fenyves_2020_polarity
AWAL,AFDL,unknown,no_receptor_match_found,,1104,fenyves_2020_polarity
AWAL,AIYL,unknown,no_receptor_match_found,,1105,fenyves_2020_polarity
AWAL,AIZL,unknown,no_receptor_match_found,,1106,fenyves_2020_polarity
AWAL,ASEL,unknown,no_receptor_match_found,,1107,fenyves_2020_polarity
AWAL,ASGL,unknown,no_receptor_match_found,,1108,fenyves_2020_polarity
AWAL,ASHL,unknown,no_receptor_match_found,,1109,fenyves_2020_polarity
AWAL,AWBL,unknown,no_receptor_match_found,,1110,fenyves_2020_polarity
AWAR,ADFR,unknown,no_receptor_match_found,,1111,fenyves_2020_polarity
AWAR,AFDR,unknown,no_receptor_match_found,,1112,fenyves_2020_polarity
AWAR,AIAR,unknown,no_receptor_match_found,,1113,fenyves_2020_polarity
AWAR,AIYR,unknown,no_receptor_match_found,,1114,fenyves_2020_polarity
AWAR,AIZR,unknown,no_receptor_match_found,,1115,fenyves_2020_polarity
AWAR,ASER,unknown,no_receptor_match_found,,1116,fenyves_2020_polarity
AWAR,ASGR,unknown,no_receptor_match_found,,1117,fenyves_2020_polarity
AWAR,ASIL,unknown,no_receptor_match_found,,1118,fenyves_2020_polarity
AWAR,AUAR,unknown,no_receptor_match_found,,1119,fenyves_2020_polarity
AWAR,AWBR,unknown,no_receptor_match_found,,1120,fenyves_2020_polarity
AWAR,RIFR,unknown,no_receptor_match_found,,1121,fenyves_2020_polarity
AWAR,RIGR,unknown,no_receptor_match_found,,1122,fenyves_2020_polarity
AWAR,RIR,unknown,no_receptor_match_found,,1123,fenyves_2020_polarity
AWBL,ADFL,unknown,no_receptor_match_found,ACh,1124,fenyves_2020_polarity
AWBL,AIAL,unknown,no_receptor_match_found,ACh,1125,fenyves_2020_polarity
AWBL,AIBR,inhibitory,receptor_match,ACh,1126,fenyves_2020_polarity
AWBL,AIYL,excitatory,receptor_match,ACh,1127,fenyves_2020_polarity
AWBL,AIZL,inhibitory,receptor_match,ACh,1128,fenyves_2020_polarity
AWBL,ASEL,unknown,no_receptor_match_found,ACh,1129,fenyves_2020_polarity
AWBL,ASHL,unknown,no_receptor_match_found,ACh,1130,fenyves_2020_polarity
AWBL,AVBL,excitatory,receptor_match,ACh,1131,fenyves_2020_polarity
AWBL,AVHR,unknown,no_receptor_match_found,ACh,1132,fenyves_2020_polarity
AWBL,AWAL,unknown,no_receptor_match_found,ACh,1133,fenyves_2020_polarity
AWBL,AWCL,unknown,no_receptor_match_found,ACh,1134,fenyves_2020_polarity
AWBL,HSNL,excitatory,receptor_match,ACh,1135,fenyves_2020_polarity
AWBL,RIAL,inhibitory,receptor_match,ACh,1136,fenyves_2020_polarity
AWBL,RIGL,mixed,both_excitatory_and_inhibitory_receptors,ACh,1137,fenyves_2020_polarity
AWBL,SMBDL,inhibitory,receptor_match,ACh,1138,fenyves_2020_polarity
AWBL,SMBVL,inhibitory,receptor_match,ACh,1139,fenyves_2020_polarity
AWBR,ADFR,unknown,no_receptor_match_found,ACh,1140,fenyves_2020_polarity
AWBR,AIMR,unknown,no_receptor_match_found,ACh,1141,fenyves_2020_polarity
AWBR,AIYR,excitatory,receptor_match,ACh,1142,fenyves_2020_polarity
AWBR,AIZR,inhibitory,receptor_match,ACh,1143,fenyves_2020_polarity
AWBR,ASER,unknown,no_receptor_match_found,ACh,1144,fenyves_2020_polarity
AWBR,ASGR,unknown,no_receptor_match_found,ACh,1145,fenyves_2020_polarity
AWBR,ASHR,unknown,no_receptor_match_found,ACh,1146,fenyves_2020_polarity
AWBR,AVBR,excitatory,receptor_match,ACh,1147,fenyves_2020_polarity
AWBR,HSNL,excitatory,receptor_match,ACh,1148,fenyves_2020_polarity
AWBR,HSNR,excitatory,receptor_match,ACh,1149,fenyves_2020_polarity
AWBR,OLQVR,unknown,no_receptor_match_found,ACh,1150,fenyves_2020_polarity
AWBR,RIAR,inhibitory,receptor_match,ACh,1151,fenyves_2020_polarity
AWBR,RIFR,unknown,no_receptor_match_found,ACh,1152,fenyves_2020_polarity
AWBR,RIR,unknown,no_receptor_match_found,ACh,1153,fenyves_2020_polarity
AWBR,URYVR,unknown,no_receptor_match_found,ACh,1154,fenyves_2020_polarity
AWCL,AFDL,unknown,no_receptor_match_found,Glu,1155,fenyves_2020_polarity
AWCL,AIAL,mixed,both_excitatory_and_inhibitory_receptors,Glu,1156,fenyves_2020_polarity
AWCL,AIAR,mixed,both_excitatory_and_inhibitory_receptors,Glu,1157,fenyves_2020_polarity
AWCL,AIBL,excitatory,receptor_match,Glu,1158,fenyves_2020_polarity
AWCL,AIBR,excitatory,receptor_match,Glu,1159,fenyves_2020_polarity
AWCL,AIYL,inhibitory,receptor_match,Glu,1160,fenyves_2020_polarity
AWCL,AIZL,unknown,no_receptor_match_found,Glu,1161,fenyves_2020_polarity
AWCL,ASER,unknown,no_receptor_match_found,Glu,1162,fenyves_2020_polarity
AWCL,ASGR,unknown,no_receptor_match_found,Glu,1163,fenyves_2020_polarity
AWCL,ASIL,unknown,no_receptor_match_found,Glu,1164,fenyves_2020_polarity
AWCL,AVAL,excitatory,receptor_match,Glu,1165,fenyves_2020_polarity
AWCL,AWCR,unknown,no_receptor_match_found,Glu,1166,fenyves_2020_polarity
AWCL,RIAL,mixed,both_excitatory_and_inhibitory_receptors,Glu,1167,fenyves_2020_polarity
AWCL,SMDVL,excitatory,receptor_match,Glu,1168,fenyves_2020_polarity
AWCR,ADFR,unknown,no_receptor_match_found,Glu,1169,fenyves_2020_polarity
AWCR,AIAL,mixed,both_excitatory_and_inhibitory_receptors,Glu,1170,fenyves_2020_polarity
AWCR,AIAR,mixed,both_excitatory_and_inhibitory_receptors,Glu,1171,fenyves_2020_polarity
AWCR,AIBL,excitatory,receptor_match,Glu,1172,fenyves_2020_polarity
AWCR,AIBR,excitatory,receptor_match,Glu,1173,fenyves_2020_polarity
AWCR,AIYL,inhibitory,receptor_match,Glu,1174,fenyves_2020_polarity
AWCR,AIYR,inhibitory,receptor_match,Glu,1175,fenyves_2020_polarity
AWCR,ASEL,unknown,no_receptor_match_found,Glu,1176,fenyves_2020_polarity
AWCR,ASER,unknown,no_receptor_match_found,Glu,1177,fenyves_2020_polarity
AWCR,ASGR,unknown,no_receptor_match_found,Glu,1178,fenyves_2020_polarity
AWCR,ASHR,unknown,no_receptor_match_found,Glu,1179,fenyves_2020_polarity
AWCR,ASIL,unknown,no_receptor_match_found,Glu,1180,fenyves_2020_polarity
AWCR,ASIR,unknown,no_receptor_match_found,Glu,1181,fenyves_2020_polarity
AWCR,AWCL,unknown,no_receptor_match_found,Glu,1182,fenyves_2020_polarity
AWCR,IL2L,unknown,no_receptor_match_found,Glu,1183,fenyves_2020_polarity
AWCR,RIAL,mixed,both_excitatory_and_inhibitory_receptors,Glu,1184,fenyves_2020_polarity
AWCR,RIVL,unknown,no_receptor_match_found,Glu,1185,fenyves_2020_polarity
BAGL,ADFR,unknown,no_receptor_match_found,Glu,1186,fenyves_2020_polarity
BAGL,AIBL,excitatory,receptor_match,Glu,1187,fenyves_2020_polarity
BAGL,AINL,unknown,no_receptor_match_found,Glu,1188,fenyves_2020_polarity
BAGL,AIZR,unknown,no_receptor_match_found,Glu,1189,fenyves_2020_polarity
BAGL,AUAR,excitatory,receptor_match,Glu,1190,fenyves_2020_polarity
BAGL,AVAR,excitatory,receptor_match,Glu,1191,fenyves_2020_polarity
BAGL,AVEL,excitatory,receptor_match,Glu,1192,fenyves_2020_polarity
BAGL,AVER,excitatory,receptor_match,Glu,1193,fenyves_2020_polarity
BAGL,BAGR,unknown,no_receptor_match_found,Glu,1194,fenyves_2020_polarity
BAGL,CEPVR,unknown,no_receptor_match_found,Glu,1195,fenyves_2020_polarity
BAGL,RIAR,mixed,both_excitatory_and_inhibitory_receptors,Glu,1196,fenyves_2020_polarity
BAGL,RIBR,mixed,both_excitatory_and_inhibitory_receptors,Glu,1197,fenyves_2020_polarity
BAGL,RID,unknown,no_receptor_match_found,Glu,1198,fenyves_2020_polarity
BAGL,RIGL,excitatory,receptor_match,Glu,1199,fenyves_2020_polarity
BAGL,RIGR,excitatory,receptor_match,Glu,1200,fenyves_2020_polarity
BAGL,RIPR,unknown,no_receptor_match_found,Glu,1201,fenyves_2020_polarity
BAGL,RIVR,unknown,no_receptor_match_found,Glu,1202,fenyves_2020_polarity
BAGL,URAVR,excitatory,receptor_match,Glu,1203,fenyves_2020_polarity
BAGL,URXR,unknown,no_receptor_match_found,Glu,1204,fenyves_2020_polarity
BAGR,AIYL,inhibitory,receptor_match,Glu,1205,fenyves_2020_polarity
BAGR,AQR,unknown,no_receptor_match_found,Glu,1206,fenyves_2020_polarity
BAGR,AVAL,excitatory,receptor_match,Glu,1207,fenyves_2020_polarity
BAGR,AVEL,excitatory,receptor_match,Glu,1208,fenyves_2020_polarity
BAGR,BAGL,unknown,no_receptor_match_found,Glu,1209,fenyves_2020_polarity
BAGR,OLQVL,unknown,no_receptor_match_found,Glu,1210,fenyves_2020_polarity
BAGR,RIAL,mixed,both_excitatory_and_inhibitory_receptors,Glu,1211,fenyves_2020_polarity
BAGR,RIBL,mixed,both_excitatory_and_inhibitory_receptors,Glu,1212,fenyves_2020_polarity
BAGR,RIBR,mixed,both_excitatory_and_inhibitory_receptors,Glu,1213,fenyves_2020_polarity
BAGR,RIGL,excitatory,receptor_match,Glu,1214,fenyves_2020_polarity
BAGR,SMDVL,excitatory,receptor_match,Glu,1215,fenyves_2020_polarity
BDUL,ADAL,unknown,no_receptor_match_found,,1216,fenyves_2020_polarity
BDUL,ADEL,unknown,no_receptor_match_found,,1217,fenyves_2020_polarity
BDUL,ALML,unknown,no_receptor_match_found,,1218,fenyves_2020_polarity
BDUL,AVHL,unknown,no_receptor_match_found,,1219,fenyves_2020_polarity
BDUL,AVJR,unknown,no_receptor_match_found,,1220,fenyves_2020_polarity
BDUL,HSNL,unknown,no_receptor_match_found,,1221,fenyves_2020_polarity
BDUL,PVNL,unknown,no_receptor_match_found,,1222,fenyves_2020_polarity
BDUL,PVNR,unknown,no_receptor_match_found,,1223,fenyves_2020_polarity
BDUL,RIFL,unknown,no_receptor_match_found,,1224,fenyves_2020_polarity
BDUL,RMGL,unknown,no_receptor_match_found,,1225,fenyves_2020_polarity
BDUL,SAADL,unknown,no_receptor_match_found,,1226,fenyves_2020_polarity
BDUL,URADL,unknown,no_receptor_match_found,,1227,fenyves_2020_polarity
BDUR,ADER,unknown,no_receptor_match_found,,1228,fenyves_2020_polarity
BDUR,ALMR,unknown,no_receptor_match_found,,1229,fenyves_2020_polarity
BDUR,AVAL,unknown,no_receptor_match_found,,1230,fenyves_2020_polarity
BDUR,AVBR,unknown,no_receptor_match_found,,1231,fenyves_2020_polarity
BDUR,AVHL,unknown,no_receptor_match_found,,1232,fenyves_2020_polarity
BDUR,AVJL,unknown,no_receptor_match_found,,1233,fenyves_2020_polarity
BDUR,CEPVR,unknown,no_receptor_match_found,,1234,fenyves_2020_polarity
BDUR,HSNR,unknown,no_receptor_match_found,,1235,fenyves_2020_polarity
BDUR,PVCL,unknown,no_receptor_match_found,,1236,fenyves_2020_polarity
BDUR,PVNL,unknown,no_receptor_match_found,,1237,fenyves_2020_polarity
BDUR,PVNR,unknown,no_receptor_match_found,,1238,fenyves_2020_polarity
BDUR,SDQL,unknown,no_receptor_match_found,,1239,fenyves_2020_polarity
BDUR,URADR,unknown,no_receptor_match_found,,1240,fenyves_2020_polarity
CEPDL,AFDL,unknown,no_receptor_match_found,,1241,fenyves_2020_polarity
CEPDL,AINL,unknown,no_receptor_match_found,,1242,fenyves_2020_polarity
CEPDL,ALML,unknown,no_receptor_match_found,,1243,fenyves_2020_polarity
CEPDL,AVER,unknown,no_receptor_match_found,,1244,fenyves_2020_polarity
CEPDL,CEPDR,unknown,no_receptor_match_found,,1245,fenyves_2020_polarity
CEPDL,IL1DL,unknown,no_receptor_match_found,,1246,fenyves_2020_polarity
CEPDL,IL2DL,unknown,no_receptor_match_found,,1247,fenyves_2020_polarity
CEPDL,OLLL,unknown,no_receptor_match_found,,1248,fenyves_2020_polarity
CEPDL,OLQDL,unknown,no_receptor_match_found,,1249,fenyves_2020_polarity
CEPDL,RIBL,unknown,no_receptor_match_found,,1250,fenyves_2020_polarity
CEPDL,RICL,unknown,no_receptor_match_found,,1251,fenyves_2020_polarity
CEPDL,RICR,unknown,no_receptor_match_found,,1252,fenyves_2020_polarity
CEPDL,RIH,unknown,no_receptor_match_found,,1253,fenyves_2020_polarity
CEPDL,RIPL,unknown,no_receptor_match_found,,1254,fenyves_2020_polarity
CEPDL,RIS,unknown,no_receptor_match_found,,1255,fenyves_2020_polarity
CEPDL,RMDVL,unknown,no_receptor_match_found,,1256,fenyves_2020_polarity
CEPDL,RMGL,unknown,no_receptor_match_found,,1257,fenyves_2020_polarity
CEPDL,RMHL,unknown,no_receptor_match_found,,1258,fenyves_2020_polarity
CEPDL,RMHR,unknown,no_receptor_match_found,,1259,fenyves_2020_polarity
CEPDL,SIADR,unknown,no_receptor_match_found,,1260,fenyves_2020_polarity
CEPDL,SIBDL,unknown,no_receptor_match_found,,1261,fenyves_2020_polarity
CEPDL,SIBVR,unknown,no_receptor_match_found,,1262,fenyves_2020_polarity
CEPDL,SMBDR,unknown,no_receptor_match_found,,1263,fenyves_2020_polarity
CEPDL,URADL,unknown,no_receptor_match_found,,1264,fenyves_2020_polarity
CEPDL,URBL,unknown,no_receptor_match_found,,1265,fenyves_2020_polarity
CEPDL,URYDL,unknown,no_receptor_match_found,,1266,fenyves_2020_polarity
CEPDR,AVEL,unknown,no_receptor_match_found,,1267,fenyves_2020_polarity
CEPDR,BDUR,unknown,no_receptor_match_found,,1268,fenyves_2020_polarity
CEPDR,CEPDR,unknown,no_receptor_match_found,,1269,fenyves_2020_polarity
CEPDR,IL1DR,unknown,no_receptor_match_found,,1270,fenyves_2020_polarity
CEPDR,IL1R,unknown,no_receptor_match_found,,1271,fenyves_2020_polarity
CEPDR,OLLR,unknown,no_receptor_match_found,,1272,fenyves_2020_polarity
CEPDR,OLQDR,unknown,no_receptor_match_found,,1273,fenyves_2020_polarity
CEPDR,RICL,unknown,no_receptor_match_found,,1274,fenyves_2020_polarity
CEPDR,RICR,unknown,no_receptor_match_found,,1275,fenyves_2020_polarity
CEPDR,RIFR,unknown,no_receptor_match_found,,1276,fenyves_2020_polarity
CEPDR,RIH,unknown,no_receptor_match_found,,1277,fenyves_2020_polarity
CEPDR,RMDR,unknown,no_receptor_match_found,,1278,fenyves_2020_polarity
CEPDR,RMDVR,unknown,no_receptor_match_found,,1279,fenyves_2020_polarity
CEPDR,RMGR,unknown,no_receptor_match_found,,1280,fenyves_2020_polarity
CEPDR,RMHL,unknown,no_receptor_match_found,,1281,fenyves_2020_polarity
CEPDR,RMHR,unknown,no_receptor_match_found,,1282,fenyves_2020_polarity
CEPDR,SIBDR,unknown,no_receptor_match_found,,1283,fenyves_2020_polarity
CEPDR,SMBDL,unknown,no_receptor_match_found,,1284,fenyves_2020_polarity
CEPDR,URADR,unknown,no_receptor_match_found,,1285,fenyves_2020_polarity
CEPDR,URBR,unknown,no_receptor_match_found,,1286,fenyves_2020_polarity
CEPDR,URXR,unknown,no_receptor_match_found,,1287,fenyves_2020_polarity
CEPDR,URYDR,unknown,no_receptor_match_found,,1288,fenyves_2020_polarity
CEPVL,AVER,unknown,no_receptor_match_found,,1289,fenyves_2020_polarity
CEPVL,IL1VL,unknown,no_receptor_match_found,,1290,fenyves_2020_polarity
CEPVL,OLLL,unknown,no_receptor_match_found,,1291,fenyves_2020_polarity
CEPVL,OLQVL,unknown,no_receptor_match_found,,1292,fenyves_2020_polarity
CEPVL,PVR,unknown,no_receptor_match_found,,1293,fenyves_2020_polarity
CEPVL,RIAL,unknown,no_receptor_match_found,,1294,fenyves_2020_polarity
CEPVL,RIBL,unknown,no_receptor_match_found,,1295,fenyves_2020_polarity
CEPVL,RICL,unknown,no_receptor_match_found,,1296,fenyves_2020_polarity
CEPVL,RICR,unknown,no_receptor_match_found,,1297,fenyves_2020_polarity
CEPVL,RIPL,unknown,no_receptor_match_found,,1298,fenyves_2020_polarity
CEPVL,RMDDL,unknown,no_receptor_match_found,,1299,fenyves_2020_polarity
CEPVL,RMDVR,unknown,no_receptor_match_found,,1300,fenyves_2020_polarity
CEPVL,RMGL,unknown,no_receptor_match_found,,1301,fenyves_2020_polarity
CEPVL,RMHL,unknown,no_receptor_match_found,,1302,fenyves_2020_polarity
CEPVL,RMHR,unknown,no_receptor_match_found,,1303,fenyves_2020_polarity
CEPVL,SIAVL,unknown,no_receptor_match_found,,1304,fenyves_2020_polarity
CEPVL,SMBVL,unknown,no_receptor_match_found,,1305,fenyves_2020_polarity
CEPVL,SMDVR,unknown,no_receptor_match_found,,1306,fenyves_2020_polarity
CEPVL,URAVL,unknown,no_receptor_match_found,,1307,fenyves_2020_polarity
CEPVL,URXL,unknown,no_receptor_match_found,,1308,fenyves_2020_polarity
CEPVL,URYVL,unknown,no_receptor_match_found,,1309,fenyves_2020_polarity
CEPVR,ADLR,unknown,no_receptor_match_found,,1310,fenyves_2020_polarity
CEPVR,ASGR,unknown,no_receptor_match_found,,1311,fenyves_2020_polarity
CEPVR,AVEL,unknown,no_receptor_match_found,,1312,fenyves_2020_polarity
CEPVR,CEPDR,unknown,no_receptor_match_found,,1313,fenyves_2020_polarity
CEPVR,IL1VR,unknown,no_receptor_match_found,,1314,fenyves_2020_polarity
CEPVR,IL2VR,unknown,no_receptor_match_found,,1315,fenyves_2020_polarity
CEPVR,OLLR,unknown,no_receptor_match_found,,1316,fenyves_2020_polarity
CEPVR,OLQVR,unknown,no_receptor_match_found,,1317,fenyves_2020_polarity
CEPVR,RIAL,unknown,no_receptor_match_found,,1318,fenyves_2020_polarity
CEPVR,RIAR,unknown,no_receptor_match_found,,1319,fenyves_2020_polarity
CEPVR,RICL,unknown,no_receptor_match_found,,1320,fenyves_2020_polarity
CEPVR,RICR,unknown,no_receptor_match_found,,1321,fenyves_2020_polarity
CEPVR,RIPR,unknown,no_receptor_match_found,,1322,fenyves_2020_polarity
CEPVR,RIVL,unknown,no_receptor_match_found,,1323,fenyves_2020_polarity
CEPVR,RMDDR,unknown,no_receptor_match_found,,1324,fenyves_2020_polarity
CEPVR,RMHR,unknown,no_receptor_match_found,,1325,fenyves_2020_polarity
CEPVR,SIAVR,unknown,no_receptor_match_found,,1326,fenyves_2020_polarity
CEPVR,SMBVR,unknown,no_receptor_match_found,,1327,fenyves_2020_polarity
CEPVR,SMDDR,unknown,no_receptor_match_found,,1328,fenyves_2020_polarity
CEPVR,URAVR,unknown,no_receptor_match_found,,1329,fenyves_2020_polarity
CEPVR,URYVR,unknown,no_receptor_match_found,,1330,fenyves_2020_polarity
DA1,AS1,excitatory,receptor_match,ACh,1331,fenyves_2020_polarity
DA1,DB1,excitatory,receptor_match,ACh,1332,fenyves_2020_polarity
DA1,DD1,excitatory,receptor_match,ACh,1333,fenyves_2020_polarity
DA1,FLPR,excitatory,receptor_match,ACh,1334,fenyves_2020_polarity
DA1,VD2,excitatory,receptor_match,ACh,1335,fenyves_2020_polarity
DA2,AS2,excitatory,receptor_match,ACh,1336,fenyves_2020_polarity
DA2,DA3,excitatory,receptor_match,ACh,1337,fenyves_2020_polarity
DA2,DB1,excitatory,receptor_match,ACh,1338,fenyves_2020_polarity
DA2,DD1,excitatory,receptor_match,ACh,1339,fenyves_2020_polarity
DA2,VD2,excitatory,receptor_match,ACh,1340,fenyves_2020_polarity
DA2,VD3,excitatory,receptor_match,ACh,1341,fenyves_2020_polarity
DA3,AS4,excitatory,receptor_match,ACh,1342,fenyves_2020_polarity
DA3,DA4,excitatory,receptor_match,ACh,1343,fenyves_2020_polarity
DA3,DB3,excitatory,receptor_match,ACh,1344,fenyves_2020_polarity
DA3,DD2,excitatory,receptor_match,ACh,1345,fenyves_2020_polarity
DA3,VD3,excitatory,receptor_match,ACh,1346,fenyves_2020_polarity
DA3,VD4,excitatory,receptor_match,ACh,1347,fenyves_2020_polarity
DA4,DB2,excitatory,receptor_match,ACh,1348,fenyves_2020_polarity
DA4,DD2,excitatory,receptor_match,ACh,1349,fenyves_2020_polarity
DA4,VD4,excitatory,receptor_match,ACh,1350,fenyves_2020_polarity
DA4,VD5,excitatory,receptor_match,ACh,1351,fenyves_2020_polarity
DA5,DA4,excitatory,receptor_match,ACh,1352,fenyves_2020_polarity
DA5,DB4,excitatory,receptor_match,ACh,1353,fenyves_2020_polarity
DA5,DD3,excitatory,receptor_match,ACh,1354,fenyves_2020_polarity
DA5,VD5,excitatory,receptor_match,ACh,1355,fenyves_2020_polarity
DA5,VD6,excitatory,receptor_match,ACh,1356,fenyves_2020_polarity
DA6,DA5,excitatory,receptor_match,ACh,1357,fenyves_2020_polarity
DA6,DB5,excitatory,receptor_match,ACh,1358,fenyves_2020_polarity
DA6,DD3,excitatory,receptor_match,ACh,1359,fenyves_2020_polarity
DA6,VD4,excitatory,receptor_match,ACh,1360,fenyves_2020_polarity
DA6,VD5,excitatory,receptor_match,ACh,1361,fenyves_2020_polarity
DA6,VD6,excitatory,receptor_match,ACh,1362,fenyves_2020_polarity
DA6,VD7,excitatory,receptor_match,ACh,1363,fenyves_2020_polarity
DA7,DA6,excitatory,receptor_match,ACh,1364,fenyves_2020_polarity
DA7,DB6,excitatory,receptor_match,ACh,1365,fenyves_2020_polarity
DA7,DD4,excitatory,receptor_match,ACh,1366,fenyves_2020_polarity
DA7,VD7,excitatory,receptor_match,ACh,1367,fenyves_2020_polarity
DA7,VD8,excitatory,receptor_match,ACh,1368,fenyves_2020_polarity
DA7,VD9,excitatory,receptor_match,ACh,1369,fenyves_2020_polarity
DA8,DA7,excitatory,receptor_match,ACh,1370,fenyves_2020_polarity
DA8,DB7,excitatory,receptor_match,ACh,1371,fenyves_2020_polarity
DA8,DD4,excitatory,receptor_match,ACh,1372,fenyves_2020_polarity
DA8,DD5,excitatory,receptor_match,ACh,1373,fenyves_2020_polarity
DA8,VD10,excitatory,receptor_match,ACh,1376,fenyves_2020_polarity
DA8,VD11,excitatory,receptor_match,ACh,1377,fenyves_2020_polarity
DA8,VD12,excitatory,receptor_match,ACh,1378,fenyves_2020_polarity
DA8,VD13,excitatory,receptor_match,ACh,1379,fenyves_2020_polarity
DA8,VD8,excitatory,receptor_match,ACh,1374,fenyves_2020_polarity
DA8,VD9,excitatory,receptor_match,ACh,1375,fenyves_2020_polarity
DA9,AS11,excitatory,receptor_match,ACh,1380,fenyves_2020_polarity
DA9,DA8,excitatory,receptor_match,ACh,1381,fenyves_2020_polarity
DA9,DB7,excitatory,receptor_match,ACh,1382,fenyves_2020_polarity
DA9,DD6,excitatory,receptor_match,ACh,1383,fenyves_2020_polarity
DA9,DVA,excitatory,receptor_match,ACh,1384,fenyves_2020_polarity
DA9,VA12,excitatory,receptor_match,ACh,1385,fenyves_2020_polarity
DA9,VD10,excitatory,receptor_match,ACh,1387,fenyves_2020_polarity
DA9,VD11,excitatory,receptor_match,ACh,1388,fenyves_2020_polarity
DA9,VD12,excitatory,receptor_match,ACh,1389,fenyves_2020_polarity
DA9,VD13,excitatory,receptor_match,ACh,1390,fenyves_2020_polarity
DA9,VD9,excitatory,receptor_match,ACh,1386,fenyves_2020_polarity
DB1,AS1,excitatory,receptor_match,ACh,1391,fenyves_2020_polarity
DB1,AS2,excitatory,receptor_match,ACh,1392,fenyves_2020_polarity
DB1,DA1,excitatory,receptor_match,ACh,1393,fenyves_2020_polarity
DB1,DA2,excitatory,receptor_match,ACh,1394,fenyves_2020_polarity
DB1,DD1,excitatory,receptor_match,ACh,1395,fenyves_2020_polarity
DB1,FLPR,excitatory,receptor_match,ACh,1396,fenyves_2020_polarity
DB1,RID,excitatory,receptor_match,ACh,1397,fenyves_2020_polarity
DB1,VD2,excitatory,receptor_match,ACh,1398,fenyves_2020_polarity
DB1,VD3,excitatory,receptor_match,ACh,1399,fenyves_2020_polarity
DB2,AS3,excitatory,receptor_match,ACh,1400,fenyves_2020_polarity
DB2,AS4,excitatory,receptor_match,ACh,1401,fenyves_2020_polarity
DB2,DA2,excitatory,receptor_match,ACh,1402,fenyves_2020_polarity
DB2,DA3,excitatory,receptor_match,ACh,1403,fenyves_2020_polarity
DB2,DA4,excitatory,receptor_match,ACh,1404,fenyves_2020_polarity
DB2,DD1,excitatory,receptor_match,ACh,1405,fenyves_2020_polarity
DB2,DD2,excitatory,receptor_match,ACh,1406,fenyves_2020_polarity
DB2,VD3,excitatory,receptor_match,ACh,1407,fenyves_2020_polarity
DB2,VD4,excitatory,receptor_match,ACh,1408,fenyves_2020_polarity
DB3,AS4,excitatory,receptor_match,ACh,1409,fenyves_2020_polarity
DB3,AS5,excitatory,receptor_match,ACh,1410,fenyves_2020_polarity
DB3,DA4,excitatory,receptor_match,ACh,1411,fenyves_2020_polarity
DB3,DA5,excitatory,receptor_match,ACh,1412,fenyves_2020_polarity
DB3,DD2,excitatory,receptor_match,ACh,1413,fenyves_2020_polarity
DB3,DD3,excitatory,receptor_match,ACh,1414,fenyves_2020_polarity
DB3,DD5,excitatory,receptor_match,ACh,1415,fenyves_2020_polarity
DB3,VD4,excitatory,receptor_match,ACh,1416,fenyves_2020_polarity
DB3,VD5,excitatory,receptor_match,ACh,1417,fenyves_2020_polarity
DB3,VD6,excitatory,receptor_match,ACh,1418,fenyves_2020_polarity
DB4,AS6,excitatory,receptor_match,ACh,1419,fenyves_2020_polarity
DB4,DA5,excitatory,receptor_match,ACh,1420,fenyves_2020_polarity
DB4,DD3,excitatory,receptor_match,ACh,1421,fenyves_2020_polarity
DB4,DD4,excitatory,receptor_match,ACh,1422,fenyves_2020_polarity
DB4,DD5,excitatory,receptor_match,ACh,1423,fenyves_2020_polarity
DB4,DD6,excitatory,receptor_match,ACh,1424,fenyves_2020_polarity
DB4,VD6,excitatory,receptor_match,ACh,1425,fenyves_2020_polarity
DB5,AS7,excitatory,receptor_match,ACh,1426,fenyves_2020_polarity
DB5,AS8,excitatory,receptor_match,ACh,1427,fenyves_2020_polarity
DB5,DA6,excitatory,receptor_match,ACh,1428,fenyves_2020_polarity
DB5,DA7,excitatory,receptor_match,ACh,1429,fenyves_2020_polarity
DB5,DA8,excitatory,receptor_match,ACh,1430,fenyves_2020_polarity
DB5,VD4,excitatory,receptor_match,ACh,1431,fenyves_2020_polarity
DB5,VD5,excitatory,receptor_match,ACh,1432,fenyves_2020_polarity
DB5,VD6,excitatory,receptor_match,ACh,1433,fenyves_2020_polarity
DB5,VD7,excitatory,receptor_match,ACh,1434,fenyves_2020_polarity
DB6,AS8,excitatory,receptor_match,ACh,1435,fenyves_2020_polarity
DB6,AS9,excitatory,receptor_match,ACh,1436,fenyves_2020_polarity
DB6,DA8,excitatory,receptor_match,ACh,1437,fenyves_2020_polarity
DB6,DA9,excitatory,receptor_match,ACh,1438,fenyves_2020_polarity
DB6,VD7,excitatory,receptor_match,ACh,1439,fenyves_2020_polarity
DB6,VD8,excitatory,receptor_match,ACh,1440,fenyves_2020_polarity
DB6,VD9,excitatory,receptor_match,ACh,1441,fenyves_2020_polarity
DB7,AS10,excitatory,receptor_match,ACh,1442,fenyves_2020_polarity
DB7,AS11,excitatory,receptor_match,ACh,1443,fenyves_2020_polarity
DB7,DA9,excitatory,receptor_match,ACh,1444,fenyves_2020_polarity
DB7,VD10,excitatory,receptor_match,ACh,1447,fenyves_2020_polarity
DB7,VD11,excitatory,receptor_match,ACh,1448,fenyves_2020_polarity
DB7,VD12,excitatory,receptor_match,ACh,1449,fenyves_2020_polarity
DB7,VD13,excitatory,receptor_match,ACh,1450,fenyves_2020_polarity
DB7,VD8,excitatory,receptor_match,ACh,1445,fenyves_2020_polarity
DB7,VD9,excitatory,receptor_match,ACh,1446,fenyves_2020_polarity
DD1,DA2,mixed,both_excitatory_and_inhibitory_receptors,GABA,1451,fenyves_2020_polarity
DD1,VB2,mixed,both_excitatory_and_inhibitory_receptors,GABA,1452,fenyves_2020_polarity
DD1,VD2,unknown,no_receptor_match_found,GABA,1453,fenyves_2020_polarity
DD2,DA3,mixed,both_excitatory_and_inhibitory_receptors,GABA,1454,fenyves_2020_polarity
DD2,VD3,unknown,no_receptor_match_found,GABA,1455,fenyves_2020_polarity
DD2,VD4,unknown,no_receptor_match_found,GABA,1456,fenyves_2020_polarity
DD3,DA5,mixed,both_excitatory_and_inhibitory_receptors,GABA,1457,fenyves_2020_polarity
DVA,AIZL,inhibitory,receptor_match,ACh,1458,fenyves_2020_polarity
DVA,AIZR,inhibitory,receptor_match,ACh,1459,fenyves_2020_polarity
DVA,AQR,unknown,no_receptor_match_found,ACh,1460,fenyves_2020_polarity
DVA,AUAL,unknown,no_receptor_match_found,ACh,1461,fenyves_2020_polarity
DVA,AUAR,unknown,no_receptor_match_found,ACh,1462,fenyves_2020_polarity
DVA,AVAL,mixed,both_excitatory_and_inhibitory_receptors,ACh,1463,fenyves_2020_polarity
DVA,AVAR,mixed,both_excitatory_and_inhibitory_receptors,ACh,1464,fenyves_2020_polarity
DVA,AVBL,excitatory,receptor_match,ACh,1465,fenyves_2020_polarity
DVA,AVBR,excitatory,receptor_match,ACh,1466,fenyves_2020_polarity
DVA,AVDR,unknown,no_receptor_match_found,ACh,1467,fenyves_2020_polarity
DVA,AVEL,inhibitory,receptor_match,ACh,1468,fenyves_2020_polarity
DVA,AVER,inhibitory,receptor_match,ACh,1469,fenyves_2020_polarity
DVA,DA2,excitatory,receptor_match,ACh,1470,fenyves_2020_polarity
DVA,DB2,excitatory,receptor_match,ACh,1471,fenyves_2020_polarity
DVA,DB3,excitatory,receptor_match,ACh,1472,fenyves_2020_polarity
DVA,DB4,excitatory,receptor_match,ACh,1473,fenyves_2020_polarity
DVA,DB7,excitatory,receptor_match,ACh,1474,fenyves_2020_polarity
DVA,PDER,inhibitory,receptor_match,ACh,1475,fenyves_2020_polarity
DVA,PVCL,excitatory,receptor_match,ACh,1476,fenyves_2020_polarity
DVA,PVCR,excitatory,receptor_match,ACh,1477,fenyves_2020_polarity
DVA,PVPR,unknown,no_receptor_match_found,ACh,1478,fenyves_2020_polarity
DVA,PVR,unknown,no_receptor_match_found,ACh,1479,fenyves_2020_polarity
DVA,RIAL,inhibitory,receptor_match,ACh,1480,fenyves_2020_polarity
DVA,RIAR,inhibitory,receptor_match,ACh,1481,fenyves_2020_polarity
DVA,RIMR,mixed,both_excitatory_and_inhibitory_receptors,ACh,1482,fenyves_2020_polarity
DVA,RIR,unknown,no_receptor_match_found,ACh,1483,fenyves_2020_polarity
DVA,SAADR,mixed,both_excitatory_and_inhibitory_receptors,ACh,1484,fenyves_2020_polarity
DVA,SAAVL,mixed,both_excitatory_and_inhibitory_receptors,ACh,1485,fenyves_2020_polarity
DVA,SAAVR,mixed,both_excitatory_and_inhibitory_receptors,ACh,1486,fenyves_2020_polarity
DVA,SABD,unknown,no_receptor_match_found,ACh,1487,fenyves_2020_polarity
DVA,SMBDL,inhibitory,receptor_match,ACh,1488,fenyves_2020_polarity
DVA,SMBDR,inhibitory,receptor_match,ACh,1489,fenyves_2020_polarity
DVA,SMBVL,inhibitory,receptor_match,ACh,1490,fenyves_2020_polarity
DVA,SMBVR,inhibitory,receptor_match,ACh,1491,fenyves_2020_polarity
DVA,SMDVL,mixed,both_excitatory_and_inhibitory_receptors,ACh,1492,fenyves_2020_polarity
DVA,URXL,inhibitory,receptor_match,ACh,1493,fenyves_2020_polarity
DVA,URYDL,unknown,no_receptor_match_found,ACh,1494,fenyves_2020_polarity
DVA,VA12,excitatory,receptor_match,ACh,1498,fenyves_2020_polarity
DVA,VA2,excitatory,receptor_match,ACh,1495,fenyves_2020_polarity
DVA,VA6,excitatory,receptor_match,ACh,1496,fenyves_2020_polarity
DVA,VA8,excitatory,receptor_match,ACh,1497,fenyves_2020_polarity
DVA,VB1,excitatory,receptor_match,ACh,1499,fenyves_2020_polarity
DVA,VB11,excitatory,receptor_match,ACh,1500,fenyves_2020_polarity
DVB,AVL,unknown,no_receptor_match_found,GABA,1501,fenyves_2020_polarity
DVB,DA8,mixed,both_excitatory_and_inhibitory_receptors,GABA,1502,fenyves_2020_polarity
DVB,DD6,unknown,no_receptor_match_found,GABA,1503,fenyves_2020_polarity
DVB,DVC,unknown,no_receptor_match_found,GABA,1504,fenyves_2020_polarity
DVB,PDA,excitatory,receptor_match,GABA,1505,fenyves_2020_polarity
DVB,PHCL,unknown,no_receptor_match_found,GABA,1506,fenyves_2020_polarity
DVB,PVPL,unknown,no_receptor_match_found,GABA,1507,fenyves_2020_polarity
DVB,VD13,unknown,no_receptor_match_found,GABA,1508,fenyves_2020_polarity
DVC,AIBL,excitatory,receptor_match,Glu,1509,fenyves_2020_polarity
DVC,AIBR,excitatory,receptor_match,Glu,1510,fenyves_2020_polarity
DVC,AVAL,excitatory,receptor_match,Glu,1511,fenyves_2020_polarity
DVC,AVAR,excitatory,receptor_match,Glu,1512,fenyves_2020_polarity
DVC,AVBL,excitatory,receptor_match,Glu,1513,fenyves_2020_polarity
DVC,AVKL,excitatory,receptor_match,Glu,1514,fenyves_2020_polarity
DVC,PVDR,mixed,both_excitatory_and_inhibitory_receptors,Glu,1515,fenyves_2020_polarity
DVC,PVPL,unknown,no_receptor_match_found,Glu,1516,fenyves_2020_polarity
DVC,PVT,unknown,no_receptor_match_found,Glu,1517,fenyves_2020_polarity
DVC,RIBL,mixed,both_excitatory_and_inhibitory_receptors,Glu,1518,fenyves_2020_polarity
DVC,RIBR,mixed,both_excitatory_and_inhibitory_receptors,Glu,1519,fenyves_2020_polarity
DVC,RIGL,excitatory,receptor_match,Glu,1520,fenyves_2020_polarity
DVC,RIGR,excitatory,receptor_match,Glu,1521,fenyves_2020_polarity
DVC,RIVR,unknown,no_receptor_match_found,Glu,1522,fenyves_2020_polarity
DVC,RMFL,excitatory,receptor_match,Glu,1523,fenyves_2020_polarity
DVC,RMFR,excitatory,receptor_match,Glu,1524,fenyves_2020_polarity
DVC,URAVL,excitatory,receptor_match,Glu,1525,fenyves_2020_polarity
DVC,VD9,unknown,no_receptor_match_found,Glu,1526,fenyves_2020_polarity
FLPL,ADEL,unknown,no_receptor_match_found,Glu,1527,fenyves_2020_polarity
FLPL,ADER,unknown,no_receptor_match_found,Glu,1528,fenyves_2020_polarity
FLPL,AIBL,excitatory,receptor_match,Glu,1529,fenyves_2020_polarity
FLPL,AIBR,excitatory,receptor_match,Glu,1530,fenyves_2020_polarity
FLPL,AVAL,excitatory,receptor_match,Glu,1531,fenyves_2020_polarity
FLPL,AVAR,excitatory,receptor_match,Glu,1532,fenyves_2020_polarity
FLPL,AVBL,excitatory,receptor_match,Glu,1533,fenyves_2020_polarity
FLPL,AVBR,excitatory,receptor_match,Glu,1534,fenyves_2020_polarity
FLPL,AVDL,excitatory,receptor_match,Glu,1535,fenyves_2020_polarity
FLPL,AVDR,excitatory,receptor_match,Glu,1536,fenyves_2020_polarity
FLPL,DD1,unknown,no_receptor_match_found,Glu,1537,fenyves_2020_polarity
FLPL,DVA,excitatory,receptor_match,Glu,1538,fenyves_2020_polarity
FLPL,FLPR,excitatory,receptor_match,Glu,1539,fenyves_2020_polarity
FLPL,PVCR,excitatory,receptor_match,Glu,1540,fenyves_2020_polarity
FLPL,RIS,mixed,both_excitatory_and_inhibitory_receptors,Glu,1541,fenyves_2020_polarity
FLPL,VA1,unknown,no_receptor_match_found,Glu,1542,fenyves_2020_polarity
FLPR,ADAL,unknown,no_receptor_match_found,Glu,1543,fenyves_2020_polarity
FLPR,ADAR,unknown,no_receptor_match_found,Glu,1544,fenyves_2020_polarity
FLPR,ADER,unknown,no_receptor_match_found,Glu,1545,fenyves_2020_polarity
FLPR,AVAL,excitatory,receptor_match,Glu,1546,fenyves_2020_polarity
FLPR,AVAR,excitatory,receptor_match,Glu,1547,fenyves_2020_polarity
FLPR,AVBL,excitatory,receptor_match,Glu,1548,fenyves_2020_polarity
FLPR,AVBR,excitatory,receptor_match,Glu,1549,fenyves_2020_polarity
FLPR,AVDL,excitatory,receptor_match,Glu,1550,fenyves_2020_polarity
FLPR,AVDR,excitatory,receptor_match,Glu,1551,fenyves_2020_polarity
FLPR,AVEL,excitatory,receptor_match,Glu,1552,fenyves_2020_polarity
FLPR,AVER,excitatory,receptor_match,Glu,1553,fenyves_2020_polarity
FLPR,AVJL,excitatory,receptor_match,Glu,1554,fenyves_2020_polarity
FLPR,AVJR,excitatory,receptor_match,Glu,1555,fenyves_2020_polarity
FLPR,DVA,excitatory,receptor_match,Glu,1556,fenyves_2020_polarity
FLPR,FLPL,excitatory,receptor_match,Glu,1557,fenyves_2020_polarity
FLPR,PVCL,excitatory,receptor_match,Glu,1558,fenyves_2020_polarity
FLPR,VB1,excitatory,receptor_match,Glu,1559,fenyves_2020_polarity
HSNL,ADLL,unknown,no_receptor_match_found,ACh,1560,fenyves_2020_polarity
HSNL,ADLR,unknown,no_receptor_match_found,ACh,1561,fenyves_2020_polarity
HSNL,AIAL,unknown,no_receptor_match_found,ACh,1562,fenyves_2020_polarity
HSNL,AIMR,unknown,no_receptor_match_found,ACh,1563,fenyves_2020_polarity
HSNL,AIZL,inhibitory,receptor_match,ACh,1564,fenyves_2020_polarity
HSNL,AIZR,inhibitory,receptor_match,ACh,1565,fenyves_2020_polarity
HSNL,ASHL,unknown,no_receptor_match_found,ACh,1566,fenyves_2020_polarity
HSNL,ASHR,unknown,no_receptor_match_found,ACh,1567,fenyves_2020_polarity
HSNL,ASJR,unknown,no_receptor_match_found,ACh,1568,fenyves_2020_polarity
HSNL,ASKL,unknown,no_receptor_match_found,ACh,1569,fenyves_2020_polarity
HSNL,ASKR,unknown,no_receptor_match_found,ACh,1570,fenyves_2020_polarity
HSNL,AVFL,unknown,no_receptor_match_found,ACh,1571,fenyves_2020_polarity
HSNL,AVFR,unknown,no_receptor_match_found,ACh,1572,fenyves_2020_polarity
HSNL,AVJL,unknown,no_receptor_match_found,ACh,1573,fenyves_2020_polarity
HSNL,AWAR,unknown,no_receptor_match_found,ACh,1574,fenyves_2020_polarity
HSNL,AWBL,unknown,no_receptor_match_found,ACh,1575,fenyves_2020_polarity
HSNL,AWBR,unknown,no_receptor_match_found,ACh,1576,fenyves_2020_polarity
HSNL,HSNL,excitatory,receptor_match,ACh,1577,fenyves_2020_polarity
HSNL,HSNR,excitatory,receptor_match,ACh,1578,fenyves_2020_polarity
HSNL,PVQL,excitatory,receptor_match,ACh,1579,fenyves_2020_polarity
HSNL,RIFL,unknown,no_receptor_match_found,ACh,1580,fenyves_2020_polarity
HSNL,RIML,mixed,both_excitatory_and_inhibitory_receptors,ACh,1581,fenyves_2020_polarity
HSNL,RIR,unknown,no_receptor_match_found,ACh,1582,fenyves_2020_polarity
HSNL,RMGR,unknown,no_receptor_match_found,ACh,1583,fenyves_2020_polarity
HSNL,VC5,excitatory,receptor_match,ACh,1584,fenyves_2020_polarity
HSNR,AIAL,unknown,no_receptor_match_found,ACh,1585,fenyves_2020_polarity
HSNR,AIBL,inhibitory,receptor_match,ACh,1586,fenyves_2020_polarity
HSNR,AIZL,inhibitory,receptor_match,ACh,1587,fenyves_2020_polarity
HSNR,AIZR,inhibitory,receptor_match,ACh,1588,fenyves_2020_polarity
HSNR,AS5,excitatory,receptor_match,ACh,1589,fenyves_2020_polarity
HSNR,ASHL,unknown,no_receptor_match_found,ACh,1590,fenyves_2020_polarity
HSNR,AVBR,excitatory,receptor_match,ACh,1591,fenyves_2020_polarity
HSNR,AVDR,unknown,no_receptor_match_found,ACh,1592,fenyves_2020_polarity
HSNR,AVER,inhibitory,receptor_match,ACh,1593,fenyves_2020_polarity
HSNR,AVFL,unknown,no_receptor_match_found,ACh,1594,fenyves_2020_polarity
HSNR,AVFR,unknown,no_receptor_match_found,ACh,1595,fenyves_2020_polarity
HSNR,AVHL,unknown,no_receptor_match_found,ACh,1596,fenyves_2020_polarity
HSNR,AVHR,unknown,no_receptor_match_found,ACh,1597,fenyves_2020_polarity
HSNR,AVJL,unknown,no_receptor_match_found,ACh,1598,fenyves_2020_polarity
HSNR,AWBL,unknown,no_receptor_match_found,ACh,1599,fenyves_2020_polarity
HSNR,BDUR,unknown,no_receptor_match_found,ACh,1600,fenyves_2020_polarity
HSNR,DA5,excitatory,receptor_match,ACh,1601,fenyves_2020_polarity
HSNR,DA6,excitatory,receptor_match,ACh,1602,fenyves_2020_polarity
HSNR,HSNL,excitatory,receptor_match,ACh,1603,fenyves_2020_polarity
HSNR,PVNR,excitatory,receptor_match,ACh,1604,fenyves_2020_polarity
HSNR,PVPR,unknown,no_receptor_match_found,ACh,1605,fenyves_2020_polarity
HSNR,PVQR,excitatory,receptor_match,ACh,1606,fenyves_2020_polarity
HSNR,PVT,excitatory,receptor_match,ACh,1607,fenyves_2020_polarity
HSNR,RIFR,unknown,no_receptor_match_found,ACh,1608,fenyves_2020_polarity
HSNR,RIML,mixed,both_excitatory_and_inhibitory_receptors,ACh,1609,fenyves_2020_polarity
HSNR,RIMR,mixed,both_excitatory_and_inhibitory_receptors,ACh,1610,fenyves_2020_polarity
HSNR,RMDDR,inhibitory,receptor_match,ACh,1611,fenyves_2020_polarity
HSNR,RMGR,unknown,no_receptor_match_found,ACh,1612,fenyves_2020_polarity
HSNR,SABD,unknown,no_receptor_match_found,ACh,1613,fenyves_2020_polarity
HSNR,SABVR,unknown,no_receptor_match_found,ACh,1614,fenyves_2020_polarity
HSNR,VA6,excitatory,receptor_match,ACh,1615,fenyves_2020_polarity
HSNR,VC2,excitatory,receptor_match,ACh,1616,fenyves_2020_polarity
HSNR,VC3,excitatory,receptor_match,ACh,1617,fenyves_2020_polarity
HSNR,VC4,excitatory,receptor_match,ACh,1618,fenyves_2020_polarity
HSNR,VC5,excitatory,receptor_match,ACh,1619,fenyves_2020_polarity
I1L,I2L,unknown,no_receptor_match_found,ACh,1620,fenyves_2020_polarity
I1L,I3,unknown,no_receptor_match_found,ACh,1621,fenyves_2020_polarity
I1L,I5,excitatory,receptor_match,ACh,1622,fenyves_2020_polarity
I1L,I6,unknown,no_receptor_match_found,ACh,1623,fenyves_2020_polarity
I1L,M2L,unknown,no_receptor_match_found,ACh,1624,fenyves_2020_polarity
I1L,M3L,unknown,no_receptor_match_found,ACh,1625,fenyves_2020_polarity
I1L,M3R,unknown,no_receptor_match_found,ACh,1626,fenyves_2020_polarity
I1L,MCL,unknown,no_receptor_match_found,ACh,1627,fenyves_2020_polarity
I1L,MCR,unknown,no_receptor_match_found,ACh,1628,fenyves_2020_polarity
I1L,MI,unknown,no_receptor_match_found,ACh,1629,fenyves_2020_polarity
I1L,NSML,unknown,no_receptor_match_found,ACh,1630,fenyves_2020_polarity
I1R,I2R,unknown,no_receptor_match_found,ACh,1631,fenyves_2020_polarity
I1R,I3,unknown,no_receptor_match_found,ACh,1632,fenyves_2020_polarity
I1R,I5,excitatory,receptor_match,ACh,1633,fenyves_2020_polarity
I1R,M1,unknown,no_receptor_match_found,ACh,1634,fenyves_2020_polarity
I1R,M2L,unknown,no_receptor_match_found,ACh,1635,fenyves_2020_polarity
I1R,M2R,unknown,no_receptor_match_found,ACh,1636,fenyves_2020_polarity
I1R,M3L,unknown,no_receptor_match_found,ACh,1637,fenyves_2020_polarity
I1R,M3R,unknown,no_receptor_match_found,ACh,1638,fenyves_2020_polarity
I1R,MCL,unknown,no_receptor_match_found,ACh,1639,fenyves_2020_polarity
I1R,MCR,unknown,no_receptor_match_found,ACh,1640,fenyves_2020_polarity
I1R,MI,unknown,no_receptor_match_found,ACh,1641,fenyves_2020_polarity
I1R,NSML,unknown,no_receptor_match_found,ACh,1642,fenyves_2020_polarity
I1R,NSMR,unknown,no_receptor_match_found,ACh,1643,fenyves_2020_polarity
I2L,I1L,mixed,both_excitatory_and_inhibitory_receptors,Glu,1644,fenyves_2020_polarity
I2L,I2R,excitatory,receptor_match,Glu,1645,fenyves_2020_polarity
I2L,I4,unknown,no_receptor_match_found,Glu,1646,fenyves_2020_polarity
I2L,I5,unknown,no_receptor_match_found,Glu,1647,fenyves_2020_polarity
I2L,M1,excitatory,receptor_match,Glu,1648,fenyves_2020_polarity
I2L,NSML,excitatory,receptor_match,Glu,1649,fenyves_2020_polarity
I2L,NSMR,excitatory,receptor_match,Glu,1650,fenyves_2020_polarity
I2R,I1R,mixed,both_excitatory_and_inhibitory_receptors,Glu,1651,fenyves_2020_polarity
I2R,I2L,excitatory,receptor_match,Glu,1652,fenyves_2020_polarity
I2R,I4,unknown,no_receptor_match_found,Glu,1653,fenyves_2020_polarity
I2R,I5,unknown,no_receptor_match_found,Glu,1654,fenyves_2020_polarity
I2R,M1,excitatory,receptor_match,Glu,1655,fenyves_2020_polarity
I2R,M2R,inhibitory,receptor_match,Glu,1656,fenyves_2020_polarity
I2R,M3R,excitatory,receptor_match,Glu,1657,fenyves_2020_polarity
I2R,M4,excitatory,receptor_match,Glu,1658,fenyves_2020_polarity
I2R,MCL,excitatory,receptor_match,Glu,1659,fenyves_2020_polarity
I2R,NSML,excitatory,receptor_match,Glu,1660,fenyves_2020_polarity
I2R,NSMR,excitatory,receptor_match,Glu,1661,fenyves_2020_polarity
I3,I1L,unknown,no_receptor_match_found,ACh,1662,fenyves_2020_polarity
I3,I5,excitatory,receptor_match,ACh,1663,fenyves_2020_polarity
I3,I6,unknown,no_receptor_match_found,ACh,1664,fenyves_2020_polarity
I3,M1,unknown,no_receptor_match_found,ACh,1665,fenyves_2020_polarity
I3,M2L,unknown,no_receptor_match_found,ACh,1666,fenyves_2020_polarity
I3,M3L,unknown,no_receptor_match_found,ACh,1667,fenyves_2020_polarity
I3,M3R,unknown,no_receptor_match_found,ACh,1668,fenyves_2020_polarity
I3,M4,unknown,no_receptor_match_found,ACh,1669,fenyves_2020_polarity
I3,MCL,unknown,no_receptor_match_found,ACh,1670,fenyves_2020_polarity
I3,MCR,unknown,no_receptor_match_found,ACh,1671,fenyves_2020_polarity
I3,MI,unknown,no_receptor_match_found,ACh,1672,fenyves_2020_polarity
I3,NSMR,unknown,no_receptor_match_found,ACh,1673,fenyves_2020_polarity
I4,I2R,unknown,no_receptor_match_found,,1674,fenyves_2020_polarity
I4,I5,unknown,no_receptor_match_found,,1675,fenyves_2020_polarity
I4,M2L,unknown,no_receptor_match_found,,1676,fenyves_2020_polarity
I4,M3L,unknown,no_receptor_match_found,,1677,fenyves_2020_polarity
I4,M3R,unknown,no_receptor_match_found,,1678,fenyves_2020_polarity
I4,MI,unknown,no_receptor_match_found,,1679,fenyves_2020_polarity
I4,NSML,unknown,no_receptor_match_found,,1680,fenyves_2020_polarity
I4,NSMR,unknown,no_receptor_match_found,,1681,fenyves_2020_polarity
I5,I1L,mixed,both_excitatory_and_inhibitory_receptors,Glu,1682,fenyves_2020_polarity
I5,I2L,excitatory,receptor_match,Glu,1683,fenyves_2020_polarity
I5,I2R,excitatory,receptor_match,Glu,1684,fenyves_2020_polarity
I5,I3,excitatory,receptor_match,Glu,1685,fenyves_2020_polarity
I5,I4,unknown,no_receptor_match_found,Glu,1686,fenyves_2020_polarity
I5,M1,excitatory,receptor_match,Glu,1687,fenyves_2020_polarity
I5,M2L,inhibitory,receptor_match,Glu,1688,fenyves_2020_polarity
I5,M3L,excitatory,receptor_match,Glu,1689,fenyves_2020_polarity
I5,M3R,excitatory,receptor_match,Glu,1690,fenyves_2020_polarity
I5,M4,excitatory,receptor_match,Glu,1691,fenyves_2020_polarity
I5,MI,excitatory,receptor_match,Glu,1692,fenyves_2020_polarity
I5,NSML,excitatory,receptor_match,Glu,1693,fenyves_2020_polarity
I5,NSMR,excitatory,receptor_match,Glu,1694,fenyves_2020_polarity
I6,I1R,unknown,no_receptor_match_found,,1695,fenyves_2020_polarity
I6,I2L,unknown,no_receptor_match_found,,1696,fenyves_2020_polarity
I6,I2R,unknown,no_receptor_match_found,,1697,fenyves_2020_polarity
I6,I3,unknown,no_receptor_match_found,,1698,fenyves_2020_polarity
I6,M3L,unknown,no_receptor_match_found,,1699,fenyves_2020_polarity
I6,M4,unknown,no_receptor_match_found,,1700,fenyves_2020_polarity
I6,NSML,unknown,no_receptor_match_found,,1701,fenyves_2020_polarity
I6,NSMR,unknown,no_receptor_match_found,,1702,fenyves_2020_polarity
IL1DL,IL2DL,unknown,no_receptor_match_found,Glu,1703,fenyves_2020_polarity
IL1DL,RIPL,unknown,no_receptor_match_found,Glu,1704,fenyves_2020_polarity
IL1DL,RMDDR,excitatory,receptor_match,Glu,1705,fenyves_2020_polarity
IL1DL,RMDVL,excitatory,receptor_match,Glu,1706,fenyves_2020_polarity
IL1DL,RMEL,excitatory,receptor_match,Glu,1707,fenyves_2020_polarity
IL1DL,SIBDL,excitatory,receptor_match,Glu,1708,fenyves_2020_polarity
IL1DL,URADL,excitatory,receptor_match,Glu,1709,fenyves_2020_polarity
IL1DR,IL1DR,unknown,no_receptor_match_found,Glu,1710,fenyves_2020_polarity
IL1DR,IL1R,unknown,no_receptor_match_found,Glu,1711,fenyves_2020_polarity
IL1DR,IL2DR,unknown,no_receptor_match_found,Glu,1712,fenyves_2020_polarity
IL1DR,OLLR,unknown,no_receptor_match_found,Glu,1713,fenyves_2020_polarity
IL1DR,PVR,unknown,no_receptor_match_found,Glu,1714,fenyves_2020_polarity
IL1DR,RIPR,unknown,no_receptor_match_found,Glu,1715,fenyves_2020_polarity
IL1DR,RMDDL,excitatory,receptor_match,Glu,1716,fenyves_2020_polarity
IL1DR,RMDVR,excitatory,receptor_match,Glu,1717,fenyves_2020_polarity
IL1DR,URADR,excitatory,receptor_match,Glu,1718,fenyves_2020_polarity
IL1DR,URYDR,excitatory,receptor_match,Glu,1719,fenyves_2020_polarity
IL1L,AVER,excitatory,receptor_match,Glu,1720,fenyves_2020_polarity
IL1L,IL2L,unknown,no_receptor_match_found,Glu,1721,fenyves_2020_polarity
IL1L,OLLL,unknown,no_receptor_match_found,Glu,1722,fenyves_2020_polarity
IL1L,RMDDL,excitatory,receptor_match,Glu,1723,fenyves_2020_polarity
IL1L,RMDL,excitatory,receptor_match,Glu,1724,fenyves_2020_polarity
IL1L,RMDR,excitatory,receptor_match,Glu,1725,fenyves_2020_polarity
IL1L,RMDVL,excitatory,receptor_match,Glu,1726,fenyves_2020_polarity
IL1L,RMDVR,excitatory,receptor_match,Glu,1727,fenyves_2020_polarity
IL1L,RMER,excitatory,receptor_match,Glu,1728,fenyves_2020_polarity
IL1L,RMGL,mixed,both_excitatory_and_inhibitory_receptors,Glu,1729,fenyves_2020_polarity
IL1L,URAVL,excitatory,receptor_match,Glu,1730,fenyves_2020_polarity
IL1L,URBL,excitatory,receptor_match,Glu,1731,fenyves_2020_polarity
IL1R,AVEL,excitatory,receptor_match,Glu,1732,fenyves_2020_polarity
IL1R,AVER,excitatory,receptor_match,Glu,1733,fenyves_2020_polarity
IL1R,OLLR,unknown,no_receptor_match_found,Glu,1734,fenyves_2020_polarity
IL1R,RMDDL,excitatory,receptor_match,Glu,1735,fenyves_2020_polarity
IL1R,RMDDR,excitatory,receptor_match,Glu,1736,fenyves_2020_polarity
IL1R,RMDL,excitatory,receptor_match,Glu,1737,fenyves_2020_polarity
IL1R,RMDR,excitatory,receptor_match,Glu,1738,fenyves_2020_polarity
IL1R,RMDVL,excitatory,receptor_match,Glu,1739,fenyves_2020_polarity
IL1R,RMDVR,excitatory,receptor_match,Glu,1740,fenyves_2020_polarity
IL1R,RMEL,excitatory,receptor_match,Glu,1741,fenyves_2020_polarity
IL1R,RMHL,excitatory,receptor_match,Glu,1742,fenyves_2020_polarity
IL1R,URXR,unknown,no_receptor_match_found,Glu,1743,fenyves_2020_polarity
IL1VL,AVL,inhibitory,receptor_match,Glu,1744,fenyves_2020_polarity
IL1VL,IL1L,unknown,no_receptor_match_found,Glu,1745,fenyves_2020_polarity
IL1VL,IL1VL,unknown,no_receptor_match_found,Glu,1746,fenyves_2020_polarity
IL1VL,OLQVL,unknown,no_receptor_match_found,Glu,1747,fenyves_2020_polarity
IL1VL,RIPL,unknown,no_receptor_match_found,Glu,1748,fenyves_2020_polarity
IL1VL,RMDDL,excitatory,receptor_match,Glu,1749,fenyves_2020_polarity
IL1VL,RMDVR,excitatory,receptor_match,Glu,1750,fenyves_2020_polarity
IL1VL,RMHL,excitatory,receptor_match,Glu,1751,fenyves_2020_polarity
IL1VL,URAVL,excitatory,receptor_match,Glu,1752,fenyves_2020_polarity
IL1VL,URYVL,excitatory,receptor_match,Glu,1753,fenyves_2020_polarity
IL1VR,IL1R,unknown,no_receptor_match_found,Glu,1754,fenyves_2020_polarity
IL1VR,IL2VR,unknown,no_receptor_match_found,Glu,1755,fenyves_2020_polarity
IL1VR,OLLR,unknown,no_receptor_match_found,Glu,1756,fenyves_2020_polarity
IL1VR,OLQVR,unknown,no_receptor_match_found,Glu,1757,fenyves_2020_polarity
IL1VR,RIPR,unknown,no_receptor_match_found,Glu,1758,fenyves_2020_polarity
IL1VR,RMDDR,excitatory,receptor_match,Glu,1759,fenyves_2020_polarity
IL1VR,RMDVL,excitatory,receptor_match,Glu,1760,fenyves_2020_polarity
IL1VR,URAVR,excitatory,receptor_match,Glu,1761,fenyves_2020_polarity
IL2DL,AUAL,unknown,no_receptor_match_found,ACh,1762,fenyves_2020_polarity
IL2DL,AVBR,excitatory,receptor_match,ACh,1763,fenyves_2020_polarity
IL2DL,IL1DL,excitatory,receptor_match,ACh,1764,fenyves_2020_polarity
IL2DL,IL2DL,unknown,no_receptor_match_found,ACh,1765,fenyves_2020_polarity
IL2DL,OLQDL,unknown,no_receptor_match_found,ACh,1766,fenyves_2020_polarity
IL2DL,RIBL,excitatory,receptor_match,ACh,1767,fenyves_2020_polarity
IL2DL,RIH,inhibitory,receptor_match,ACh,1768,fenyves_2020_polarity
IL2DL,RIPL,unknown,no_receptor_match_found,ACh,1769,fenyves_2020_polarity
IL2DL,RMED,excitatory,receptor_match,ACh,1770,fenyves_2020_polarity
IL2DL,RMEL,excitatory,receptor_match,ACh,1771,fenyves_2020_polarity
IL2DL,RMER,excitatory,receptor_match,ACh,1772,fenyves_2020_polarity
IL2DL,RMEV,excitatory,receptor_match,ACh,1773,fenyves_2020_polarity
IL2DL,RMHL,unknown,no_receptor_match_found,ACh,1774,fenyves_2020_polarity
IL2DL,URADL,unknown,no_receptor_match_found,ACh,1775,fenyves_2020_polarity
IL2DR,CEPDR,unknown,no_receptor_match_found,ACh,1776,fenyves_2020_polarity
IL2DR,IL1DR,excitatory,receptor_match,ACh,1777,fenyves_2020_polarity
IL2DR,OLQDR,unknown,no_receptor_match_found,ACh,1778,fenyves_2020_polarity
IL2DR,RICL,unknown,no_receptor_match_found,ACh,1779,fenyves_2020_polarity
IL2DR,RICR,unknown,no_receptor_match_found,ACh,1780,fenyves_2020_polarity
IL2DR,RIPL,unknown,no_receptor_match_found,ACh,1781,fenyves_2020_polarity
IL2DR,RIPR,unknown,no_receptor_match_found,ACh,1782,fenyves_2020_polarity
IL2DR,RMED,excitatory,receptor_match,ACh,1783,fenyves_2020_polarity
IL2DR,RMEL,excitatory,receptor_match,ACh,1784,fenyves_2020_polarity
IL2DR,RMER,excitatory,receptor_match,ACh,1785,fenyves_2020_polarity
IL2DR,RMEV,excitatory,receptor_match,ACh,1786,fenyves_2020_polarity
IL2DR,URADR,unknown,no_receptor_match_found,ACh,1787,fenyves_2020_polarity
IL2L,ADEL,excitatory,receptor_match,ACh,1788,fenyves_2020_polarity
IL2L,AVEL,inhibitory,receptor_match,ACh,1789,fenyves_2020_polarity
IL2L,IL1L,excitatory,receptor_match,ACh,1790,fenyves_2020_polarity
IL2L,OLQDL,unknown,no_receptor_match_found,ACh,1791,fenyves_2020_polarity
IL2L,OLQVL,unknown,no_receptor_match_found,ACh,1792,fenyves_2020_polarity
IL2L,RICL,unknown,no_receptor_match_found,ACh,1793,fenyves_2020_polarity
IL2L,RIH,inhibitory,receptor_match,ACh,1794,fenyves_2020_polarity
IL2L,RMDL,inhibitory,receptor_match,ACh,1795,fenyves_2020_polarity
IL2L,RMDR,inhibitory,receptor_match,ACh,1796,fenyves_2020_polarity
IL2L,RMER,excitatory,receptor_match,ACh,1797,fenyves_2020_polarity
IL2L,RMEV,excitatory,receptor_match,ACh,1798,fenyves_2020_polarity
IL2L,URAVL,unknown,no_receptor_match_found,ACh,1799,fenyves_2020_polarity
IL2L,URXL,inhibitory,receptor_match,ACh,1800,fenyves_2020_polarity
IL2R,ADER,excitatory,receptor_match,ACh,1801,fenyves_2020_polarity
IL2R,AVER,inhibitory,receptor_match,ACh,1802,fenyves_2020_polarity
IL2R,IL1R,excitatory,receptor_match,ACh,1803,fenyves_2020_polarity
IL2R,OLLR,inhibitory,receptor_match,ACh,1804,fenyves_2020_polarity
IL2R,OLQDR,unknown,no_receptor_match_found,ACh,1805,fenyves_2020_polarity
IL2R,OLQVR,unknown,no_receptor_match_found,ACh,1806,fenyves_2020_polarity
IL2R,RIH,inhibitory,receptor_match,ACh,1807,fenyves_2020_polarity
IL2R,RMDL,inhibitory,receptor_match,ACh,1808,fenyves_2020_polarity
IL2R,RMEL,excitatory,receptor_match,ACh,1809,fenyves_2020_polarity
IL2R,RMEV,excitatory,receptor_match,ACh,1810,fenyves_2020_polarity
IL2R,RMGR,unknown,no_receptor_match_found,ACh,1811,fenyves_2020_polarity
IL2R,URADR,unknown,no_receptor_match_found,ACh,1812,fenyves_2020_polarity
IL2R,URAVR,unknown,no_receptor_match_found,ACh,1813,fenyves_2020_polarity
IL2R,URBR,excitatory,receptor_match,ACh,1814,fenyves_2020_polarity
IL2R,URXR,inhibitory,receptor_match,ACh,1815,fenyves_2020_polarity
IL2VL,BAGR,unknown,no_receptor_match_found,ACh,1816,fenyves_2020_polarity
IL2VL,DVC,excitatory,receptor_match,ACh,1817,fenyves_2020_polarity
IL2VL,IL1VL,excitatory,receptor_match,ACh,1818,fenyves_2020_polarity
IL2VL,IL2L,unknown,no_receptor_match_found,ACh,1819,fenyves_2020_polarity
IL2VL,OLQVL,unknown,no_receptor_match_found,ACh,1820,fenyves_2020_polarity
IL2VL,RIAL,inhibitory,receptor_match,ACh,1821,fenyves_2020_polarity
IL2VL,RIH,inhibitory,receptor_match,ACh,1822,fenyves_2020_polarity
IL2VL,RIPL,unknown,no_receptor_match_found,ACh,1823,fenyves_2020_polarity
IL2VL,RMEL,excitatory,receptor_match,ACh,1824,fenyves_2020_polarity
IL2VL,RMER,excitatory,receptor_match,ACh,1825,fenyves_2020_polarity
IL2VL,RMEV,excitatory,receptor_match,ACh,1826,fenyves_2020_polarity
IL2VL,URAVL,unknown,no_receptor_match_found,ACh,1827,fenyves_2020_polarity
IL2VR,ADLR,unknown,no_receptor_match_found,ACh,1828,fenyves_2020_polarity
IL2VR,AVAL,mixed,both_excitatory_and_inhibitory_receptors,ACh,1829,fenyves_2020_polarity
IL2VR,IL1VR,excitatory,receptor_match,ACh,1830,fenyves_2020_polarity
IL2VR,OLQVR,unknown,no_receptor_match_found,ACh,1831,fenyves_2020_polarity
IL2VR,RIAR,inhibitory,receptor_match,ACh,1832,fenyves_2020_polarity
IL2VR,RIH,inhibitory,receptor_match,ACh,1833,fenyves_2020_polarity
IL2VR,RIPR,unknown,no_receptor_match_found,ACh,1834,fenyves_2020_polarity
IL2VR,RMED,excitatory,receptor_match,ACh,1835,fenyves_2020_polarity
IL2VR,RMEL,excitatory,receptor_match,ACh,1836,fenyves_2020_polarity
IL2VR,RMER,excitatory,receptor_match,ACh,1837,fenyves_2020_polarity
IL2VR,RMEV,excitatory,receptor_match,ACh,1838,fenyves_2020_polarity
IL2VR,SIADR,mixed,both_excitatory_and_inhibitory_receptors,ACh,1839,fenyves_2020_polarity
IL2VR,URAVR,unknown,no_receptor_match_found,ACh,1840,fenyves_2020_polarity
IL2VR,URXR,inhibitory,receptor_match,ACh,1841,fenyves_2020_polarity
LUAL,AVAL,excitatory,receptor_match,Glu,1842,fenyves_2020_polarity
LUAL,AVAR,excitatory,receptor_match,Glu,1843,fenyves_2020_polarity
LUAL,AVDL,excitatory,receptor_match,Glu,1844,fenyves_2020_polarity
LUAL,AVDR,excitatory,receptor_match,Glu,1845,fenyves_2020_polarity
LUAL,AVJL,excitatory,receptor_match,Glu,1846,fenyves_2020_polarity
LUAL,AVJR,excitatory,receptor_match,Glu,1847,fenyves_2020_polarity
LUAL,PHBL,unknown,no_receptor_match_found,Glu,1848,fenyves_2020_polarity
LUAL,PVNL,excitatory,receptor_match,Glu,1849,fenyves_2020_polarity
LUAL,PVWL,unknown,no_receptor_match_found,Glu,1850,fenyves_2020_polarity
LUAR,AVAL,excitatory,receptor_match,Glu,1851,fenyves_2020_polarity
LUAR,AVAR,excitatory,receptor_match,Glu,1852,fenyves_2020_polarity
LUAR,AVDL,excitatory,receptor_match,Glu,1853,fenyves_2020_polarity
LUAR,AVDR,excitatory,receptor_match,Glu,1854,fenyves_2020_polarity
LUAR,AVJR,excitatory,receptor_match,Glu,1855,fenyves_2020_polarity
LUAR,PDB,unknown,no_receptor_match_found,Glu,1856,fenyves_2020_polarity
LUAR,PQR,unknown,no_receptor_match_found,Glu,1857,fenyves_2020_polarity
LUAR,PVCR,excitatory,receptor_match,Glu,1858,fenyves_2020_polarity
LUAR,PVNL,excitatory,receptor_match,Glu,1859,fenyves_2020_polarity
LUAR,PVR,unknown,no_receptor_match_found,Glu,1860,fenyves_2020_polarity
LUAR,PVWL,unknown,no_receptor_match_found,Glu,1861,fenyves_2020_polarity
LUAR,PVWR,unknown,no_receptor_match_found,Glu,1862,fenyves_2020_polarity
M1,I2L,unknown,no_receptor_match_found,ACh,1863,fenyves_2020_polarity
M1,I2R,unknown,no_receptor_match_found,ACh,1864,fenyves_2020_polarity
M1,I3,unknown,no_receptor_match_found,ACh,1865,fenyves_2020_polarity
M1,I4,unknown,no_receptor_match_found,ACh,1866,fenyves_2020_polarity
M1,I5,excitatory,receptor_match,ACh,1867,fenyves_2020_polarity
M1,MI,unknown,no_receptor_match_found,ACh,1868,fenyves_2020_polarity
M1,NSML,unknown,no_receptor_match_found,ACh,1869,fenyves_2020_polarity
M2L,I3,unknown,no_receptor_match_found,ACh,1870,fenyves_2020_polarity
M2L,I4,unknown,no_receptor_match_found,ACh,1871,fenyves_2020_polarity
M2L,I5,excitatory,receptor_match,ACh,1872,fenyves_2020_polarity
M2L,M3L,unknown,no_receptor_match_found,ACh,1873,fenyves_2020_polarity
M2L,M3R,unknown,no_receptor_match_found,ACh,1874,fenyves_2020_polarity
M2R,I4,unknown,no_receptor_match_found,ACh,1875,fenyves_2020_polarity
M2R,I5,excitatory,receptor_match,ACh,1876,fenyves_2020_polarity
M2R,M3L,unknown,no_receptor_match_found,ACh,1877,fenyves_2020_polarity
M2R,M3R,unknown,no_receptor_match_found,ACh,1878,fenyves_2020_polarity
M2R,NSMR,unknown,no_receptor_match_found,ACh,1879,fenyves_2020_polarity
M3L,NSML,excitatory,receptor_match,Glu,1880,fenyves_2020_polarity
M3R,M4,excitatory,receptor_match,Glu,1881,fenyves_2020_polarity
M4,I4,unknown,no_receptor_match_found,ACh,1882,fenyves_2020_polarity
M4,I5,excitatory,receptor_match,ACh,1883,fenyves_2020_polarity
M4,M2L,unknown,no_receptor_match_found,ACh,1884,fenyves_2020_polarity
M4,M3L,unknown,no_receptor_match_found,ACh,1885,fenyves_2020_polarity
M4,M4,unknown,no_receptor_match_found,ACh,1886,fenyves_2020_polarity
M4,MCL,unknown,no_receptor_match_found,ACh,1887,fenyves_2020_polarity
MI,I1L,mixed,both_excitatory_and_inhibitory_receptors,Glu,1888,fenyves_2020_polarity
MI,I3,excitatory,receptor_match,Glu,1889,fenyves_2020_polarity
MI,I4,unknown,no_receptor_match_found,Glu,1890,fenyves_2020_polarity
MI,M1,excitatory,receptor_match,Glu,1891,fenyves_2020_polarity
MI,M2L,inhibitory,receptor_match,Glu,1892,fenyves_2020_polarity
MI,M2R,inhibitory,receptor_match,Glu,1893,fenyves_2020_polarity
MI,M3L,excitatory,receptor_match,Glu,1894,fenyves_2020_polarity
MI,MCL,excitatory,receptor_match,Glu,1895,fenyves_2020_polarity
MI,NSML,excitatory,receptor_match,Glu,1896,fenyves_2020_polarity
MI,NSMR,excitatory,receptor_match,Glu,1897,fenyves_2020_polarity
NSML,I4,unknown,no_receptor_match_found,,1898,fenyves_2020_polarity
NSML,M3L,unknown,no_receptor_match_found,,1899,fenyves_2020_polarity
NSML,M3R,unknown,no_receptor_match_found,,1900,fenyves_2020_polarity
NSML,M4,unknown,no_receptor_match_found,,1901,fenyves_2020_polarity
NSML,NSMR,unknown,no_receptor_match_found,,1902,fenyves_2020_polarity
NSMR,I2L,unknown,no_receptor_match_found,,1903,fenyves_2020_polarity
NSMR,I2R,unknown,no_receptor_match_found,,1904,fenyves_2020_polarity
NSMR,I4,unknown,no_receptor_match_found,,1905,fenyves_2020_polarity
NSMR,I6,unknown,no_receptor_match_found,,1906,fenyves_2020_polarity
NSMR,M3R,unknown,no_receptor_match_found,,1907,fenyves_2020_polarity
OLLL,AVER,excitatory,receptor_match,Glu,1908,fenyves_2020_polarity
OLLL,CEPDL,unknown,no_receptor_match_found,Glu,1909,fenyves_2020_polarity
OLLL,CEPVL,unknown,no_receptor_match_found,Glu,1910,fenyves_2020_polarity
OLLL,IL1VL,unknown,no_receptor_match_found,Glu,1911,fenyves_2020_polarity
OLLL,OLLL,unknown,no_receptor_match_found,Glu,1912,fenyves_2020_polarity
OLLL,RIBL,mixed,both_excitatory_and_inhibitory_receptors,Glu,1913,fenyves_2020_polarity
OLLL,RMDDL,excitatory,receptor_match,Glu,1914,fenyves_2020_polarity
OLLL,RMDL,excitatory,receptor_match,Glu,1915,fenyves_2020_polarity
OLLL,RMDVL,excitatory,receptor_match,Glu,1916,fenyves_2020_polarity
OLLL,RMEL,excitatory,receptor_match,Glu,1917,fenyves_2020_polarity
OLLL,SMDDL,excitatory,receptor_match,Glu,1918,fenyves_2020_polarity
OLLL,SMDDR,excitatory,receptor_match,Glu,1919,fenyves_2020_polarity
OLLL,SMDVR,excitatory,receptor_match,Glu,1920,fenyves_2020_polarity
OLLL,URYDL,excitatory,receptor_match,Glu,1921,fenyves_2020_polarity
OLLL,URYVL,excitatory,receptor_match,Glu,1922,fenyves_2020_polarity
OLLR,ADER,unknown,no_receptor_match_found,Glu,1923,fenyves_2020_polarity
OLLR,AVEL,excitatory,receptor_match,Glu,1924,fenyves_2020_polarity
OLLR,CEPDR,unknown,no_receptor_match_found,Glu,1925,fenyves_2020_polarity
OLLR,CEPVR,unknown,no_receptor_match_found,Glu,1926,fenyves_2020_polarity
OLLR,IL1DR,unknown,no_receptor_match_found,Glu,1927,fenyves_2020_polarity
OLLR,IL1VR,unknown,no_receptor_match_found,Glu,1928,fenyves_2020_polarity
OLLR,IL2R,unknown,no_receptor_match_found,Glu,1929,fenyves_2020_polarity
OLLR,OLLR,unknown,no_receptor_match_found,Glu,1930,fenyves_2020_polarity
OLLR,OLQDR,unknown,no_receptor_match_found,Glu,1931,fenyves_2020_polarity
OLLR,RIBR,mixed,both_excitatory_and_inhibitory_receptors,Glu,1932,fenyves_2020_polarity
OLLR,RIS,mixed,both_excitatory_and_inhibitory_receptors,Glu,1933,fenyves_2020_polarity
OLLR,RMDDR,excitatory,receptor_match,Glu,1934,fenyves_2020_polarity
OLLR,RMDL,excitatory,receptor_match,Glu,1935,fenyves_2020_polarity
OLLR,RMDR,excitatory,receptor_match,Glu,1936,fenyves_2020_polarity
OLLR,RMDVR,excitatory,receptor_match,Glu,1937,fenyves_2020_polarity
OLLR,RMED,mixed,both_excitatory_and_inhibitory_receptors,Glu,1938,fenyves_2020_polarity
OLLR,RMER,excitatory,receptor_match,Glu,1939,fenyves_2020_polarity
OLLR,SMDDL,excitatory,receptor_match,Glu,1940,fenyves_2020_polarity
OLLR,SMDDR,excitatory,receptor_match,Glu,1941,fenyves_2020_polarity
OLLR,SMDVL,excitatory,receptor_match,Glu,1942,fenyves_2020_polarity
OLLR,SMDVR,excitatory,receptor_match,Glu,1943,fenyves_2020_polarity
OLLR,URYVL,excitatory,receptor_match,Glu,1944,fenyves_2020_polarity
OLQDL,CEPDL,unknown,no_receptor_match_found,Glu,1945,fenyves_2020_polarity
OLQDL,RICR,excitatory,receptor_match,Glu,1946,fenyves_2020_polarity
OLQDL,RIH,excitatory,receptor_match,Glu,1947,fenyves_2020_polarity
OLQDL,RMDDL,excitatory,receptor_match,Glu,1948,fenyves_2020_polarity
OLQDL,RMDDR,excitatory,receptor_match,Glu,1949,fenyves_2020_polarity
OLQDL,RMED,mixed,both_excitatory_and_inhibitory_receptors,Glu,1950,fenyves_2020_polarity
OLQDL,RMEL,excitatory,receptor_match,Glu,1951,fenyves_2020_polarity
OLQDL,RMHL,excitatory,receptor_match,Glu,1952,fenyves_2020_polarity
OLQDL,SIBDL,excitatory,receptor_match,Glu,1953,fenyves_2020_polarity
OLQDL,URYDL,excitatory,receptor_match,Glu,1954,fenyves_2020_polarity
OLQDR,IL1DR,unknown,no_receptor_match_found,Glu,1955,fenyves_2020_polarity
OLQDR,RICL,excitatory,receptor_match,Glu,1956,fenyves_2020_polarity
OLQDR,RICR,excitatory,receptor_match,Glu,1957,fenyves_2020_polarity
OLQDR,RIH,excitatory,receptor_match,Glu,1958,fenyves_2020_polarity
OLQDR,RMDDL,excitatory,receptor_match,Glu,1959,fenyves_2020_polarity
OLQDR,RMER,excitatory,receptor_match,Glu,1960,fenyves_2020_polarity
OLQDR,RMHR,excitatory,receptor_match,Glu,1961,fenyves_2020_polarity
OLQDR,SIBDR,excitatory,receptor_match,Glu,1962,fenyves_2020_polarity
OLQVL,AVAL,excitatory,receptor_match,Glu,1963,fenyves_2020_polarity
OLQVL,AVDR,excitatory,receptor_match,Glu,1964,fenyves_2020_polarity
OLQVL,IL2L,unknown,no_receptor_match_found,Glu,1965,fenyves_2020_polarity
OLQVL,RICL,excitatory,receptor_match,Glu,1966,fenyves_2020_polarity
OLQVL,RMDVR,excitatory,receptor_match,Glu,1967,fenyves_2020_polarity
OLQVL,RMHL,excitatory,receptor_match,Glu,1968,fenyves_2020_polarity
OLQVL,SIBVL,excitatory,receptor_match,Glu,1969,fenyves_2020_polarity
OLQVR,IL1VR,unknown,no_receptor_match_found,Glu,1970,fenyves_2020_polarity
OLQVR,RIAR,mixed,both_excitatory_and_inhibitory_receptors,Glu,1971,fenyves_2020_polarity
OLQVR,RICR,excitatory,receptor_match,Glu,1972,fenyves_2020_polarity
OLQVR,RIH,excitatory,receptor_match,Glu,1973,fenyves_2020_polarity
OLQVR,RIPR,unknown,no_receptor_match_found,Glu,1974,fenyves_2020_polarity
OLQVR,RMDVL,excitatory,receptor_match,Glu,1975,fenyves_2020_polarity
OLQVR,RMER,excitatory,receptor_match,Glu,1976,fenyves_2020_polarity
OLQVR,RMHR,excitatory,receptor_match,Glu,1977,fenyves_2020_polarity
OLQVR,SIBVR,excitatory,receptor_match,Glu,1978,fenyves_2020_polarity
PDA,DA9,excitatory,receptor_match,ACh,1979,fenyves_2020_polarity
PDA,DD6,excitatory,receptor_match,ACh,1980,fenyves_2020_polarity
PDA,PVNR,excitatory,receptor_match,ACh,1981,fenyves_2020_polarity
PDA,VD11,excitatory,receptor_match,ACh,1982,fenyves_2020_polarity
PDA,VD12,excitatory,receptor_match,ACh,1983,fenyves_2020_polarity
PDA,VD13,excitatory,receptor_match,ACh,1984,fenyves_2020_polarity
PDB,DD6,excitatory,receptor_match,ACh,1985,fenyves_2020_polarity
PDB,VD12,excitatory,receptor_match,ACh,1986,fenyves_2020_polarity
PDB,VD13,excitatory,receptor_match,ACh,1987,fenyves_2020_polarity
PDEL,DVA,unknown,no_receptor_match_found,,1988,fenyves_2020_polarity
PDER,DVA,unknown,no_receptor_match_found,,1989,fenyves_2020_polarity
PDER,PDEL,unknown,no_receptor_match_found,,1990,fenyves_2020_polarity
PDER,PVR,unknown,no_receptor_match_found,,1991,fenyves_2020_polarity
PHAL,AVDR,excitatory,receptor_match,Glu,1992,fenyves_2020_polarity
PHAL,AVFL,unknown,no_receptor_match_found,Glu,1993,fenyves_2020_polarity
PHAL,AVG,excitatory,receptor_match,Glu,1994,fenyves_2020_polarity
PHAL,AVHL,excitatory,receptor_match,Glu,1995,fenyves_2020_polarity
PHAL,AVHR,excitatory,receptor_match,Glu,1996,fenyves_2020_polarity
PHAL,DA8,excitatory,receptor_match,Glu,1997,fenyves_2020_polarity
PHAL,DVA,excitatory,receptor_match,Glu,1998,fenyves_2020_polarity
PHAL,PHAR,unknown,no_receptor_match_found,Glu,1999,fenyves_2020_polarity
PHAL,PHBL,unknown,no_receptor_match_found,Glu,2000,fenyves_2020_polarity
PHAL,PHBR,unknown,no_receptor_match_found,Glu,2001,fenyves_2020_polarity
PHAL,PVQL,excitatory,receptor_match,Glu,2002,fenyves_2020_polarity
PHAR,AVDR,excitatory,receptor_match,Glu,2003,fenyves_2020_polarity
PHAR,AVG,excitatory,receptor_match,Glu,2004,fenyves_2020_polarity
PHAR,AVHR,excitatory,receptor_match,Glu,2005,fenyves_2020_polarity
PHAR,DA8,excitatory,receptor_match,Glu,2006,fenyves_2020_polarity
PHAR,DVA,excitatory,receptor_match,Glu,2007,fenyves_2020_polarity
PHAR,PHAL,unknown,no_receptor_match_found,Glu,2008,fenyves_2020_polarity
PHAR,PHBL,unknown,no_receptor_match_found,Glu,2009,fenyves_2020_polarity
PHAR,PHBR,unknown,no_receptor_match_found,Glu,2010,fenyves_2020_polarity
PHAR,PVPL,unknown,no_receptor_match_found,Glu,2011,fenyves_2020_polarity
PHAR,PVQL,excitatory,receptor_match,Glu,2012,fenyves_2020_polarity
PHAR,PVQR,excitatory,receptor_match,Glu,2013,fenyves_2020_polarity
PHAR,PVT,unknown,no_receptor_match_found,Glu,2014,fenyves_2020_polarity
PHBL,AS11,unknown,no_receptor_match_found,Glu,2015,fenyves_2020_polarity
PHBL,AVAL,excitatory,receptor_match,Glu,2016,fenyves_2020_polarity
PHBL,AVAR,excitatory,receptor_match,Glu,2017,fenyves_2020_polarity
PHBL,AVDL,excitatory,receptor_match,Glu,2018,fenyves_2020_polarity
PHBL,AVDR,excitatory,receptor_match,Glu,2019,fenyves_2020_polarity
PHBL,AVG,excitatory,receptor_match,Glu,2020,fenyves_2020_polarity
PHBL,DA8,excitatory,receptor_match,Glu,2021,fenyves_2020_polarity
PHBL,PHBR,unknown,no_receptor_match_found,Glu,2022,fenyves_2020_polarity
PHBL,PVCL,excitatory,receptor_match,Glu,2023,fenyves_2020_polarity
PHBL,PVNL,excitatory,receptor_match,Glu,2024,fenyves_2020_polarity
PHBL,VA12,inhibitory,receptor_match,Glu,2025,fenyves_2020_polarity
PHBR,AVAL,excitatory,receptor_match,Glu,2026,fenyves_2020_polarity
PHBR,AVAR,excitatory,receptor_match,Glu,2027,fenyves_2020_polarity
PHBR,AVDL,excitatory,receptor_match,Glu,2028,fenyves_2020_polarity
PHBR,AVDR,excitatory,receptor_match,Glu,2029,fenyves_2020_polarity
PHBR,PHBL,unknown,no_receptor_match_found,Glu,2030,fenyves_2020_polarity
PHBR,PHCR,unknown,no_receptor_match_found,Glu,2031,fenyves_2020_polarity
PHBR,PVCL,excitatory,receptor_match,Glu,2032,fenyves_2020_polarity
PHBR,PVCR,excitatory,receptor_match,Glu,2033,fenyves_2020_polarity
PHBR,VA12,inhibitory,receptor_match,Glu,2034,fenyves_2020_polarity
PHCL,AVAL,excitatory,receptor_match,Glu,2035,fenyves_2020_polarity
PHCL,AVHR,excitatory,receptor_match,Glu,2036,fenyves_2020_polarity
PHCL,DA9,mixed,both_excitatory_and_inhibitory_receptors,Glu,2037,fenyves_2020_polarity
PHCL,DVA,excitatory,receptor_match,Glu,2038,fenyves_2020_polarity
PHCL,LUAL,excitatory,receptor_match,Glu,2039,fenyves_2020_polarity
PHCL,PHCR,unknown,no_receptor_match_found,Glu,2040,fenyves_2020_polarity
PHCL,PVCL,excitatory,receptor_match,Glu,2041,fenyves_2020_polarity
PHCL,PVQR,excitatory,receptor_match,Glu,2042,fenyves_2020_polarity
PHCL,VA12,inhibitory,receptor_match,Glu,2043,fenyves_2020_polarity
PHCR,AVHR,excitatory,receptor_match,Glu,2044,fenyves_2020_polarity
PHCR,DA9,mixed,both_excitatory_and_inhibitory_receptors,Glu,2045,fenyves_2020_polarity
PHCR,DVA,excitatory,receptor_match,Glu,2046,fenyves_2020_polarity
PHCR,LUAR,excitatory,receptor_match,Glu,2047,fenyves_2020_polarity
PHCR,PHAR,unknown,no_receptor_match_found,Glu,2048,fenyves_2020_polarity
PHCR,PHCL,unknown,no_receptor_match_found,Glu,2049,fenyves_2020_polarity
PHCR,PVCR,excitatory,receptor_match,Glu,2050,fenyves_2020_polarity
PHCR,PVQR,excitatory,receptor_match,Glu,2051,fenyves_2020_polarity
PHCR,VA12,inhibitory,receptor_match,Glu,2052,fenyves_2020_polarity
PLNL,RMDVL,inhibitory,receptor_match,ACh,2053,fenyves_2020_polarity
PLNL,SAADR,mixed,both_excitatory_and_inhibitory_receptors,ACh,2054,fenyves_2020_polarity
PLNL,SAAVL,mixed,both_excitatory_and_inhibitory_receptors,ACh,2055,fenyves_2020_polarity
PLNL,SIAVL,mixed,both_excitatory_and_inhibitory_receptors,ACh,2056,fenyves_2020_polarity
PLNL,SMBVL,inhibitory,receptor_match,ACh,2057,fenyves_2020_polarity
PLNL,SMBVR,inhibitory,receptor_match,ACh,2058,fenyves_2020_polarity
PLNL,SMDVR,mixed,both_excitatory_and_inhibitory_receptors,ACh,2059,fenyves_2020_polarity
PLNR,SAADL,mixed,both_excitatory_and_inhibitory_receptors,ACh,2060,fenyves_2020_polarity
PLNR,SIAVR,mixed,both_excitatory_and_inhibitory_receptors,ACh,2061,fenyves_2020_polarity
PLNR,SMBVL,inhibitory,receptor_match,ACh,2062,fenyves_2020_polarity
PLNR,SMBVR,inhibitory,receptor_match,ACh,2063,fenyves_2020_polarity
PLNR,SMDVL,mixed,both_excitatory_and_inhibitory_receptors,ACh,2064,fenyves_2020_polarity
PQR,AVAL,excitatory,receptor_match,Glu,2065,fenyves_2020_polarity
PQR,AVAR,excitatory,receptor_match,Glu,2066,fenyves_2020_polarity
PQR,AVDL,excitatory,receptor_match,Glu,2067,fenyves_2020_polarity
PQR,AVDR,excitatory,receptor_match,Glu,2068,fenyves_2020_polarity
PQR,AVG,excitatory,receptor_match,Glu,2069,fenyves_2020_polarity
PQR,AVHL,excitatory,receptor_match,Glu,2070,fenyves_2020_polarity
PQR,AVJR,excitatory,receptor_match,Glu,2071,fenyves_2020_polarity
PQR,DA8,excitatory,receptor_match,Glu,2072,fenyves_2020_polarity
PQR,DB7,excitatory,receptor_match,Glu,2073,fenyves_2020_polarity
PQR,LUAR,excitatory,receptor_match,Glu,2074,fenyves_2020_polarity
PQR,PHBL,unknown,no_receptor_match_found,Glu,2075,fenyves_2020_polarity
PQR,PVCL,excitatory,receptor_match,Glu,2076,fenyves_2020_polarity
PQR,PVCR,excitatory,receptor_match,Glu,2077,fenyves_2020_polarity
PQR,PVNL,excitatory,receptor_match,Glu,2078,fenyves_2020_polarity
PQR,PVPR,unknown,no_receptor_match_found,Glu,2079,fenyves_2020_polarity
PVCL,ADLR,unknown,no_receptor_match_found,ACh,2080,fenyves_2020_polarity
PVCL,AS1,excitatory,receptor_match,ACh,2081,fenyves_2020_polarity
PVCL,AS2,excitatory,receptor_match,ACh,2082,fenyves_2020_polarity
PVCL,ASHR,unknown,no_receptor_match_found,ACh,2083,fenyves_2020_polarity
PVCL,AVAL,mixed,both_excitatory_and_inhibitory_receptors,ACh,2084,fenyves_2020_polarity
PVCL,AVAR,mixed,both_excitatory_and_inhibitory_receptors,ACh,2085,fenyves_2020_polarity
PVCL,AVBL,excitatory,receptor_match,ACh,2086,fenyves_2020_polarity
PVCL,AVBR,excitatory,receptor_match,ACh,2087,fenyves_2020_polarity
PVCL,AVDL,unknown,no_receptor_match_found,ACh,2088,fenyves_2020_polarity
PVCL,AVDR,unknown,no_receptor_match_found,ACh,2089,fenyves_2020_polarity
PVCL,AVEL,inhibitory,receptor_match,ACh,2090,fenyves_2020_polarity
PVCL,AVER,inhibitory,receptor_match,ACh,2091,fenyves_2020_polarity
PVCL,AVG,excitatory,receptor_match,ACh,2092,fenyves_2020_polarity
PVCL,AVJL,unknown,no_receptor_match_found,ACh,2093,fenyves_2020_polarity
PVCL,AVJR,unknown,no_receptor_match_found,ACh,2094,fenyves_2020_polarity
PVCL,DA5,excitatory,receptor_match,ACh,2095,fenyves_2020_polarity
PVCL,DA8,excitatory,receptor_match,ACh,2096,fenyves_2020_polarity
PVCL,DB2,excitatory,receptor_match,ACh,2097,fenyves_2020_polarity
PVCL,DB3,excitatory,receptor_match,ACh,2098,fenyves_2020_polarity
PVCL,DB4,excitatory,receptor_match,ACh,2099,fenyves_2020_polarity
PVCL,DB7,excitatory,receptor_match,ACh,2100,fenyves_2020_polarity
PVCL,DVA,excitatory,receptor_match,ACh,2101,fenyves_2020_polarity
PVCL,PDER,inhibitory,receptor_match,ACh,2102,fenyves_2020_polarity
PVCL,PVCL,excitatory,receptor_match,ACh,2103,fenyves_2020_polarity
PVCL,PVCR,excitatory,receptor_match,ACh,2104,fenyves_2020_polarity
PVCL,RID,excitatory,receptor_match,ACh,2105,fenyves_2020_polarity
PVCL,RIS,unknown,no_receptor_match_found,ACh,2106,fenyves_2020_polarity
PVCL,SIBVL,mixed,both_excitatory_and_inhibitory_receptors,ACh,2107,fenyves_2020_polarity
PVCL,SMBVR,inhibitory,receptor_match,ACh,2108,fenyves_2020_polarity
PVCL,VA11,excitatory,receptor_match,ACh,2109,fenyves_2020_polarity
PVCL,VB11,excitatory,receptor_match,ACh,2112,fenyves_2020_polarity
PVCL,VB4,excitatory,receptor_match,ACh,2110,fenyves_2020_polarity
PVCL,VB6,excitatory,receptor_match,ACh,2111,fenyves_2020_polarity
PVCR,AQR,unknown,no_receptor_match_found,ACh,2113,fenyves_2020_polarity
PVCR,AVAL,mixed,both_excitatory_and_inhibitory_receptors,ACh,2114,fenyves_2020_polarity
PVCR,AVAR,mixed,both_excitatory_and_inhibitory_receptors,ACh,2115,fenyves_2020_polarity
PVCR,AVBL,excitatory,receptor_match,ACh,2116,fenyves_2020_polarity
PVCR,AVBR,excitatory,receptor_match,ACh,2117,fenyves_2020_polarity
PVCR,AVDL,unknown,no_receptor_match_found,ACh,2118,fenyves_2020_polarity
PVCR,AVDR,unknown,no_receptor_match_found,ACh,2119,fenyves_2020_polarity
PVCR,AVEL,inhibitory,receptor_match,ACh,2120,fenyves_2020_polarity
PVCR,AVER,inhibitory,receptor_match,ACh,2121,fenyves_2020_polarity
PVCR,AVHL,unknown,no_receptor_match_found,ACh,2122,fenyves_2020_polarity
PVCR,AVL,unknown,no_receptor_match_found,ACh,2123,fenyves_2020_polarity
PVCR,DA2,excitatory,receptor_match,ACh,2124,fenyves_2020_polarity
PVCR,DA4,excitatory,receptor_match,ACh,2125,fenyves_2020_polarity
PVCR,DA5,excitatory,receptor_match,ACh,2126,fenyves_2020_polarity
PVCR,DA7,excitatory,receptor_match,ACh,2127,fenyves_2020_polarity
PVCR,DB2,excitatory,receptor_match,ACh,2128,fenyves_2020_polarity
PVCR,DB3,excitatory,receptor_match,ACh,2129,fenyves_2020_polarity
PVCR,DB4,excitatory,receptor_match,ACh,2130,fenyves_2020_polarity
PVCR,DVA,excitatory,receptor_match,ACh,2131,fenyves_2020_polarity
PVCR,FLPL,excitatory,receptor_match,ACh,2132,fenyves_2020_polarity
PVCR,LUAR,unknown,no_receptor_match_found,ACh,2133,fenyves_2020_polarity
PVCR,PDER,inhibitory,receptor_match,ACh,2134,fenyves_2020_polarity
PVCR,PVCL,excitatory,receptor_match,ACh,2135,fenyves_2020_polarity
PVCR,PVDL,excitatory,receptor_match,ACh,2136,fenyves_2020_polarity
PVCR,PVDR,excitatory,receptor_match,ACh,2137,fenyves_2020_polarity
PVCR,PVPR,unknown,no_receptor_match_found,ACh,2138,fenyves_2020_polarity
PVCR,PVR,unknown,no_receptor_match_found,ACh,2139,fenyves_2020_polarity
PVCR,PVWR,unknown,no_receptor_match_found,ACh,2140,fenyves_2020_polarity
PVCR,RID,excitatory,receptor_match,ACh,2141,fenyves_2020_polarity
PVCR,SIBVR,mixed,both_excitatory_and_inhibitory_receptors,ACh,2142,fenyves_2020_polarity
PVCR,VB11,excitatory,receptor_match,ACh,2146,fenyves_2020_polarity
PVCR,VB3,excitatory,receptor_match,ACh,2143,fenyves_2020_polarity
PVCR,VB4,excitatory,receptor_match,ACh,2144,fenyves_2020_polarity
PVCR,VB6,excitatory,receptor_match,ACh,2145,fenyves_2020_polarity
PVDL,AVAL,excitatory,receptor_match,Glu,2147,fenyves_2020_polarity
PVDL,AVAR,excitatory,receptor_match,Glu,2148,fenyves_2020_polarity
PVDL,AVDL,excitatory,receptor_match,Glu,2149,fenyves_2020_polarity
PVDL,AVDR,excitatory,receptor_match,Glu,2150,fenyves_2020_polarity
PVDL,AVFL,unknown,no_receptor_match_found,Glu,2151,fenyves_2020_polarity
PVDL,AVG,excitatory,receptor_match,Glu,2152,fenyves_2020_polarity
PVDL,DD5,unknown,no_receptor_match_found,Glu,2153,fenyves_2020_polarity
PVDL,PVCL,excitatory,receptor_match,Glu,2154,fenyves_2020_polarity
PVDL,PVCR,excitatory,receptor_match,Glu,2155,fenyves_2020_polarity
PVDL,PVDR,mixed,both_excitatory_and_inhibitory_receptors,Glu,2156,fenyves_2020_polarity
PVDL,PVPL,unknown,no_receptor_match_found,Glu,2157,fenyves_2020_polarity
PVDL,VD10,unknown,no_receptor_match_found,Glu,2158,fenyves_2020_polarity
PVDR,AVAL,excitatory,receptor_match,Glu,2159,fenyves_2020_polarity
PVDR,AVAR,excitatory,receptor_match,Glu,2160,fenyves_2020_polarity
PVDR,AVDL,excitatory,receptor_match,Glu,2161,fenyves_2020_polarity
PVDR,DVA,excitatory,receptor_match,Glu,2162,fenyves_2020_polarity
PVDR,PVCL,excitatory,receptor_match,Glu,2163,fenyves_2020_polarity
PVDR,PVCR,excitatory,receptor_match,Glu,2164,fenyves_2020_polarity
PVDR,PVDL,mixed,both_excitatory_and_inhibitory_receptors,Glu,2165,fenyves_2020_polarity
PVDR,VA12,inhibitory,receptor_match,Glu,2167,fenyves_2020_polarity
PVDR,VA9,unknown,no_receptor_match_found,Glu,2166,fenyves_2020_polarity
PVDR,VB5,excitatory,receptor_match,Glu,2168,fenyves_2020_polarity
PVDR,VB6,excitatory,receptor_match,Glu,2169,fenyves_2020_polarity
PVM,AVKL,excitatory,receptor_match,Glu,2170,fenyves_2020_polarity
PVM,AVM,unknown,no_receptor_match_found,Glu,2171,fenyves_2020_polarity
PVM,DVA,excitatory,receptor_match,Glu,2172,fenyves_2020_polarity
PVM,PVCL,excitatory,receptor_match,Glu,2173,fenyves_2020_polarity
PVM,PVCR,excitatory,receptor_match,Glu,2174,fenyves_2020_polarity
PVM,PVR,unknown,no_receptor_match_found,Glu,2175,fenyves_2020_polarity
PVNL,AVAL,mixed,both_excitatory_and_inhibitory_receptors,ACh,2176,fenyves_2020_polarity
PVNL,AVBR,excitatory,receptor_match,ACh,2177,fenyves_2020_polarity
PVNL,AVDL,unknown,no_receptor_match_found,ACh,2178,fenyves_2020_polarity
PVNL,AVDR,unknown,no_receptor_match_found,ACh,2179,fenyves_2020_polarity
PVNL,AVG,excitatory,receptor_match,ACh,2180,fenyves_2020_polarity
PVNL,AVJL,unknown,no_receptor_match_found,ACh,2181,fenyves_2020_polarity
PVNL,AVJR,unknown,no_receptor_match_found,ACh,2182,fenyves_2020_polarity
PVNL,AVL,unknown,no_receptor_match_found,ACh,2183,fenyves_2020_polarity
PVNL,BDUL,unknown,no_receptor_match_found,ACh,2184,fenyves_2020_polarity
PVNL,BDUR,unknown,no_receptor_match_found,ACh,2185,fenyves_2020_polarity
PVNL,DD1,excitatory,receptor_match,ACh,2186,fenyves_2020_polarity
PVNL,LUAL,unknown,no_receptor_match_found,ACh,2187,fenyves_2020_polarity
PVNL,PQR,unknown,no_receptor_match_found,ACh,2188,fenyves_2020_polarity
PVNL,PVCL,excitatory,receptor_match,ACh,2189,fenyves_2020_polarity
PVNL,PVDL,excitatory,receptor_match,ACh,2190,fenyves_2020_polarity
PVNL,PVNR,excitatory,receptor_match,ACh,2191,fenyves_2020_polarity
PVNL,PVPR,unknown,no_receptor_match_found,ACh,2192,fenyves_2020_polarity
PVNL,PVT,excitatory,receptor_match,ACh,2193,fenyves_2020_polarity
PVNL,PVWL,unknown,no_receptor_match_found,ACh,2194,fenyves_2020_polarity
PVNL,PVWR,unknown,no_receptor_match_found,ACh,2195,fenyves_2020_polarity
PVNL,VA12,excitatory,receptor_match,ACh,2196,fenyves_2020_polarity
PVNL,VD12,excitatory,receptor_match,ACh,2197,fenyves_2020_polarity
PVNR,ALML,excitatory,receptor_match,ACh,2198,fenyves_2020_polarity
PVNR,AVAL,mixed,both_excitatory_and_inhibitory_receptors,ACh,2199,fenyves_2020_polarity
PVNR,AVBR,excitatory,receptor_match,ACh,2200,fenyves_2020_polarity
PVNR,AVDL,unknown,no_receptor_match_found,ACh,2201,fenyves_2020_polarity
PVNR,AVDR,unknown,no_receptor_match_found,ACh,2202,fenyves_2020_polarity
PVNR,AVEL,inhibitory,receptor_match,ACh,2203,fenyves_2020_polarity
PVNR,AVJL,unknown,no_receptor_match_found,ACh,2204,fenyves_2020_polarity
PVNR,AVJR,unknown,no_receptor_match_found,ACh,2205,fenyves_2020_polarity
PVNR,AVL,unknown,no_receptor_match_found,ACh,2206,fenyves_2020_polarity
PVNR,BDUL,unknown,no_receptor_match_found,ACh,2207,fenyves_2020_polarity
PVNR,CEPDL,unknown,no_receptor_match_found,ACh,2208,fenyves_2020_polarity
PVNR,DB3,excitatory,receptor_match,ACh,2209,fenyves_2020_polarity
PVNR,DD2,excitatory,receptor_match,ACh,2210,fenyves_2020_polarity
PVNR,HSNR,excitatory,receptor_match,ACh,2211,fenyves_2020_polarity
PVNR,PQR,unknown,no_receptor_match_found,ACh,2212,fenyves_2020_polarity
PVNR,PVCR,excitatory,receptor_match,ACh,2213,fenyves_2020_polarity
PVNR,PVDR,excitatory,receptor_match,ACh,2214,fenyves_2020_polarity
PVNR,PVNR,excitatory,receptor_match,ACh,2215,fenyves_2020_polarity
PVNR,PVR,unknown,no_receptor_match_found,ACh,2216,fenyves_2020_polarity
PVNR,PVT,excitatory,receptor_match,ACh,2217,fenyves_2020_polarity
PVNR,PVWL,unknown,no_receptor_match_found,ACh,2218,fenyves_2020_polarity
PVNR,PVWR,unknown,no_receptor_match_found,ACh,2219,fenyves_2020_polarity
PVNR,URBL,excitatory,receptor_match,ACh,2220,fenyves_2020_polarity
PVNR,URXL,inhibitory,receptor_match,ACh,2221,fenyves_2020_polarity
PVNR,VA11,excitatory,receptor_match,ACh,2223,fenyves_2020_polarity
PVNR,VA6,excitatory,receptor_match,ACh,2222,fenyves_2020_polarity
PVNR,VC2,excitatory,receptor_match,ACh,2224,fenyves_2020_polarity
PVNR,VD13,excitatory,receptor_match,ACh,2229,fenyves_2020_polarity
PVNR,VD3,excitatory,receptor_match,ACh,2225,fenyves_2020_polarity
PVNR,VD4,excitatory,receptor_match,ACh,2226,fenyves_2020_polarity
PVNR,VD6,excitatory,receptor_match,ACh,2227,fenyves_2020_polarity
PVNR,VD7,excitatory,receptor_match,ACh,2228,fenyves_2020_polarity
PVPL,ADAL,unknown,no_receptor_match_found,ACh,2230,fenyves_2020_polarity
PVPL,AQR,unknown,no_receptor_match_found,ACh,2231,fenyves_2020_polarity
PVPL,AVAL,mixed,both_excitatory_and_inhibitory_receptors,ACh,2232,fenyves_2020_polarity
PVPL,AVAR,mixed,both_excitatory_and_inhibitory_receptors,ACh,2233,fenyves_2020_polarity
PVPL,AVBL,excitatory,receptor_match,ACh,2234,fenyves_2020_polarity
PVPL,AVBR,excitatory,receptor_match,ACh,2235,fenyves_2020_polarity
PVPL,AVDR,unknown,no_receptor_match_found,ACh,2236,fenyves_2020_polarity
PVPL,AVHR,unknown,no_receptor_match_found,ACh,2237,fenyves_2020_polarity
PVPL,PVCL,excitatory,receptor_match,ACh,2238,fenyves_2020_polarity
PVPL,PVCR,excitatory,receptor_match,ACh,2239,fenyves_2020_polarity
PVPL,PVDL,excitatory,receptor_match,ACh,2240,fenyves_2020_polarity
PVPL,RIGL,mixed,both_excitatory_and_inhibitory_receptors,ACh,2241,fenyves_2020_polarity
PVPL,RIR,unknown,no_receptor_match_found,ACh,2242,fenyves_2020_polarity
PVPR,ADFR,unknown,no_receptor_match_found,ACh,2243,fenyves_2020_polarity
PVPR,AQR,unknown,no_receptor_match_found,ACh,2244,fenyves_2020_polarity
PVPR,ASHR,unknown,no_receptor_match_found,ACh,2245,fenyves_2020_polarity
PVPR,AVAL,mixed,both_excitatory_and_inhibitory_receptors,ACh,2246,fenyves_2020_polarity
PVPR,AVAR,mixed,both_excitatory_and_inhibitory_receptors,ACh,2247,fenyves_2020_polarity
PVPR,AVBL,excitatory,receptor_match,ACh,2248,fenyves_2020_polarity
PVPR,AVBR,excitatory,receptor_match,ACh,2249,fenyves_2020_polarity
PVPR,AVG,excitatory,receptor_match,ACh,2250,fenyves_2020_polarity
PVPR,AVHL,unknown,no_receptor_match_found,ACh,2251,fenyves_2020_polarity
PVPR,AVJL,unknown,no_receptor_match_found,ACh,2252,fenyves_2020_polarity
PVPR,AVL,unknown,no_receptor_match_found,ACh,2253,fenyves_2020_polarity
PVPR,DD2,excitatory,receptor_match,ACh,2254,fenyves_2020_polarity
PVPR,DVC,excitatory,receptor_match,ACh,2255,fenyves_2020_polarity
PVPR,HSNR,excitatory,receptor_match,ACh,2256,fenyves_2020_polarity
PVPR,PVCL,excitatory,receptor_match,ACh,2257,fenyves_2020_polarity
PVPR,PVCR,excitatory,receptor_match,ACh,2258,fenyves_2020_polarity
PVPR,PVQR,excitatory,receptor_match,ACh,2259,fenyves_2020_polarity
PVPR,RIAR,inhibitory,receptor_match,ACh,2260,fenyves_2020_polarity
PVPR,RIGR,mixed,both_excitatory_and_inhibitory_receptors,ACh,2261,fenyves_2020_polarity
PVPR,URXR,inhibitory,receptor_match,ACh,2262,fenyves_2020_polarity
PVQL,AIAL,mixed,both_excitatory_and_inhibitory_receptors,Glu,2263,fenyves_2020_polarity
PVQL,ASJL,unknown,no_receptor_match_found,Glu,2264,fenyves_2020_polarity
PVQL,ASKL,unknown,no_receptor_match_found,Glu,2265,fenyves_2020_polarity
PVQL,AVHR,excitatory,receptor_match,Glu,2266,fenyves_2020_polarity
PVQL,AWAL,unknown,no_receptor_match_found,Glu,2267,fenyves_2020_polarity
PVQL,DA8,excitatory,receptor_match,Glu,2268,fenyves_2020_polarity
PVQL,DD6,unknown,no_receptor_match_found,Glu,2269,fenyves_2020_polarity
PVQL,HSNL,excitatory,receptor_match,Glu,2270,fenyves_2020_polarity
PVQL,HSNR,excitatory,receptor_match,Glu,2271,fenyves_2020_polarity
PVQL,PVPL,unknown,no_receptor_match_found,Glu,2272,fenyves_2020_polarity
PVQL,RMGL,mixed,both_excitatory_and_inhibitory_receptors,Glu,2273,fenyves_2020_polarity
PVQR,AIAL,mixed,both_excitatory_and_inhibitory_receptors,Glu,2274,fenyves_2020_polarity
PVQR,AIAR,mixed,both_excitatory_and_inhibitory_receptors,Glu,2275,fenyves_2020_polarity
PVQR,AIMR,unknown,no_receptor_match_found,Glu,2276,fenyves_2020_polarity
PVQR,ASER,unknown,no_receptor_match_found,Glu,2277,fenyves_2020_polarity
PVQR,ASJL,unknown,no_receptor_match_found,Glu,2278,fenyves_2020_polarity
PVQR,ASKR,unknown,no_receptor_match_found,Glu,2279,fenyves_2020_polarity
PVQR,AVBR,excitatory,receptor_match,Glu,2280,fenyves_2020_polarity
PVQR,AVFR,unknown,no_receptor_match_found,Glu,2281,fenyves_2020_polarity
PVQR,AVL,inhibitory,receptor_match,Glu,2282,fenyves_2020_polarity
PVQR,AWAR,unknown,no_receptor_match_found,Glu,2283,fenyves_2020_polarity
PVQR,DD1,unknown,no_receptor_match_found,Glu,2284,fenyves_2020_polarity
PVQR,DD6,unknown,no_receptor_match_found,Glu,2285,fenyves_2020_polarity
PVQR,RIFR,excitatory,receptor_match,Glu,2286,fenyves_2020_polarity
PVQR,RMGR,mixed,both_excitatory_and_inhibitory_receptors,Glu,2287,fenyves_2020_polarity
PVQR,VC2,excitatory,receptor_match,Glu,2288,fenyves_2020_polarity
PVQR,VD1,unknown,no_receptor_match_found,Glu,2289,fenyves_2020_polarity
PVR,ADAR,unknown,no_receptor_match_found,Glu,2290,fenyves_2020_polarity
PVR,ALMR,mixed,both_excitatory_and_inhibitory_receptors,Glu,2291,fenyves_2020_polarity
PVR,AVBL,excitatory,receptor_match,Glu,2292,fenyves_2020_polarity
PVR,AVBR,excitatory,receptor_match,Glu,2293,fenyves_2020_polarity
PVR,AVJL,excitatory,receptor_match,Glu,2294,fenyves_2020_polarity
PVR,AVJR,excitatory,receptor_match,Glu,2295,fenyves_2020_polarity
PVR,AVKL,excitatory,receptor_match,Glu,2296,fenyves_2020_polarity
PVR,CEPVR,unknown,no_receptor_match_found,Glu,2297,fenyves_2020_polarity
PVR,DA5,unknown,no_receptor_match_found,Glu,2298,fenyves_2020_polarity
PVR,DA9,mixed,both_excitatory_and_inhibitory_receptors,Glu,2299,fenyves_2020_polarity
PVR,DB2,excitatory,receptor_match,Glu,2300,fenyves_2020_polarity
PVR,DB3,excitatory,receptor_match,Glu,2301,fenyves_2020_polarity
PVR,DB4,excitatory,receptor_match,Glu,2302,fenyves_2020_polarity
PVR,DB7,excitatory,receptor_match,Glu,2303,fenyves_2020_polarity
PVR,DVA,excitatory,receptor_match,Glu,2304,fenyves_2020_polarity
PVR,IL1DR,unknown,no_receptor_match_found,Glu,2305,fenyves_2020_polarity
PVR,IL1VL,unknown,no_receptor_match_found,Glu,2306,fenyves_2020_polarity
PVR,IL1VR,unknown,no_receptor_match_found,Glu,2307,fenyves_2020_polarity
PVR,PVCL,excitatory,receptor_match,Glu,2308,fenyves_2020_polarity
PVR,PVM,unknown,no_receptor_match_found,Glu,2309,fenyves_2020_polarity
PVR,PVR,unknown,no_receptor_match_found,Glu,2310,fenyves_2020_polarity
PVR,RIPL,unknown,no_receptor_match_found,Glu,2311,fenyves_2020_polarity
PVR,RIPR,unknown,no_receptor_match_found,Glu,2312,fenyves_2020_polarity
PVR,SABD,excitatory,receptor_match,Glu,2313,fenyves_2020_polarity
PVR,SDQR,unknown,no_receptor_match_found,Glu,2314,fenyves_2020_polarity
PVR,URADL,excitatory,receptor_match,Glu,2315,fenyves_2020_polarity
PVR,VB3,excitatory,receptor_match,Glu,2316,fenyves_2020_polarity
PVT,AIBL,unknown,no_receptor_match_found,,2317,fenyves_2020_polarity
PVT,AIBR,unknown,no_receptor_match_found,,2318,fenyves_2020_polarity
PVT,AVKL,unknown,no_receptor_match_found,,2319,fenyves_2020_polarity
PVT,AVKR,unknown,no_receptor_match_found,,2320,fenyves_2020_polarity
PVT,AVL,unknown,no_receptor_match_found,,2321,fenyves_2020_polarity
PVT,DVC,unknown,no_receptor_match_found,,2322,fenyves_2020_polarity
PVT,RIGL,unknown,no_receptor_match_found,,2323,fenyves_2020_polarity
PVT,RIGR,unknown,no_receptor_match_found,,2324,fenyves_2020_polarity
PVT,RIH,unknown,no_receptor_match_found,,2325,fenyves_2020_polarity
PVT,RIS,unknown,no_receptor_match_found,,2326,fenyves_2020_polarity
PVT,RMEV,unknown,no_receptor_match_found,,2327,fenyves_2020_polarity
PVT,RMFL,unknown,no_receptor_match_found,,2328,fenyves_2020_polarity
PVT,RMFR,unknown,no_receptor_match_found,,2329,fenyves_2020_polarity
PVWL,PVCL,unknown,no_receptor_match_found,,2330,fenyves_2020_polarity
PVWL,PVCR,unknown,no_receptor_match_found,,2331,fenyves_2020_polarity
PVWL,PVT,unknown,no_receptor_match_found,,2332,fenyves_2020_polarity
PVWL,PVWR,unknown,no_receptor_match_found,,2333,fenyves_2020_polarity
PVWL,VD12,unknown,no_receptor_match_found,,2334,fenyves_2020_polarity
PVWR,AVAR,unknown,no_receptor_match_found,,2335,fenyves_2020_polarity
PVWR,AVDR,unknown,no_receptor_match_found,,2336,fenyves_2020_polarity
PVWR,LUAR,unknown,no_receptor_match_found,,2337,fenyves_2020_polarity
PVWR,VA12,unknown,no_receptor_match_found,,2338,fenyves_2020_polarity
RIAL,AIZL,unknown,no_receptor_match_found,Glu,2339,fenyves_2020_polarity
RIAL,AQR,unknown,no_receptor_match_found,Glu,2340,fenyves_2020_polarity
RIAL,AVAL,excitatory,receptor_match,Glu,2341,fenyves_2020_polarity
RIAL,BAGR,unknown,no_receptor_match_found,Glu,2342,fenyves_2020_polarity
RIAL,CEPDL,unknown,no_receptor_match_found,Glu,2343,fenyves_2020_polarity
RIAL,RIAR,mixed,both_excitatory_and_inhibitory_receptors,Glu,2344,fenyves_2020_polarity
RIAL,RIBL,mixed,both_excitatory_and_inhibitory_receptors,Glu,2345,fenyves_2020_polarity
RIAL,RIML,mixed,both_excitatory_and_inhibitory_receptors,Glu,2346,fenyves_2020_polarity
RIAL,RIMR,mixed,both_excitatory_and_inhibitory_receptors,Glu,2347,fenyves_2020_polarity
RIAL,RIR,excitatory,receptor_match,Glu,2348,fenyves_2020_polarity
RIAL,RIVL,unknown,no_receptor_match_found,Glu,2349,fenyves_2020_polarity
RIAL,RIVR,unknown,no_receptor_match_found,Glu,2350,fenyves_2020_polarity
RIAL,RMDDL,excitatory,receptor_match,Glu,2351,fenyves_2020_polarity
RIAL,RMDDR,excitatory,receptor_match,Glu,2352,fenyves_2020_polarity
RIAL,RMDL,excitatory,receptor_match,Glu,2353,fenyves_2020_polarity
RIAL,RMDR,excitatory,receptor_match,Glu,2354,fenyves_2020_polarity
RIAL,RMDVL,excitatory,receptor_match,Glu,2355,fenyves_2020_polarity
RIAL,RMDVR,excitatory,receptor_match,Glu,2356,fenyves_2020_polarity
RIAL,SAADL,excitatory,receptor_match,Glu,2357,fenyves_2020_polarity
RIAL,SIADL,unknown,no_receptor_match_found,Glu,2358,fenyves_2020_polarity
RIAL,SIAVR,unknown,no_receptor_match_found,Glu,2359,fenyves_2020_polarity
RIAL,SMBDR,unknown,no_receptor_match_found,Glu,2360,fenyves_2020_polarity
RIAL,SMDDL,excitatory,receptor_match,Glu,2361,fenyves_2020_polarity
RIAL,SMDDR,excitatory,receptor_match,Glu,2362,fenyves_2020_polarity
RIAL,SMDVL,excitatory,receptor_match,Glu,2363,fenyves_2020_polarity
RIAL,SMDVR,excitatory,receptor_match,Glu,2364,fenyves_2020_polarity
RIAL,URXL,unknown,no_receptor_match_found,Glu,2365,fenyves_2020_polarity
RIAR,ADFR,unknown,no_receptor_match_found,Glu,2366,fenyves_2020_polarity
RIAR,AUAR,excitatory,receptor_match,Glu,2367,fenyves_2020_polarity
RIAR,AVAR,excitatory,receptor_match,Glu,2368,fenyves_2020_polarity
RIAR,CEPVL,unknown,no_receptor_match_found,Glu,2369,fenyves_2020_polarity
RIAR,CEPVR,unknown,no_receptor_match_found,Glu,2370,fenyves_2020_polarity
RIAR,IL1R,unknown,no_receptor_match_found,Glu,2371,fenyves_2020_polarity
RIAR,RIAL,mixed,both_excitatory_and_inhibitory_receptors,Glu,2372,fenyves_2020_polarity
RIAR,RIAR,mixed,both_excitatory_and_inhibitory_receptors,Glu,2373,fenyves_2020_polarity
RIAR,RIBR,mixed,both_excitatory_and_inhibitory_receptors,Glu,2374,fenyves_2020_polarity
RIAR,RIVL,unknown,no_receptor_match_found,Glu,2375,fenyves_2020_polarity
RIAR,RIVR,unknown,no_receptor_match_found,Glu,2376,fenyves_2020_polarity
RIAR,RMDDL,excitatory,receptor_match,Glu,2377,fenyves_2020_polarity
RIAR,RMDDR,excitatory,receptor_match,Glu,2378,fenyves_2020_polarity
RIAR,RMDL,excitatory,receptor_match,Glu,2379,fenyves_2020_polarity
RIAR,RMDR,excitatory,receptor_match,Glu,2380,fenyves_2020_polarity
RIAR,RMDVL,excitatory,receptor_match,Glu,2381,fenyves_2020_polarity
RIAR,RMDVR,excitatory,receptor_match,Glu,2382,fenyves_2020_polarity
RIAR,SAADR,excitatory,receptor_match,Glu,2383,fenyves_2020_polarity
RIAR,SIADR,unknown,no_receptor_match_found,Glu,2384,fenyves_2020_polarity
RIAR,SIAVL,unknown,no_receptor_match_found,Glu,2385,fenyves_2020_polarity
RIAR,SMBDR,unknown,no_receptor_match_found,Glu,2386,fenyves_2020_polarity
RIAR,SMBVR,unknown,no_receptor_match_found,Glu,2387,fenyves_2020_polarity
RIAR,SMDDL,excitatory,receptor_match,Glu,2388,fenyves_2020_polarity
RIAR,SMDDR,excitatory,receptor_match,Glu,2389,fenyves_2020_polarity
RIAR,SMDVL,excitatory,receptor_match,Glu,2390,fenyves_2020_polarity
RIAR,SMDVR,excitatory,receptor_match,Glu,2391,fenyves_2020_polarity
RIBL,AIBR,inhibitory,receptor_match,GABA,2392,fenyves_2020_polarity
RIBL,AUAL,unknown,no_receptor_match_found,GABA,2393,fenyves_2020_polarity
RIBL,AVAL,mixed,both_excitatory_and_inhibitory_receptors,GABA,2394,fenyves_2020_polarity
RIBL,AVBR,mixed,both_excitatory_and_inhibitory_receptors,GABA,2395,fenyves_2020_polarity
RIBL,AVDR,excitatory,receptor_match,GABA,2396,fenyves_2020_polarity
RIBL,AVEL,inhibitory,receptor_match,GABA,2397,fenyves_2020_polarity
RIBL,AVER,inhibitory,receptor_match,GABA,2398,fenyves_2020_polarity
RIBL,BAGR,unknown,no_receptor_match_found,GABA,2399,fenyves_2020_polarity
RIBL,CEPVL,inhibitory,receptor_match,GABA,2400,fenyves_2020_polarity
RIBL,DVC,excitatory,receptor_match,GABA,2401,fenyves_2020_polarity
RIBL,RIAL,inhibitory,receptor_match,GABA,2402,fenyves_2020_polarity
RIBL,RIGL,mixed,both_excitatory_and_inhibitory_receptors,GABA,2403,fenyves_2020_polarity
RIBL,RIML,mixed,both_excitatory_and_inhibitory_receptors,GABA,2404,fenyves_2020_polarity
RIBL,RIS,inhibitory,receptor_match,GABA,2405,fenyves_2020_polarity
RIBL,RMDR,inhibitory,receptor_match,GABA,2406,fenyves_2020_polarity
RIBL,SMDVR,mixed,both_excitatory_and_inhibitory_receptors,GABA,2407,fenyves_2020_polarity
RIBL,URYDL,inhibitory,receptor_match,GABA,2408,fenyves_2020_polarity
RIBR,AIBL,inhibitory,receptor_match,GABA,2409,fenyves_2020_polarity
RIBR,AINL,inhibitory,receptor_match,GABA,2410,fenyves_2020_polarity
RIBR,AIZR,inhibitory,receptor_match,GABA,2411,fenyves_2020_polarity
RIBR,AUAR,unknown,no_receptor_match_found,GABA,2412,fenyves_2020_polarity
RIBR,AVAR,mixed,both_excitatory_and_inhibitory_receptors,GABA,2413,fenyves_2020_polarity
RIBR,AVBL,mixed,both_excitatory_and_inhibitory_receptors,GABA,2414,fenyves_2020_polarity
RIBR,AVEL,inhibitory,receptor_match,GABA,2415,fenyves_2020_polarity
RIBR,AVER,inhibitory,receptor_match,GABA,2416,fenyves_2020_polarity
RIBR,BAGL,unknown,no_receptor_match_found,GABA,2417,fenyves_2020_polarity
RIBR,OLLR,inhibitory,receptor_match,GABA,2418,fenyves_2020_polarity
RIBR,RIAR,inhibitory,receptor_match,GABA,2419,fenyves_2020_polarity
RIBR,RIGR,mixed,both_excitatory_and_inhibitory_receptors,GABA,2420,fenyves_2020_polarity
RIBR,RIH,inhibitory,receptor_match,GABA,2421,fenyves_2020_polarity
RIBR,RIS,inhibitory,receptor_match,GABA,2422,fenyves_2020_polarity
RIBR,RMDVR,inhibitory,receptor_match,GABA,2423,fenyves_2020_polarity
RIBR,RMED,excitatory,receptor_match,GABA,2424,fenyves_2020_polarity
RIBR,SMDDL,mixed,both_excitatory_and_inhibitory_receptors,GABA,2425,fenyves_2020_polarity
RIBR,SMDVL,mixed,both_excitatory_and_inhibitory_receptors,GABA,2426,fenyves_2020_polarity
RIBR,SMDVR,mixed,both_excitatory_and_inhibitory_receptors,GABA,2427,fenyves_2020_polarity
RIBR,URYVR,inhibitory,receptor_match,GABA,2428,fenyves_2020_polarity
RICL,ADAL,unknown,no_receptor_match_found,,2429,fenyves_2020_polarity
RICL,ADAR,unknown,no_receptor_match_found,,2430,fenyves_2020_polarity
RICL,ADLR,unknown,no_receptor_match_found,,2431,fenyves_2020_polarity
RICL,AVAL,unknown,no_receptor_match_found,,2432,fenyves_2020_polarity
RICL,AVAR,unknown,no_receptor_match_found,,2433,fenyves_2020_polarity
RICL,CEPDL,unknown,no_receptor_match_found,,2434,fenyves_2020_polarity
RICL,CEPVL,unknown,no_receptor_match_found,,2435,fenyves_2020_polarity
RICL,OLQVL,unknown,no_receptor_match_found,,2436,fenyves_2020_polarity
RICL,RICR,unknown,no_receptor_match_found,,2437,fenyves_2020_polarity
RICL,RIML,unknown,no_receptor_match_found,,2438,fenyves_2020_polarity
RICL,RIMR,unknown,no_receptor_match_found,,2439,fenyves_2020_polarity
RICL,RIVR,unknown,no_receptor_match_found,,2440,fenyves_2020_polarity
RICL,RMFR,unknown,no_receptor_match_found,,2441,fenyves_2020_polarity
RICL,SAAVL,unknown,no_receptor_match_found,,2442,fenyves_2020_polarity
RICL,SMBDL,unknown,no_receptor_match_found,,2443,fenyves_2020_polarity
RICL,SMBDR,unknown,no_receptor_match_found,,2444,fenyves_2020_polarity
RICL,SMDDL,unknown,no_receptor_match_found,,2445,fenyves_2020_polarity
RICL,SMDDR,unknown,no_receptor_match_found,,2446,fenyves_2020_polarity
RICL,SMDVR,unknown,no_receptor_match_found,,2447,fenyves_2020_polarity
RICL,URBR,unknown,no_receptor_match_found,,2448,fenyves_2020_polarity
RICR,ADAR,unknown,no_receptor_match_found,,2449,fenyves_2020_polarity
RICR,AIBL,unknown,no_receptor_match_found,,2450,fenyves_2020_polarity
RICR,AIBR,unknown,no_receptor_match_found,,2451,fenyves_2020_polarity
RICR,AIZL,unknown,no_receptor_match_found,,2452,fenyves_2020_polarity
RICR,AVAL,unknown,no_receptor_match_found,,2453,fenyves_2020_polarity
RICR,AVAR,unknown,no_receptor_match_found,,2454,fenyves_2020_polarity
RICR,AVKR,unknown,no_receptor_match_found,,2455,fenyves_2020_polarity
RICR,CEPDL,unknown,no_receptor_match_found,,2456,fenyves_2020_polarity
RICR,CEPDR,unknown,no_receptor_match_found,,2457,fenyves_2020_polarity
RICR,RICL,unknown,no_receptor_match_found,,2458,fenyves_2020_polarity
RICR,RIML,unknown,no_receptor_match_found,,2459,fenyves_2020_polarity
RICR,RIMR,unknown,no_receptor_match_found,,2460,fenyves_2020_polarity
RICR,RIVL,unknown,no_receptor_match_found,,2461,fenyves_2020_polarity
RICR,RMFL,unknown,no_receptor_match_found,,2462,fenyves_2020_polarity
RICR,RMGL,unknown,no_receptor_match_found,,2463,fenyves_2020_polarity
RICR,SMBDR,unknown,no_receptor_match_found,,2464,fenyves_2020_polarity
RICR,SMDDL,unknown,no_receptor_match_found,,2465,fenyves_2020_polarity
RICR,SMDDR,unknown,no_receptor_match_found,,2466,fenyves_2020_polarity
RICR,SMDVL,unknown,no_receptor_match_found,,2467,fenyves_2020_polarity
RICR,SMDVR,unknown,no_receptor_match_found,,2468,fenyves_2020_polarity
RICR,URBR,unknown,no_receptor_match_found,,2469,fenyves_2020_polarity
RICR,VB1,unknown,no_receptor_match_found,,2470,fenyves_2020_polarity
RID,DA2,unknown,no_receptor_match_found,,2471,fenyves_2020_polarity
RID,DA6,unknown,no_receptor_match_found,,2472,fenyves_2020_polarity
RID,DB1,unknown,no_receptor_match_found,,2473,fenyves_2020_polarity
RID,DD1,unknown,no_receptor_match_found,,2474,fenyves_2020_polarity
RID,DD2,unknown,no_receptor_match_found,,2475,fenyves_2020_polarity
RID,FLPL,unknown,no_receptor_match_found,,2476,fenyves_2020_polarity
RID,RMED,unknown,no_receptor_match_found,,2477,fenyves_2020_polarity
RID,VD5,unknown,no_receptor_match_found,,2478,fenyves_2020_polarity
RIFL,ALML,excitatory,receptor_match,ACh,2479,fenyves_2020_polarity
RIFL,AVBL,excitatory,receptor_match,ACh,2480,fenyves_2020_polarity
RIFL,AVBR,excitatory,receptor_match,ACh,2481,fenyves_2020_polarity
RIFL,AVHR,unknown,no_receptor_match_found,ACh,2482,fenyves_2020_polarity
RIFL,AVJR,unknown,no_receptor_match_found,ACh,2483,fenyves_2020_polarity
RIFL,PVPL,unknown,no_receptor_match_found,ACh,2484,fenyves_2020_polarity
RIFL,RIML,mixed,both_excitatory_and_inhibitory_receptors,ACh,2485,fenyves_2020_polarity
RIFR,ADLR,unknown,no_receptor_match_found,ACh,2486,fenyves_2020_polarity
RIFR,AIZL,inhibitory,receptor_match,ACh,2487,fenyves_2020_polarity
RIFR,ASHR,unknown,no_receptor_match_found,ACh,2488,fenyves_2020_polarity
RIFR,AVBL,excitatory,receptor_match,ACh,2489,fenyves_2020_polarity
RIFR,AVBR,excitatory,receptor_match,ACh,2490,fenyves_2020_polarity
RIFR,AVFL,unknown,no_receptor_match_found,ACh,2491,fenyves_2020_polarity
RIFR,AVJL,unknown,no_receptor_match_found,ACh,2492,fenyves_2020_polarity
RIFR,AVJR,unknown,no_receptor_match_found,ACh,2493,fenyves_2020_polarity
RIFR,AWBR,unknown,no_receptor_match_found,ACh,2494,fenyves_2020_polarity
RIFR,CEPVR,unknown,no_receptor_match_found,ACh,2495,fenyves_2020_polarity
RIFR,HSNL,excitatory,receptor_match,ACh,2496,fenyves_2020_polarity
RIFR,HSNR,excitatory,receptor_match,ACh,2497,fenyves_2020_polarity
RIFR,PVCL,excitatory,receptor_match,ACh,2498,fenyves_2020_polarity
RIFR,PVCR,excitatory,receptor_match,ACh,2499,fenyves_2020_polarity
RIFR,PVPR,unknown,no_receptor_match_found,ACh,2500,fenyves_2020_polarity
RIFR,RIAR,inhibitory,receptor_match,ACh,2501,fenyves_2020_polarity
RIFR,RIFL,unknown,no_receptor_match_found,ACh,2502,fenyves_2020_polarity
RIFR,RIMR,mixed,both_excitatory_and_inhibitory_receptors,ACh,2503,fenyves_2020_polarity
RIFR,RIPR,unknown,no_receptor_match_found,ACh,2504,fenyves_2020_polarity
RIFR,URXR,inhibitory,receptor_match,ACh,2505,fenyves_2020_polarity
RIGL,ADFL,unknown,no_receptor_match_found,Glu,2506,fenyves_2020_polarity
RIGL,ADLL,unknown,no_receptor_match_found,Glu,2507,fenyves_2020_polarity
RIGL,AIBR,excitatory,receptor_match,Glu,2508,fenyves_2020_polarity
RIGL,AIZL,unknown,no_receptor_match_found,Glu,2509,fenyves_2020_polarity
RIGL,AIZR,unknown,no_receptor_match_found,Glu,2510,fenyves_2020_polarity
RIGL,ALNL,unknown,no_receptor_match_found,Glu,2511,fenyves_2020_polarity
RIGL,AVEL,excitatory,receptor_match,Glu,2512,fenyves_2020_polarity
RIGL,AVER,excitatory,receptor_match,Glu,2513,fenyves_2020_polarity
RIGL,AVKR,excitatory,receptor_match,Glu,2514,fenyves_2020_polarity
RIGL,BAGR,unknown,no_receptor_match_found,Glu,2515,fenyves_2020_polarity
RIGL,DVA,excitatory,receptor_match,Glu,2516,fenyves_2020_polarity
RIGL,OLQVL,unknown,no_receptor_match_found,Glu,2517,fenyves_2020_polarity
RIGL,PVPL,unknown,no_receptor_match_found,Glu,2518,fenyves_2020_polarity
RIGL,RIBL,mixed,both_excitatory_and_inhibitory_receptors,Glu,2519,fenyves_2020_polarity
RIGL,RIH,excitatory,receptor_match,Glu,2520,fenyves_2020_polarity
RIGL,RIR,excitatory,receptor_match,Glu,2521,fenyves_2020_polarity
RIGL,RMGL,mixed,both_excitatory_and_inhibitory_receptors,Glu,2522,fenyves_2020_polarity
RIGL,RMHR,excitatory,receptor_match,Glu,2523,fenyves_2020_polarity
RIGL,URXL,unknown,no_receptor_match_found,Glu,2524,fenyves_2020_polarity
RIGR,AFDR,unknown,no_receptor_match_found,Glu,2525,fenyves_2020_polarity
RIGR,AIBL,excitatory,receptor_match,Glu,2526,fenyves_2020_polarity
RIGR,AIZR,unknown,no_receptor_match_found,Glu,2527,fenyves_2020_polarity
RIGR,ALNR,unknown,no_receptor_match_found,Glu,2528,fenyves_2020_polarity
RIGR,AVDL,excitatory,receptor_match,Glu,2529,fenyves_2020_polarity
RIGR,AVER,excitatory,receptor_match,Glu,2530,fenyves_2020_polarity
RIGR,AVKL,excitatory,receptor_match,Glu,2531,fenyves_2020_polarity
RIGR,AVKR,excitatory,receptor_match,Glu,2532,fenyves_2020_polarity
RIGR,BAGL,unknown,no_receptor_match_found,Glu,2533,fenyves_2020_polarity
RIGR,DVA,excitatory,receptor_match,Glu,2534,fenyves_2020_polarity
RIGR,DVC,excitatory,receptor_match,Glu,2535,fenyves_2020_polarity
RIGR,OLQVR,unknown,no_receptor_match_found,Glu,2536,fenyves_2020_polarity
RIGR,PVT,unknown,no_receptor_match_found,Glu,2537,fenyves_2020_polarity
RIGR,RIAR,mixed,both_excitatory_and_inhibitory_receptors,Glu,2538,fenyves_2020_polarity
RIGR,RIBR,mixed,both_excitatory_and_inhibitory_receptors,Glu,2539,fenyves_2020_polarity
RIGR,RIR,excitatory,receptor_match,Glu,2540,fenyves_2020_polarity
RIGR,RMHL,excitatory,receptor_match,Glu,2541,fenyves_2020_polarity
RIGR,URXR,unknown,no_receptor_match_found,Glu,2542,fenyves_2020_polarity
RIGR,URYVR,excitatory,receptor_match,Glu,2543,fenyves_2020_polarity
RIH,ADFR,unknown,no_receptor_match_found,ACh,2544,fenyves_2020_polarity
RIH,AIYL,excitatory,receptor_match,ACh,2545,fenyves_2020_polarity
RIH,AIYR,excitatory,receptor_match,ACh,2546,fenyves_2020_polarity
RIH,AIZL,inhibitory,receptor_match,ACh,2547,fenyves_2020_polarity
RIH,AIZR,inhibitory,receptor_match,ACh,2548,fenyves_2020_polarity
RIH,AUAR,unknown,no_receptor_match_found,ACh,2549,fenyves_2020_polarity
RIH,BAGL,unknown,no_receptor_match_found,ACh,2550,fenyves_2020_polarity
RIH,BAGR,unknown,no_receptor_match_found,ACh,2551,fenyves_2020_polarity
RIH,CEPDL,unknown,no_receptor_match_found,ACh,2552,fenyves_2020_polarity
RIH,CEPVL,unknown,no_receptor_match_found,ACh,2553,fenyves_2020_polarity
RIH,CEPVR,unknown,no_receptor_match_found,ACh,2554,fenyves_2020_polarity
RIH,IL2L,unknown,no_receptor_match_found,ACh,2555,fenyves_2020_polarity
RIH,IL2R,unknown,no_receptor_match_found,ACh,2556,fenyves_2020_polarity
RIH,IL2VL,unknown,no_receptor_match_found,ACh,2557,fenyves_2020_polarity
RIH,IL2VR,unknown,no_receptor_match_found,ACh,2558,fenyves_2020_polarity
RIH,OLQDL,unknown,no_receptor_match_found,ACh,2559,fenyves_2020_polarity
RIH,OLQDR,unknown,no_receptor_match_found,ACh,2560,fenyves_2020_polarity
RIH,OLQVL,unknown,no_receptor_match_found,ACh,2561,fenyves_2020_polarity
RIH,OLQVR,unknown,no_receptor_match_found,ACh,2562,fenyves_2020_polarity
RIH,RIAL,inhibitory,receptor_match,ACh,2563,fenyves_2020_polarity
RIH,RIAR,inhibitory,receptor_match,ACh,2564,fenyves_2020_polarity
RIH,RIBL,excitatory,receptor_match,ACh,2565,fenyves_2020_polarity
RIH,RIBR,excitatory,receptor_match,ACh,2566,fenyves_2020_polarity
RIH,RIPL,unknown,no_receptor_match_found,ACh,2567,fenyves_2020_polarity
RIH,RIPR,unknown,no_receptor_match_found,ACh,2568,fenyves_2020_polarity
RIH,RMER,excitatory,receptor_match,ACh,2569,fenyves_2020_polarity
RIH,RMEV,excitatory,receptor_match,ACh,2570,fenyves_2020_polarity
RIH,URAVR,unknown,no_receptor_match_found,ACh,2571,fenyves_2020_polarity
RIH,URYVR,unknown,no_receptor_match_found,ACh,2572,fenyves_2020_polarity
RIML,AIBL,excitatory,receptor_match,Glu,2573,fenyves_2020_polarity
RIML,AIBR,excitatory,receptor_match,Glu,2574,fenyves_2020_polarity
RIML,AVAL,excitatory,receptor_match,Glu,2575,fenyves_2020_polarity
RIML,AVAR,excitatory,receptor_match,Glu,2576,fenyves_2020_polarity
RIML,AVBL,excitatory,receptor_match,Glu,2577,fenyves_2020_polarity
RIML,AVBR,excitatory,receptor_match,Glu,2578,fenyves_2020_polarity
RIML,AVER,excitatory,receptor_match,Glu,2579,fenyves_2020_polarity
RIML,AVKR,excitatory,receptor_match,Glu,2580,fenyves_2020_polarity
RIML,RIAL,mixed,both_excitatory_and_inhibitory_receptors,Glu,2581,fenyves_2020_polarity
RIML,RIBL,mixed,both_excitatory_and_inhibitory_receptors,Glu,2582,fenyves_2020_polarity
RIML,RICR,excitatory,receptor_match,Glu,2583,fenyves_2020_polarity
RIML,RIML,mixed,both_excitatory_and_inhibitory_receptors,Glu,2584,fenyves_2020_polarity
RIML,RIMR,mixed,both_excitatory_and_inhibitory_receptors,Glu,2585,fenyves_2020_polarity
RIML,RMDL,excitatory,receptor_match,Glu,2586,fenyves_2020_polarity
RIML,RMDR,excitatory,receptor_match,Glu,2587,fenyves_2020_polarity
RIML,RMFL,excitatory,receptor_match,Glu,2588,fenyves_2020_polarity
RIML,RMFR,excitatory,receptor_match,Glu,2589,fenyves_2020_polarity
RIML,SAADL,excitatory,receptor_match,Glu,2590,fenyves_2020_polarity
RIML,SAADR,excitatory,receptor_match,Glu,2591,fenyves_2020_polarity
RIML,SAAVL,excitatory,receptor_match,Glu,2592,fenyves_2020_polarity
RIML,SAAVR,excitatory,receptor_match,Glu,2593,fenyves_2020_polarity
RIML,SMDDL,excitatory,receptor_match,Glu,2594,fenyves_2020_polarity
RIML,SMDDR,excitatory,receptor_match,Glu,2595,fenyves_2020_polarity
RIML,SMDVL,excitatory,receptor_match,Glu,2596,fenyves_2020_polarity
RIML,VB1,excitatory,receptor_match,Glu,2597,fenyves_2020_polarity
RIMR,ADAR,unknown,no_receptor_match_found,Glu,2598,fenyves_2020_polarity
RIMR,AIBL,excitatory,receptor_match,Glu,2599,fenyves_2020_polarity
RIMR,AVAL,excitatory,receptor_match,Glu,2600,fenyves_2020_polarity
RIMR,AVBL,excitatory,receptor_match,Glu,2601,fenyves_2020_polarity
RIMR,AVBR,excitatory,receptor_match,Glu,2602,fenyves_2020_polarity
RIMR,AVJL,excitatory,receptor_match,Glu,2603,fenyves_2020_polarity
RIMR,AVKL,excitatory,receptor_match,Glu,2604,fenyves_2020_polarity
RIMR,RIBR,mixed,both_excitatory_and_inhibitory_receptors,Glu,2605,fenyves_2020_polarity
RIMR,RIML,mixed,both_excitatory_and_inhibitory_receptors,Glu,2606,fenyves_2020_polarity
RIMR,RIS,mixed,both_excitatory_and_inhibitory_receptors,Glu,2607,fenyves_2020_polarity
RIMR,RMDL,excitatory,receptor_match,Glu,2608,fenyves_2020_polarity
RIMR,RMDR,excitatory,receptor_match,Glu,2609,fenyves_2020_polarity
RIMR,RMFL,excitatory,receptor_match,Glu,2610,fenyves_2020_polarity
RIMR,RMFR,excitatory,receptor_match,Glu,2611,fenyves_2020_polarity
RIMR,SAAVL,excitatory,receptor_match,Glu,2612,fenyves_2020_polarity
RIMR,SAAVR,excitatory,receptor_match,Glu,2613,fenyves_2020_polarity
RIMR,SMDDL,excitatory,receptor_match,Glu,2614,fenyves_2020_polarity
RIMR,SMDDR,excitatory,receptor_match,Glu,2615,fenyves_2020_polarity
RIMR,SMDVL,excitatory,receptor_match,Glu,2616,fenyves_2020_polarity
RIMR,SMDVR,excitatory,receptor_match,Glu,2617,fenyves_2020_polarity
RIMR,VB1,excitatory,receptor_match,Glu,2618,fenyves_2020_polarity
RIPL,OLQDR,unknown,no_receptor_match_found,,2619,fenyves_2020_polarity
RIPL,OLQVL,unknown,no_receptor_match_found,,2620,fenyves_2020_polarity
RIPL,RIH,unknown,no_receptor_match_found,,2621,fenyves_2020_polarity
RIPL,RIPL,unknown,no_receptor_match_found,,2622,fenyves_2020_polarity
RIPR,AVBR,unknown,no_receptor_match_found,,2623,fenyves_2020_polarity
RIPR,OLQDR,unknown,no_receptor_match_found,,2624,fenyves_2020_polarity
RIPR,OLQVR,unknown,no_receptor_match_found,,2625,fenyves_2020_polarity
RIPR,RIH,unknown,no_receptor_match_found,,2626,fenyves_2020_polarity
RIPR,URAVR,unknown,no_receptor_match_found,,2627,fenyves_2020_polarity
RIR,ADAR,unknown,no_receptor_match_found,ACh,2628,fenyves_2020_polarity
RIR,ADFL,unknown,no_receptor_match_found,ACh,2629,fenyves_2020_polarity
RIR,ADFR,unknown,no_receptor_match_found,ACh,2630,fenyves_2020_polarity
RIR,AFDR,unknown,no_receptor_match_found,ACh,2631,fenyves_2020_polarity
RIR,AIMR,unknown,no_receptor_match_found,ACh,2632,fenyves_2020_polarity
RIR,AIZL,inhibitory,receptor_match,ACh,2633,fenyves_2020_polarity
RIR,AIZR,inhibitory,receptor_match,ACh,2634,fenyves_2020_polarity
RIR,AQR,unknown,no_receptor_match_found,ACh,2635,fenyves_2020_polarity
RIR,ASHL,unknown,no_receptor_match_found,ACh,2636,fenyves_2020_polarity
RIR,ASHR,unknown,no_receptor_match_found,ACh,2637,fenyves_2020_polarity
RIR,AUAL,unknown,no_receptor_match_found,ACh,2638,fenyves_2020_polarity
RIR,AVEL,inhibitory,receptor_match,ACh,2639,fenyves_2020_polarity
RIR,AWBR,unknown,no_receptor_match_found,ACh,2640,fenyves_2020_polarity
RIR,BAGR,unknown,no_receptor_match_found,ACh,2641,fenyves_2020_polarity
RIR,DVA,excitatory,receptor_match,ACh,2642,fenyves_2020_polarity
RIR,HSNL,excitatory,receptor_match,ACh,2643,fenyves_2020_polarity
RIR,PVPL,unknown,no_receptor_match_found,ACh,2644,fenyves_2020_polarity
RIR,PVPR,unknown,no_receptor_match_found,ACh,2645,fenyves_2020_polarity
RIR,RIAL,inhibitory,receptor_match,ACh,2646,fenyves_2020_polarity
RIR,RIAR,inhibitory,receptor_match,ACh,2647,fenyves_2020_polarity
RIR,RIGL,mixed,both_excitatory_and_inhibitory_receptors,ACh,2648,fenyves_2020_polarity
RIR,RIGR,mixed,both_excitatory_and_inhibitory_receptors,ACh,2649,fenyves_2020_polarity
RIR,RMGL,unknown,no_receptor_match_found,ACh,2650,fenyves_2020_polarity
RIR,RMGR,unknown,no_receptor_match_found,ACh,2651,fenyves_2020_polarity
RIR,URXL,inhibitory,receptor_match,ACh,2652,fenyves_2020_polarity
RIR,URXR,inhibitory,receptor_match,ACh,2653,fenyves_2020_polarity
RIS,AVEL,inhibitory,receptor_match,GABA,2654,fenyves_2020_polarity
RIS,AVER,inhibitory,receptor_match,GABA,2655,fenyves_2020_polarity
RIS,AVKL,unknown,no_receptor_match_found,GABA,2656,fenyves_2020_polarity
RIS,AVKR,unknown,no_receptor_match_found,GABA,2657,fenyves_2020_polarity
RIS,AVL,unknown,no_receptor_match_found,GABA,2658,fenyves_2020_polarity
RIS,CEPDL,inhibitory,receptor_match,GABA,2659,fenyves_2020_polarity
RIS,CEPVL,inhibitory,receptor_match,GABA,2660,fenyves_2020_polarity
RIS,CEPVR,inhibitory,receptor_match,GABA,2661,fenyves_2020_polarity
RIS,OLLR,inhibitory,receptor_match,GABA,2662,fenyves_2020_polarity
RIS,RIBL,unknown,no_receptor_match_found,GABA,2663,fenyves_2020_polarity
RIS,RIBR,unknown,no_receptor_match_found,GABA,2664,fenyves_2020_polarity
RIS,RIML,unknown,no_receptor_match_found,GABA,2665,fenyves_2020_polarity
RIS,RIMR,unknown,no_receptor_match_found,GABA,2666,fenyves_2020_polarity
RIS,RIS,inhibitory,receptor_match,GABA,2667,fenyves_2020_polarity
RIS,RMDDL,unknown,no_receptor_match_found,GABA,2668,fenyves_2020_polarity
RIS,RMDDR,unknown,no_receptor_match_found,GABA,2669,fenyves_2020_polarity
RIS,RMDL,inhibitory,receptor_match,GABA,2670,fenyves_2020_polarity
RIS,RMDR,inhibitory,receptor_match,GABA,2671,fenyves_2020_polarity
RIS,RMEV,unknown,no_receptor_match_found,GABA,2672,fenyves_2020_polarity
RIS,SMDDL,inhibitory,receptor_match,GABA,2673,fenyves_2020_polarity
RIS,SMDDR,inhibitory,receptor_match,GABA,2674,fenyves_2020_polarity
RIS,SMDVL,inhibitory,receptor_match,GABA,2675,fenyves_2020_polarity
RIS,SMDVR,inhibitory,receptor_match,GABA,2676,fenyves_2020_polarity
RIS,URYDR,inhibitory,receptor_match,GABA,2677,fenyves_2020_polarity
RIS,URYVL,inhibitory,receptor_match,GABA,2678,fenyves_2020_polarity
RIS,URYVR,inhibitory,receptor_match,GABA,2679,fenyves_2020_polarity
RIVL,ASGL,unknown,no_receptor_match_found,ACh,2680,fenyves_2020_polarity
RIVL,ASJL,unknown,no_receptor_match_found,ACh,2681,fenyves_2020_polarity
RIVL,RIAL,inhibitory,receptor_match,ACh,2682,fenyves_2020_polarity
RIVL,RIAR,inhibitory,receptor_match,ACh,2683,fenyves_2020_polarity
RIVL,RMDL,inhibitory,receptor_match,ACh,2684,fenyves_2020_polarity
RIVL,RMDVL,inhibitory,receptor_match,ACh,2685,fenyves_2020_polarity
RIVL,SAADR,mixed,both_excitatory_and_inhibitory_receptors,ACh,2686,fenyves_2020_polarity
RIVL,SIAVR,mixed,both_excitatory_and_inhibitory_receptors,ACh,2687,fenyves_2020_polarity
RIVL,SMDDR,mixed,both_excitatory_and_inhibitory_receptors,ACh,2688,fenyves_2020_polarity
RIVL,SMDVL,mixed,both_excitatory_and_inhibitory_receptors,ACh,2689,fenyves_2020_polarity
RIVR,RIAL,inhibitory,receptor_match,ACh,2690,fenyves_2020_polarity
RIVR,RIAR,inhibitory,receptor_match,ACh,2691,fenyves_2020_polarity
RIVR,RIVL,inhibitory,receptor_match,ACh,2692,fenyves_2020_polarity
RIVR,RMDDL,inhibitory,receptor_match,ACh,2693,fenyves_2020_polarity
RIVR,RMDR,inhibitory,receptor_match,ACh,2694,fenyves_2020_polarity
RIVR,RMDVR,inhibitory,receptor_match,ACh,2695,fenyves_2020_polarity
RIVR,RMHR,unknown,no_receptor_match_found,ACh,2696,fenyves_2020_polarity
RIVR,SAADL,mixed,both_excitatory_and_inhibitory_receptors,ACh,2697,fenyves_2020_polarity
RIVR,SIAVL,mixed,both_excitatory_and_inhibitory_receptors,ACh,2698,fenyves_2020_polarity
RIVR,SIBVL,mixed,both_excitatory_and_inhibitory_receptors,ACh,2699,fenyves_2020_polarity
RIVR,SMBDL,inhibitory,receptor_match,ACh,2700,fenyves_2020_polarity
RIVR,SMDDL,mixed,both_excitatory_and_inhibitory_receptors,ACh,2701,fenyves_2020_polarity
RIVR,SMDVR,mixed,both_excitatory_and_inhibitory_receptors,ACh,2702,fenyves_2020_polarity
RMDDL,AVER,inhibitory,receptor_match,ACh,2703,fenyves_2020_polarity
RMDDL,CEPVL,unknown,no_receptor_match_found,ACh,2704,fenyves_2020_polarity
RMDDL,IL1DR,excitatory,receptor_match,ACh,2705,fenyves_2020_polarity
RMDDL,IL1R,excitatory,receptor_match,ACh,2706,fenyves_2020_polarity
RMDDL,RIAL,inhibitory,receptor_match,ACh,2707,fenyves_2020_polarity
RMDDL,RMDVL,inhibitory,receptor_match,ACh,2708,fenyves_2020_polarity
RMDDL,RMDVR,inhibitory,receptor_match,ACh,2709,fenyves_2020_polarity
RMDDL,RMEV,excitatory,receptor_match,ACh,2710,fenyves_2020_polarity
RMDDL,RMHL,unknown,no_receptor_match_found,ACh,2711,fenyves_2020_polarity
RMDDR,RMDDL,inhibitory,receptor_match,ACh,2712,fenyves_2020_polarity
RMDDR,RMDVL,inhibitory,receptor_match,ACh,2713,fenyves_2020_polarity
RMDDR,RMDVR,inhibitory,receptor_match,ACh,2714,fenyves_2020_polarity
RMDL,ADEL,excitatory,receptor_match,ACh,2715,fenyves_2020_polarity
RMDL,ADER,excitatory,receptor_match,ACh,2716,fenyves_2020_polarity
RMDL,AVKR,unknown,no_receptor_match_found,ACh,2717,fenyves_2020_polarity
RMDL,CEPVL,unknown,no_receptor_match_found,ACh,2718,fenyves_2020_polarity
RMDL,IL1L,excitatory,receptor_match,ACh,2719,fenyves_2020_polarity
RMDL,IL1R,excitatory,receptor_match,ACh,2720,fenyves_2020_polarity
RMDL,OLLL,inhibitory,receptor_match,ACh,2721,fenyves_2020_polarity
RMDL,OLLR,inhibitory,receptor_match,ACh,2722,fenyves_2020_polarity
RMDL,RIAL,inhibitory,receptor_match,ACh,2723,fenyves_2020_polarity
RMDL,RIAR,inhibitory,receptor_match,ACh,2724,fenyves_2020_polarity
RMDL,RIBR,excitatory,receptor_match,ACh,2725,fenyves_2020_polarity
RMDL,RIML,mixed,both_excitatory_and_inhibitory_receptors,ACh,2726,fenyves_2020_polarity
RMDL,RIS,unknown,no_receptor_match_found,ACh,2727,fenyves_2020_polarity
RMDL,RIVL,inhibitory,receptor_match,ACh,2728,fenyves_2020_polarity
RMDL,RMDDR,inhibitory,receptor_match,ACh,2729,fenyves_2020_polarity
RMDL,RMDR,inhibitory,receptor_match,ACh,2730,fenyves_2020_polarity
RMDL,RMDVL,inhibitory,receptor_match,ACh,2731,fenyves_2020_polarity
RMDL,RMDVR,inhibitory,receptor_match,ACh,2732,fenyves_2020_polarity
RMDL,RMER,excitatory,receptor_match,ACh,2733,fenyves_2020_polarity
RMDL,RMFR,inhibitory,receptor_match,ACh,2734,fenyves_2020_polarity
RMDL,RMHL,unknown,no_receptor_match_found,ACh,2735,fenyves_2020_polarity
RMDL,RMHR,unknown,no_receptor_match_found,ACh,2736,fenyves_2020_polarity
RMDL,SIBDR,mixed,both_excitatory_and_inhibitory_receptors,ACh,2737,fenyves_2020_polarity
RMDL,SMBVR,inhibitory,receptor_match,ACh,2738,fenyves_2020_polarity
RMDL,SMDDR,mixed,both_excitatory_and_inhibitory_receptors,ACh,2739,fenyves_2020_polarity
RMDL,URXR,inhibitory,receptor_match,ACh,2740,fenyves_2020_polarity
RMDR,AVKR,unknown,no_receptor_match_found,ACh,2741,fenyves_2020_polarity
RMDR,IL1L,excitatory,receptor_match,ACh,2742,fenyves_2020_polarity
RMDR,OLLR,inhibitory,receptor_match,ACh,2743,fenyves_2020_polarity
RMDR,RIAL,inhibitory,receptor_match,ACh,2744,fenyves_2020_polarity
RMDR,RIAR,inhibitory,receptor_match,ACh,2745,fenyves_2020_polarity
RMDR,RIMR,mixed,both_excitatory_and_inhibitory_receptors,ACh,2746,fenyves_2020_polarity
RMDR,RIS,unknown,no_receptor_match_found,ACh,2747,fenyves_2020_polarity
RMDR,RMDDL,inhibitory,receptor_match,ACh,2748,fenyves_2020_polarity
RMDR,RMDL,inhibitory,receptor_match,ACh,2749,fenyves_2020_polarity
RMDR,RMDVL,inhibitory,receptor_match,ACh,2750,fenyves_2020_polarity
RMDR,RMGL,unknown,no_receptor_match_found,ACh,2751,fenyves_2020_polarity
RMDR,SIAVL,mixed,both_excitatory_and_inhibitory_receptors,ACh,2752,fenyves_2020_polarity
RMDR,SMDDR,mixed,both_excitatory_and_inhibitory_receptors,ACh,2753,fenyves_2020_polarity
RMDVL,AVER,inhibitory,receptor_match,ACh,2754,fenyves_2020_polarity
RMDVL,CEPDL,unknown,no_receptor_match_found,ACh,2755,fenyves_2020_polarity
RMDVL,IL1R,excitatory,receptor_match,ACh,2756,fenyves_2020_polarity
RMDVL,IL2VR,unknown,no_receptor_match_found,ACh,2757,fenyves_2020_polarity
RMDVL,OLQVR,unknown,no_receptor_match_found,ACh,2758,fenyves_2020_polarity
RMDVL,RMDDR,inhibitory,receptor_match,ACh,2759,fenyves_2020_polarity
RMDVL,RMDR,inhibitory,receptor_match,ACh,2760,fenyves_2020_polarity
RMDVL,RMDVR,inhibitory,receptor_match,ACh,2761,fenyves_2020_polarity
RMDVL,SIAVR,mixed,both_excitatory_and_inhibitory_receptors,ACh,2762,fenyves_2020_polarity
RMDVL,SIBVR,mixed,both_excitatory_and_inhibitory_receptors,ACh,2763,fenyves_2020_polarity
RMDVL,URYVR,unknown,no_receptor_match_found,ACh,2764,fenyves_2020_polarity
RMDVR,AVAR,mixed,both_excitatory_and_inhibitory_receptors,ACh,2765,fenyves_2020_polarity
RMDVR,IL1DR,excitatory,receptor_match,ACh,2766,fenyves_2020_polarity
RMDVR,IL1L,excitatory,receptor_match,ACh,2767,fenyves_2020_polarity
RMDVR,OLQVL,unknown,no_receptor_match_found,ACh,2768,fenyves_2020_polarity
RMDVR,RIAR,inhibitory,receptor_match,ACh,2769,fenyves_2020_polarity
RMDVR,RMDDL,inhibitory,receptor_match,ACh,2770,fenyves_2020_polarity
RMDVR,RMDVR,inhibitory,receptor_match,ACh,2771,fenyves_2020_polarity
RMDVR,SIAVL,mixed,both_excitatory_and_inhibitory_receptors,ACh,2772,fenyves_2020_polarity
RMDVR,SIBDR,mixed,both_excitatory_and_inhibitory_receptors,ACh,2773,fenyves_2020_polarity
RMDVR,SIBVL,mixed,both_excitatory_and_inhibitory_receptors,ACh,2774,fenyves_2020_polarity
RMDVR,SMBDR,inhibitory,receptor_match,ACh,2775,fenyves_2020_polarity
RMDVR,URAVL,unknown,no_receptor_match_found,ACh,2776,fenyves_2020_polarity
RMDVR,URYVL,unknown,no_receptor_match_found,ACh,2777,fenyves_2020_polarity
RMED,RIBL,unknown,no_receptor_match_found,GABA,2778,fenyves_2020_polarity
RMED,RIBR,unknown,no_receptor_match_found,GABA,2779,fenyves_2020_polarity
RMED,RMED,unknown,no_receptor_match_found,GABA,2780,fenyves_2020_polarity
RMED,SMDDL,inhibitory,receptor_match,GABA,2781,fenyves_2020_polarity
RMED,SMDDR,inhibitory,receptor_match,GABA,2782,fenyves_2020_polarity
RMEL,IL1R,unknown,no_receptor_match_found,GABA,2783,fenyves_2020_polarity
RMEL,OLLR,inhibitory,receptor_match,GABA,2784,fenyves_2020_polarity
RMEL,RIPR,unknown,no_receptor_match_found,GABA,2785,fenyves_2020_polarity
RMEL,RMEV,unknown,no_receptor_match_found,GABA,2786,fenyves_2020_polarity
RMER,IL1L,unknown,no_receptor_match_found,GABA,2787,fenyves_2020_polarity
RMER,RMER,unknown,no_receptor_match_found,GABA,2788,fenyves_2020_polarity
RMER,RMHR,unknown,no_receptor_match_found,GABA,2789,fenyves_2020_polarity
RMEV,RIBR,unknown,no_receptor_match_found,GABA,2790,fenyves_2020_polarity
RMEV,RIH,unknown,no_receptor_match_found,GABA,2791,fenyves_2020_polarity
RMEV,RIS,inhibitory,receptor_match,GABA,2792,fenyves_2020_polarity
RMEV,RMDDL,unknown,no_receptor_match_found,GABA,2793,fenyves_2020_polarity
RMEV,RMDDR,unknown,no_receptor_match_found,GABA,2794,fenyves_2020_polarity
RMEV,RMED,unknown,no_receptor_match_found,GABA,2795,fenyves_2020_polarity
RMEV,SMDDR,inhibitory,receptor_match,GABA,2796,fenyves_2020_polarity
RMEV,SMDVL,inhibitory,receptor_match,GABA,2797,fenyves_2020_polarity
RMFL,AVKL,unknown,no_receptor_match_found,ACh,2798,fenyves_2020_polarity
RMFL,AVKR,unknown,no_receptor_match_found,ACh,2799,fenyves_2020_polarity
RMFL,BAGL,unknown,no_receptor_match_found,ACh,2800,fenyves_2020_polarity
RMFL,DVC,excitatory,receptor_match,ACh,2801,fenyves_2020_polarity
RMFL,PVT,excitatory,receptor_match,ACh,2802,fenyves_2020_polarity
RMFL,RIBR,excitatory,receptor_match,ACh,2803,fenyves_2020_polarity
RMFL,RIMR,mixed,both_excitatory_and_inhibitory_receptors,ACh,2804,fenyves_2020_polarity
RMFL,RIS,unknown,no_receptor_match_found,ACh,2805,fenyves_2020_polarity
RMFL,RMDR,inhibitory,receptor_match,ACh,2806,fenyves_2020_polarity
RMFL,RMHL,unknown,no_receptor_match_found,ACh,2807,fenyves_2020_polarity
RMFL,SAAVR,mixed,both_excitatory_and_inhibitory_receptors,ACh,2808,fenyves_2020_polarity
RMFL,SMDVL,mixed,both_excitatory_and_inhibitory_receptors,ACh,2809,fenyves_2020_polarity
RMFR,AVKL,unknown,no_receptor_match_found,ACh,2810,fenyves_2020_polarity
RMFR,AVKR,unknown,no_receptor_match_found,ACh,2811,fenyves_2020_polarity
RMFR,DVC,excitatory,receptor_match,ACh,2812,fenyves_2020_polarity
RMFR,RIH,inhibitory,receptor_match,ACh,2813,fenyves_2020_polarity
RMFR,RMDL,inhibitory,receptor_match,ACh,2814,fenyves_2020_polarity
RMFR,RMDR,inhibitory,receptor_match,ACh,2815,fenyves_2020_polarity
RMGL,ADAL,unknown,no_receptor_match_found,,2816,fenyves_2020_polarity
RMGL,ADLL,unknown,no_receptor_match_found,,2817,fenyves_2020_polarity
RMGL,AIBR,unknown,no_receptor_match_found,,2818,fenyves_2020_polarity
RMGL,AIML,unknown,no_receptor_match_found,,2819,fenyves_2020_polarity
RMGL,ASHL,unknown,no_receptor_match_found,,2820,fenyves_2020_polarity
RMGL,AVAL,unknown,no_receptor_match_found,,2821,fenyves_2020_polarity
RMGL,AVBR,unknown,no_receptor_match_found,,2822,fenyves_2020_polarity
RMGL,AVEL,unknown,no_receptor_match_found,,2823,fenyves_2020_polarity
RMGL,AVFR,unknown,no_receptor_match_found,,2824,fenyves_2020_polarity
RMGL,CEPDL,unknown,no_receptor_match_found,,2825,fenyves_2020_polarity
RMGL,PVPL,unknown,no_receptor_match_found,,2826,fenyves_2020_polarity
RMGL,RID,unknown,no_receptor_match_found,,2827,fenyves_2020_polarity
RMGL,RIFL,unknown,no_receptor_match_found,,2828,fenyves_2020_polarity
RMGL,RIVR,unknown,no_receptor_match_found,,2829,fenyves_2020_polarity
RMGL,RMDDR,unknown,no_receptor_match_found,,2830,fenyves_2020_polarity
RMGL,RMDL,unknown,no_receptor_match_found,,2831,fenyves_2020_polarity
RMGL,RMDR,unknown,no_receptor_match_found,,2832,fenyves_2020_polarity
RMGL,RMDVL,unknown,no_receptor_match_found,,2833,fenyves_2020_polarity
RMGL,RMHL,unknown,no_receptor_match_found,,2834,fenyves_2020_polarity
RMGL,RMHR,unknown,no_receptor_match_found,,2835,fenyves_2020_polarity
RMGL,SAADL,unknown,no_receptor_match_found,,2836,fenyves_2020_polarity
RMGL,SIADL,unknown,no_receptor_match_found,,2837,fenyves_2020_polarity
RMGL,SIADR,unknown,no_receptor_match_found,,2838,fenyves_2020_polarity
RMGL,SIAVL,unknown,no_receptor_match_found,,2839,fenyves_2020_polarity
RMGL,SIBDL,unknown,no_receptor_match_found,,2840,fenyves_2020_polarity
RMGL,SIBVR,unknown,no_receptor_match_found,,2841,fenyves_2020_polarity
RMGL,SMBVL,unknown,no_receptor_match_found,,2842,fenyves_2020_polarity
RMGL,SMDDL,unknown,no_receptor_match_found,,2843,fenyves_2020_polarity
RMGL,SMDDR,unknown,no_receptor_match_found,,2844,fenyves_2020_polarity
RMGL,URXL,unknown,no_receptor_match_found,,2845,fenyves_2020_polarity
RMGR,ADAR,unknown,no_receptor_match_found,,2846,fenyves_2020_polarity
RMGR,ADER,unknown,no_receptor_match_found,,2847,fenyves_2020_polarity
RMGR,AIMR,unknown,no_receptor_match_found,,2848,fenyves_2020_polarity
RMGR,ALMR,unknown,no_receptor_match_found,,2849,fenyves_2020_polarity
RMGR,ALNR,unknown,no_receptor_match_found,,2850,fenyves_2020_polarity
RMGR,ASHR,unknown,no_receptor_match_found,,2851,fenyves_2020_polarity
RMGR,AVAL,unknown,no_receptor_match_found,,2852,fenyves_2020_polarity
RMGR,AVBL,unknown,no_receptor_match_found,,2853,fenyves_2020_polarity
RMGR,AVBR,unknown,no_receptor_match_found,,2854,fenyves_2020_polarity
RMGR,AVDL,unknown,no_receptor_match_found,,2855,fenyves_2020_polarity
RMGR,AVER,unknown,no_receptor_match_found,,2856,fenyves_2020_polarity
RMGR,AVJL,unknown,no_receptor_match_found,,2857,fenyves_2020_polarity
RMGR,IL2DR,unknown,no_receptor_match_found,,2858,fenyves_2020_polarity
RMGR,IL2R,unknown,no_receptor_match_found,,2859,fenyves_2020_polarity
RMGR,OLLR,unknown,no_receptor_match_found,,2860,fenyves_2020_polarity
RMGR,RIGR,unknown,no_receptor_match_found,,2861,fenyves_2020_polarity
RMGR,RIR,unknown,no_receptor_match_found,,2862,fenyves_2020_polarity
RMGR,RMDDL,unknown,no_receptor_match_found,,2863,fenyves_2020_polarity
RMGR,RMDL,unknown,no_receptor_match_found,,2864,fenyves_2020_polarity
RMGR,RMDR,unknown,no_receptor_match_found,,2865,fenyves_2020_polarity
RMGR,RMDVR,unknown,no_receptor_match_found,,2866,fenyves_2020_polarity
RMGR,SAADL,unknown,no_receptor_match_found,,2867,fenyves_2020_polarity
RMGR,SIADL,unknown,no_receptor_match_found,,2868,fenyves_2020_polarity
RMGR,SIAVR,unknown,no_receptor_match_found,,2869,fenyves_2020_polarity
RMGR,SIBVL,unknown,no_receptor_match_found,,2870,fenyves_2020_polarity
RMGR,SMBVR,unknown,no_receptor_match_found,,2871,fenyves_2020_polarity
RMGR,URXR,unknown,no_receptor_match_found,,2872,fenyves_2020_polarity
RMHL,AVAR,mixed,both_excitatory_and_inhibitory_receptors,ACh,2873,fenyves_2020_polarity
RMHL,IL1R,excitatory,receptor_match,ACh,2874,fenyves_2020_polarity
RMHL,RICL,unknown,no_receptor_match_found,ACh,2875,fenyves_2020_polarity
RMHL,RICR,unknown,no_receptor_match_found,ACh,2876,fenyves_2020_polarity
RMHL,RID,excitatory,receptor_match,ACh,2877,fenyves_2020_polarity
RMHL,RMDDL,inhibitory,receptor_match,ACh,2878,fenyves_2020_polarity
RMHL,RMDR,inhibitory,receptor_match,ACh,2879,fenyves_2020_polarity
RMHL,SAAVL,mixed,both_excitatory_and_inhibitory_receptors,ACh,2880,fenyves_2020_polarity
RMHL,SIBDR,mixed,both_excitatory_and_inhibitory_receptors,ACh,2881,fenyves_2020_polarity
RMHR,AIBR,inhibitory,receptor_match,ACh,2882,fenyves_2020_polarity
RMHR,CEPVL,unknown,no_receptor_match_found,ACh,2883,fenyves_2020_polarity
RMHR,RMDL,inhibitory,receptor_match,ACh,2884,fenyves_2020_polarity
RMHR,RMDR,inhibitory,receptor_match,ACh,2885,fenyves_2020_polarity
RMHR,RMER,excitatory,receptor_match,ACh,2886,fenyves_2020_polarity
RMHR,RMGL,unknown,no_receptor_match_found,ACh,2887,fenyves_2020_polarity
RMHR,RMHL,unknown,no_receptor_match_found,ACh,2888,fenyves_2020_polarity
RMHR,SMDDL,mixed,both_excitatory_and_inhibitory_receptors,ACh,2889,fenyves_2020_polarity
SAADL,AIBL,inhibitory,receptor_match,ACh,2890,fenyves_2020_polarity
SAADL,AVAL,mixed,both_excitatory_and_inhibitory_receptors,ACh,2891,fenyves_2020_polarity
SAADL,AVBR,excitatory,receptor_match,ACh,2892,fenyves_2020_polarity
SAADL,OLLR,inhibitory,receptor_match,ACh,2893,fenyves_2020_polarity
SAADL,RIGL,mixed,both_excitatory_and_inhibitory_receptors,ACh,2894,fenyves_2020_polarity
SAADL,RIML,mixed,both_excitatory_and_inhibitory_receptors,ACh,2895,fenyves_2020_polarity
SAADL,RIMR,mixed,both_excitatory_and_inhibitory_receptors,ACh,2896,fenyves_2020_polarity
SAADL,RIVR,inhibitory,receptor_match,ACh,2897,fenyves_2020_polarity
SAADL,RMDVR,inhibitory,receptor_match,ACh,2898,fenyves_2020_polarity
SAADL,RMFR,inhibitory,receptor_match,ACh,2899,fenyves_2020_polarity
SAADL,SABD,unknown,no_receptor_match_found,ACh,2900,fenyves_2020_polarity
SAADL,SIBDL,mixed,both_excitatory_and_inhibitory_receptors,ACh,2901,fenyves_2020_polarity
SAADL,SIBDR,mixed,both_excitatory_and_inhibitory_receptors,ACh,2902,fenyves_2020_polarity
SAADL,SIBVL,mixed,both_excitatory_and_inhibitory_receptors,ACh,2903,fenyves_2020_polarity
SAADR,AIBL,inhibitory,receptor_match,ACh,2904,fenyves_2020_polarity
SAADR,AIBR,inhibitory,receptor_match,ACh,2905,fenyves_2020_polarity
SAADR,AVAL,mixed,both_excitatory_and_inhibitory_receptors,ACh,2906,fenyves_2020_polarity
SAADR,AVAR,mixed,both_excitatory_and_inhibitory_receptors,ACh,2907,fenyves_2020_polarity
SAADR,OLLL,inhibitory,receptor_match,ACh,2908,fenyves_2020_polarity
SAADR,PLNL,unknown,no_receptor_match_found,ACh,2909,fenyves_2020_polarity
SAADR,RIML,mixed,both_excitatory_and_inhibitory_receptors,ACh,2910,fenyves_2020_polarity
SAADR,RIMR,mixed,both_excitatory_and_inhibitory_receptors,ACh,2911,fenyves_2020_polarity
SAADR,RMFL,inhibitory,receptor_match,ACh,2912,fenyves_2020_polarity
SAADR,RMFR,inhibitory,receptor_match,ACh,2913,fenyves_2020_polarity
SAADR,RMGL,unknown,no_receptor_match_found,ACh,2914,fenyves_2020_polarity
SAADR,SABD,unknown,no_receptor_match_found,ACh,2915,fenyves_2020_polarity
SAADR,SMBDR,inhibitory,receptor_match,ACh,2916,fenyves_2020_polarity
SAADR,SMBVR,inhibitory,receptor_match,ACh,2917,fenyves_2020_polarity
SAADR,SMDVL,mixed,both_excitatory_and_inhibitory_receptors,ACh,2918,fenyves_2020_polarity
SAAVL,AIBL,inhibitory,receptor_match,ACh,2919,fenyves_2020_polarity
SAAVL,AVAL,mixed,both_excitatory_and_inhibitory_receptors,ACh,2920,fenyves_2020_polarity
SAAVL,DD1,excitatory,receptor_match,ACh,2921,fenyves_2020_polarity
SAAVL,OLLR,inhibitory,receptor_match,ACh,2922,fenyves_2020_polarity
SAAVL,RIML,mixed,both_excitatory_and_inhibitory_receptors,ACh,2923,fenyves_2020_polarity
SAAVL,RIMR,mixed,both_excitatory_and_inhibitory_receptors,ACh,2924,fenyves_2020_polarity
SAAVL,RMFR,inhibitory,receptor_match,ACh,2925,fenyves_2020_polarity
SAAVL,SAADR,mixed,both_excitatory_and_inhibitory_receptors,ACh,2926,fenyves_2020_polarity
SAAVL,SABD,unknown,no_receptor_match_found,ACh,2927,fenyves_2020_polarity
SAAVL,SABVR,unknown,no_receptor_match_found,ACh,2928,fenyves_2020_polarity
SAAVL,SMBDR,inhibitory,receptor_match,ACh,2929,fenyves_2020_polarity
SAAVL,SMDDR,mixed,both_excitatory_and_inhibitory_receptors,ACh,2930,fenyves_2020_polarity
SAAVL,SMDVL,mixed,both_excitatory_and_inhibitory_receptors,ACh,2931,fenyves_2020_polarity
SAAVL,VA1,excitatory,receptor_match,ACh,2932,fenyves_2020_polarity
SAAVL,VA2,excitatory,receptor_match,ACh,2933,fenyves_2020_polarity
SAAVL,VA3,excitatory,receptor_match,ACh,2934,fenyves_2020_polarity
SAAVL,VA4,excitatory,receptor_match,ACh,2935,fenyves_2020_polarity
SAAVL,VB2,excitatory,receptor_match,ACh,2936,fenyves_2020_polarity
SAAVL,VD1,excitatory,receptor_match,ACh,2937,fenyves_2020_polarity
SAAVL,VD2,excitatory,receptor_match,ACh,2938,fenyves_2020_polarity
SAAVR,AIBR,inhibitory,receptor_match,ACh,2939,fenyves_2020_polarity
SAAVR,ALNR,unknown,no_receptor_match_found,ACh,2940,fenyves_2020_polarity
SAAVR,ASIR,unknown,no_receptor_match_found,ACh,2941,fenyves_2020_polarity
SAAVR,AVAR,mixed,both_excitatory_and_inhibitory_receptors,ACh,2942,fenyves_2020_polarity
SAAVR,AVBL,excitatory,receptor_match,ACh,2943,fenyves_2020_polarity
SAAVR,IL1DL,excitatory,receptor_match,ACh,2944,fenyves_2020_polarity
SAAVR,RIAR,inhibitory,receptor_match,ACh,2945,fenyves_2020_polarity
SAAVR,RIML,mixed,both_excitatory_and_inhibitory_receptors,ACh,2946,fenyves_2020_polarity
SAAVR,RIMR,mixed,both_excitatory_and_inhibitory_receptors,ACh,2947,fenyves_2020_polarity
SAAVR,RIPL,unknown,no_receptor_match_found,ACh,2948,fenyves_2020_polarity
SAAVR,RMEV,excitatory,receptor_match,ACh,2949,fenyves_2020_polarity
SAAVR,SAAVR,mixed,both_excitatory_and_inhibitory_receptors,ACh,2950,fenyves_2020_polarity
SAAVR,SABVL,unknown,no_receptor_match_found,ACh,2951,fenyves_2020_polarity
SAAVR,SMBDL,inhibitory,receptor_match,ACh,2952,fenyves_2020_polarity
SAAVR,SMDDL,mixed,both_excitatory_and_inhibitory_receptors,ACh,2953,fenyves_2020_polarity
SABD,SAADL,mixed,both_excitatory_and_inhibitory_receptors,ACh,2954,fenyves_2020_polarity
SABD,SAADR,mixed,both_excitatory_and_inhibitory_receptors,ACh,2955,fenyves_2020_polarity
SABVL,RIGR,mixed,both_excitatory_and_inhibitory_receptors,ACh,2956,fenyves_2020_polarity
SABVL,SAAVR,mixed,both_excitatory_and_inhibitory_receptors,ACh,2957,fenyves_2020_polarity
SABVR,SAAVL,mixed,both_excitatory_and_inhibitory_receptors,ACh,2958,fenyves_2020_polarity
SDQL,AIBR,inhibitory,receptor_match,ACh,2959,fenyves_2020_polarity
SDQL,ALML,excitatory,receptor_match,ACh,2960,fenyves_2020_polarity
SDQL,AVAL,mixed,both_excitatory_and_inhibitory_receptors,ACh,2961,fenyves_2020_polarity
SDQL,AVAR,mixed,both_excitatory_and_inhibitory_receptors,ACh,2962,fenyves_2020_polarity
SDQL,AVBL,excitatory,receptor_match,ACh,2963,fenyves_2020_polarity
SDQL,AVBR,excitatory,receptor_match,ACh,2964,fenyves_2020_polarity
SDQL,AVDL,unknown,no_receptor_match_found,ACh,2965,fenyves_2020_polarity
SDQL,AVEL,inhibitory,receptor_match,ACh,2966,fenyves_2020_polarity
SDQL,DVA,excitatory,receptor_match,ACh,2967,fenyves_2020_polarity
SDQL,FLPL,excitatory,receptor_match,ACh,2968,fenyves_2020_polarity
SDQL,PVCL,excitatory,receptor_match,ACh,2969,fenyves_2020_polarity
SDQL,RICR,unknown,no_receptor_match_found,ACh,2970,fenyves_2020_polarity
SDQL,RIPR,unknown,no_receptor_match_found,ACh,2971,fenyves_2020_polarity
SDQL,RIS,unknown,no_receptor_match_found,ACh,2972,fenyves_2020_polarity
SDQL,RMFL,inhibitory,receptor_match,ACh,2973,fenyves_2020_polarity
SDQL,SAADR,mixed,both_excitatory_and_inhibitory_receptors,ACh,2974,fenyves_2020_polarity
SDQL,SIADR,mixed,both_excitatory_and_inhibitory_receptors,ACh,2975,fenyves_2020_polarity
SDQL,SIBVL,mixed,both_excitatory_and_inhibitory_receptors,ACh,2976,fenyves_2020_polarity
SDQL,SMBDR,inhibitory,receptor_match,ACh,2977,fenyves_2020_polarity
SDQR,ADLL,unknown,no_receptor_match_found,ACh,2978,fenyves_2020_polarity
SDQR,AIBL,inhibitory,receptor_match,ACh,2979,fenyves_2020_polarity
SDQR,ALML,excitatory,receptor_match,ACh,2980,fenyves_2020_polarity
SDQR,AVAL,mixed,both_excitatory_and_inhibitory_receptors,ACh,2981,fenyves_2020_polarity
SDQR,AVBL,excitatory,receptor_match,ACh,2982,fenyves_2020_polarity
SDQR,AVBR,excitatory,receptor_match,ACh,2983,fenyves_2020_polarity
SDQR,DVA,excitatory,receptor_match,ACh,2984,fenyves_2020_polarity
SDQR,RICR,unknown,no_receptor_match_found,ACh,2985,fenyves_2020_polarity
SDQR,RMHL,unknown,no_receptor_match_found,ACh,2986,fenyves_2020_polarity
SDQR,RMHR,unknown,no_receptor_match_found,ACh,2987,fenyves_2020_polarity
SDQR,SDQL,excitatory,receptor_match,ACh,2988,fenyves_2020_polarity
SDQR,SIADL,mixed,both_excitatory_and_inhibitory_receptors,ACh,2989,fenyves_2020_polarity
SDQR,SIBDR,mixed,both_excitatory_and_inhibitory_receptors,ACh,2990,fenyves_2020_polarity
SDQR,SMBVL,inhibitory,receptor_match,ACh,2991,fenyves_2020_polarity
SIADL,ALNR,unknown,no_receptor_match_found,ACh,2992,fenyves_2020_polarity
SIADL,AVFR,unknown,no_receptor_match_found,ACh,2993,fenyves_2020_polarity
SIADL,RMDL,inhibitory,receptor_match,ACh,2994,fenyves_2020_polarity
SIADL,SDQR,excitatory,receptor_match,ACh,2995,fenyves_2020_polarity
SIADL,SIBDL,mixed,both_excitatory_and_inhibitory_receptors,ACh,2996,fenyves_2020_polarity
SIADL,SMBDL,inhibitory,receptor_match,ACh,2997,fenyves_2020_polarity
SIADL,SMDDL,mixed,both_excitatory_and_inhibitory_receptors,ACh,2998,fenyves_2020_polarity
SIADR,ALML,excitatory,receptor_match,ACh,2999,fenyves_2020_polarity
SIADR,AVAL,mixed,both_excitatory_and_inhibitory_receptors,ACh,3000,fenyves_2020_polarity
SIADR,CEPDL,unknown,no_receptor_match_found,ACh,3001,fenyves_2020_polarity
SIADR,IL1VR,excitatory,receptor_match,ACh,3002,fenyves_2020_polarity
SIADR,SDQL,excitatory,receptor_match,ACh,3003,fenyves_2020_polarity
SIADR,SIBDR,mixed,both_excitatory_and_inhibitory_receptors,ACh,3004,fenyves_2020_polarity
SIADR,SMBDR,inhibitory,receptor_match,ACh,3005,fenyves_2020_polarity
SIADR,SMDDR,mixed,both_excitatory_and_inhibitory_receptors,ACh,3006,fenyves_2020_polarity
SIAVL,ADEL,excitatory,receptor_match,ACh,3007,fenyves_2020_polarity
SIAVL,IL2L,unknown,no_receptor_match_found,ACh,3008,fenyves_2020_polarity
SIAVL,PLNL,unknown,no_receptor_match_found,ACh,3009,fenyves_2020_polarity
SIAVL,SIBVR,mixed,both_excitatory_and_inhibitory_receptors,ACh,3010,fenyves_2020_polarity
SIAVL,SMBVL,inhibitory,receptor_match,ACh,3011,fenyves_2020_polarity
SIAVL,SMDVR,mixed,both_excitatory_and_inhibitory_receptors,ACh,3012,fenyves_2020_polarity
SIAVR,PLNR,unknown,no_receptor_match_found,ACh,3013,fenyves_2020_polarity
SIAVR,RMDL,inhibitory,receptor_match,ACh,3014,fenyves_2020_polarity
SIAVR,SIBVL,mixed,both_excitatory_and_inhibitory_receptors,ACh,3015,fenyves_2020_polarity
SIAVR,SMBVR,inhibitory,receptor_match,ACh,3016,fenyves_2020_polarity
SIAVR,SMDVL,mixed,both_excitatory_and_inhibitory_receptors,ACh,3017,fenyves_2020_polarity
SIBDL,AQR,unknown,no_receptor_match_found,ACh,3018,fenyves_2020_polarity
SIBDL,CEPDL,unknown,no_receptor_match_found,ACh,3019,fenyves_2020_polarity
SIBDL,PVPL,unknown,no_receptor_match_found,ACh,3020,fenyves_2020_polarity
SIBDL,SIADL,mixed,both_excitatory_and_inhibitory_receptors,ACh,3021,fenyves_2020_polarity
SIBDL,SMBVL,inhibitory,receptor_match,ACh,3022,fenyves_2020_polarity
SIBDL,SMDDL,mixed,both_excitatory_and_inhibitory_receptors,ACh,3023,fenyves_2020_polarity
SIBDR,SIADR,mixed,both_excitatory_and_inhibitory_receptors,ACh,3024,fenyves_2020_polarity
SIBDR,SMDDR,mixed,both_excitatory_and_inhibitory_receptors,ACh,3025,fenyves_2020_polarity
SIBVL,ALNR,unknown,no_receptor_match_found,ACh,3026,fenyves_2020_polarity
SIBVL,RMDDL,inhibitory,receptor_match,ACh,3027,fenyves_2020_polarity
SIBVL,RMGR,unknown,no_receptor_match_found,ACh,3028,fenyves_2020_polarity
SIBVL,SIAVR,mixed,both_excitatory_and_inhibitory_receptors,ACh,3029,fenyves_2020_polarity
SIBVL,SMDDL,mixed,both_excitatory_and_inhibitory_receptors,ACh,3030,fenyves_2020_polarity
SIBVL,SMDVL,mixed,both_excitatory_and_inhibitory_receptors,ACh,3031,fenyves_2020_polarity
SIBVR,ADLR,unknown,no_receptor_match_found,ACh,3032,fenyves_2020_polarity
SIBVR,OLQVR,unknown,no_receptor_match_found,ACh,3033,fenyves_2020_polarity
SIBVR,PLNL,unknown,no_receptor_match_found,ACh,3034,fenyves_2020_polarity
SIBVR,RICL,unknown,no_receptor_match_found,ACh,3035,fenyves_2020_polarity
SIBVR,RMHR,unknown,no_receptor_match_found,ACh,3036,fenyves_2020_polarity
SIBVR,SIAVL,mixed,both_excitatory_and_inhibitory_receptors,ACh,3037,fenyves_2020_polarity
SIBVR,SIAVR,mixed,both_excitatory_and_inhibitory_receptors,ACh,3038,fenyves_2020_polarity
SIBVR,SMDVR,mixed,both_excitatory_and_inhibitory_receptors,ACh,3039,fenyves_2020_polarity
SMBDL,AIZL,inhibitory,receptor_match,ACh,3040,fenyves_2020_polarity
SMBDL,ALNR,unknown,no_receptor_match_found,ACh,3041,fenyves_2020_polarity
SMBDL,RIH,inhibitory,receptor_match,ACh,3042,fenyves_2020_polarity
SMBDL,RMED,excitatory,receptor_match,ACh,3043,fenyves_2020_polarity
SMBDL,SAAVR,mixed,both_excitatory_and_inhibitory_receptors,ACh,3044,fenyves_2020_polarity
SMBDL,SDQR,excitatory,receptor_match,ACh,3045,fenyves_2020_polarity
SMBDL,SIADL,mixed,both_excitatory_and_inhibitory_receptors,ACh,3046,fenyves_2020_polarity
SMBDL,SIAVL,mixed,both_excitatory_and_inhibitory_receptors,ACh,3047,fenyves_2020_polarity
SMBDL,SMBVL,inhibitory,receptor_match,ACh,3048,fenyves_2020_polarity
SMBDL,SMDDL,mixed,both_excitatory_and_inhibitory_receptors,ACh,3049,fenyves_2020_polarity
SMBDR,ALNL,unknown,no_receptor_match_found,ACh,3050,fenyves_2020_polarity
SMBDR,AVAL,mixed,both_excitatory_and_inhibitory_receptors,ACh,3051,fenyves_2020_polarity
SMBDR,RIVL,inhibitory,receptor_match,ACh,3052,fenyves_2020_polarity
SMBDR,RMED,excitatory,receptor_match,ACh,3053,fenyves_2020_polarity
SMBDR,SAAVL,mixed,both_excitatory_and_inhibitory_receptors,ACh,3054,fenyves_2020_polarity
SMBDR,SDQL,excitatory,receptor_match,ACh,3055,fenyves_2020_polarity
SMBDR,SIADR,mixed,both_excitatory_and_inhibitory_receptors,ACh,3056,fenyves_2020_polarity
SMBDR,SIAVR,mixed,both_excitatory_and_inhibitory_receptors,ACh,3057,fenyves_2020_polarity
SMBDR,SMBDL,inhibitory,receptor_match,ACh,3058,fenyves_2020_polarity
SMBDR,SMDDR,mixed,both_excitatory_and_inhibitory_receptors,ACh,3059,fenyves_2020_polarity
SMBVL,AIML,unknown,no_receptor_match_found,ACh,3060,fenyves_2020_polarity
SMBVL,AVBR,excitatory,receptor_match,ACh,3061,fenyves_2020_polarity
SMBVL,AVFL,unknown,no_receptor_match_found,ACh,3062,fenyves_2020_polarity
SMBVL,AVHR,unknown,no_receptor_match_found,ACh,3063,fenyves_2020_polarity
SMBVL,AVJR,unknown,no_receptor_match_found,ACh,3064,fenyves_2020_polarity
SMBVL,PLNL,unknown,no_receptor_match_found,ACh,3065,fenyves_2020_polarity
SMBVL,PLNR,unknown,no_receptor_match_found,ACh,3066,fenyves_2020_polarity
SMBVL,PVPL,unknown,no_receptor_match_found,ACh,3067,fenyves_2020_polarity
SMBVL,RMDVR,inhibitory,receptor_match,ACh,3068,fenyves_2020_polarity
SMBVL,RMEV,excitatory,receptor_match,ACh,3069,fenyves_2020_polarity
SMBVL,SAADL,mixed,both_excitatory_and_inhibitory_receptors,ACh,3070,fenyves_2020_polarity
SMBVL,SIAVL,mixed,both_excitatory_and_inhibitory_receptors,ACh,3071,fenyves_2020_polarity
SMBVL,SMBDL,inhibitory,receptor_match,ACh,3072,fenyves_2020_polarity
SMBVR,ADLR,unknown,no_receptor_match_found,ACh,3073,fenyves_2020_polarity
SMBVR,AVHL,unknown,no_receptor_match_found,ACh,3074,fenyves_2020_polarity
SMBVR,CEPVR,unknown,no_receptor_match_found,ACh,3075,fenyves_2020_polarity
SMBVR,PLNL,unknown,no_receptor_match_found,ACh,3076,fenyves_2020_polarity
SMBVR,PLNR,unknown,no_receptor_match_found,ACh,3077,fenyves_2020_polarity
SMBVR,PVR,unknown,no_receptor_match_found,ACh,3078,fenyves_2020_polarity
SMBVR,RIAR,inhibitory,receptor_match,ACh,3079,fenyves_2020_polarity
SMBVR,RMDL,inhibitory,receptor_match,ACh,3080,fenyves_2020_polarity
SMBVR,RMDR,inhibitory,receptor_match,ACh,3081,fenyves_2020_polarity
SMBVR,RMEV,excitatory,receptor_match,ACh,3082,fenyves_2020_polarity
SMBVR,RMGR,unknown,no_receptor_match_found,ACh,3083,fenyves_2020_polarity
SMBVR,SAADR,mixed,both_excitatory_and_inhibitory_receptors,ACh,3084,fenyves_2020_polarity
SMBVR,SIAVR,mixed,both_excitatory_and_inhibitory_receptors,ACh,3085,fenyves_2020_polarity
SMBVR,SMBDR,inhibitory,receptor_match,ACh,3086,fenyves_2020_polarity
SMDDL,AVEL,inhibitory,receptor_match,ACh,3087,fenyves_2020_polarity
SMDDL,AVER,inhibitory,receptor_match,ACh,3088,fenyves_2020_polarity
SMDDL,RIAL,inhibitory,receptor_match,ACh,3089,fenyves_2020_polarity
SMDDL,RIAR,inhibitory,receptor_match,ACh,3090,fenyves_2020_polarity
SMDDL,RIML,mixed,both_excitatory_and_inhibitory_receptors,ACh,3091,fenyves_2020_polarity
SMDDL,RIMR,mixed,both_excitatory_and_inhibitory_receptors,ACh,3092,fenyves_2020_polarity
SMDDL,RIS,inhibitory,receptor_match,ACh,3093,fenyves_2020_polarity
SMDDL,RIVR,inhibitory,receptor_match,ACh,3094,fenyves_2020_polarity
SMDDL,RMDL,inhibitory,receptor_match,ACh,3095,fenyves_2020_polarity
SMDDL,RMDR,inhibitory,receptor_match,ACh,3096,fenyves_2020_polarity
SMDDL,RMED,excitatory,receptor_match,ACh,3097,fenyves_2020_polarity
SMDDL,RMEV,excitatory,receptor_match,ACh,3098,fenyves_2020_polarity
SMDDL,SAAVR,mixed,both_excitatory_and_inhibitory_receptors,ACh,3099,fenyves_2020_polarity
SMDDL,SIADL,mixed,both_excitatory_and_inhibitory_receptors,ACh,3100,fenyves_2020_polarity
SMDDL,SIBDL,mixed,both_excitatory_and_inhibitory_receptors,ACh,3101,fenyves_2020_polarity
SMDDL,SIBVL,mixed,both_excitatory_and_inhibitory_receptors,ACh,3102,fenyves_2020_polarity
SMDDL,SMBDL,inhibitory,receptor_match,ACh,3103,fenyves_2020_polarity
SMDDL,SMDDR,mixed,both_excitatory_and_inhibitory_receptors,ACh,3104,fenyves_2020_polarity
SMDDL,SMDVR,mixed,both_excitatory_and_inhibitory_receptors,ACh,3105,fenyves_2020_polarity
SMDDR,AIZR,inhibitory,receptor_match,ACh,3106,fenyves_2020_polarity
SMDDR,ALNL,unknown,no_receptor_match_found,ACh,3107,fenyves_2020_polarity
SMDDR,ALNR,unknown,no_receptor_match_found,ACh,3108,fenyves_2020_polarity
SMDDR,AVER,inhibitory,receptor_match,ACh,3109,fenyves_2020_polarity
SMDDR,RIAL,inhibitory,receptor_match,ACh,3110,fenyves_2020_polarity
SMDDR,RIAR,inhibitory,receptor_match,ACh,3111,fenyves_2020_polarity
SMDDR,RIBL,excitatory,receptor_match,ACh,3112,fenyves_2020_polarity
SMDDR,RIMR,mixed,both_excitatory_and_inhibitory_receptors,ACh,3113,fenyves_2020_polarity
SMDDR,RIS,inhibitory,receptor_match,ACh,3114,fenyves_2020_polarity
SMDDR,RIVL,inhibitory,receptor_match,ACh,3115,fenyves_2020_polarity
SMDDR,RMDR,inhibitory,receptor_match,ACh,3116,fenyves_2020_polarity
SMDDR,RMED,excitatory,receptor_match,ACh,3117,fenyves_2020_polarity
SMDDR,SIADR,mixed,both_excitatory_and_inhibitory_receptors,ACh,3118,fenyves_2020_polarity
SMDDR,SIBDR,mixed,both_excitatory_and_inhibitory_receptors,ACh,3119,fenyves_2020_polarity
SMDDR,SIBVR,mixed,both_excitatory_and_inhibitory_receptors,ACh,3120,fenyves_2020_polarity
SMDDR,SMBDR,inhibitory,receptor_match,ACh,3121,fenyves_2020_polarity
SMDDR,SMDDL,mixed,both_excitatory_and_inhibitory_receptors,ACh,3122,fenyves_2020_polarity
SMDDR,SMDVL,mixed,both_excitatory_and_inhibitory_receptors,ACh,3123,fenyves_2020_polarity
SMDVL,ALNL,unknown,no_receptor_match_found,ACh,3124,fenyves_2020_polarity
SMDVL,ALNR,unknown,no_receptor_match_found,ACh,3125,fenyves_2020_polarity
SMDVL,CEPVR,inhibitory,receptor_match,ACh,3126,fenyves_2020_polarity
SMDVL,IL2L,inhibitory,receptor_match,ACh,3127,fenyves_2020_polarity
SMDVL,PLNL,inhibitory,receptor_match,ACh,3128,fenyves_2020_polarity
SMDVL,PVR,inhibitory,receptor_match,ACh,3129,fenyves_2020_polarity
SMDVL,RIAL,inhibitory,receptor_match,ACh,3130,fenyves_2020_polarity
SMDVL,RIAR,inhibitory,receptor_match,ACh,3131,fenyves_2020_polarity
SMDVL,RIBR,excitatory,receptor_match,ACh,3132,fenyves_2020_polarity
SMDVL,RIVL,inhibitory,receptor_match,ACh,3133,fenyves_2020_polarity
SMDVL,RMDDR,inhibitory,receptor_match,ACh,3134,fenyves_2020_polarity
SMDVL,RMEV,excitatory,receptor_match,ACh,3135,fenyves_2020_polarity
SMDVL,SIADR,mixed,both_excitatory_and_inhibitory_receptors,ACh,3136,fenyves_2020_polarity
SMDVL,SIAVR,mixed,both_excitatory_and_inhibitory_receptors,ACh,3137,fenyves_2020_polarity
SMDVL,SIBVL,mixed,both_excitatory_and_inhibitory_receptors,ACh,3138,fenyves_2020_polarity
SMDVL,SMDDR,mixed,both_excitatory_and_inhibitory_receptors,ACh,3139,fenyves_2020_polarity
SMDVL,SMDVR,mixed,both_excitatory_and_inhibitory_receptors,ACh,3140,fenyves_2020_polarity
SMDVR,AIBR,inhibitory,receptor_match,ACh,3141,fenyves_2020_polarity
SMDVR,AVAR,mixed,both_excitatory_and_inhibitory_receptors,ACh,3142,fenyves_2020_polarity
SMDVR,AVER,inhibitory,receptor_match,ACh,3143,fenyves_2020_polarity
SMDVR,CEPVL,inhibitory,receptor_match,ACh,3144,fenyves_2020_polarity
SMDVR,PLNL,inhibitory,receptor_match,ACh,3145,fenyves_2020_polarity
SMDVR,RIAL,inhibitory,receptor_match,ACh,3146,fenyves_2020_polarity
SMDVR,RIAR,inhibitory,receptor_match,ACh,3147,fenyves_2020_polarity
SMDVR,RIML,mixed,both_excitatory_and_inhibitory_receptors,ACh,3148,fenyves_2020_polarity
SMDVR,RIVR,inhibitory,receptor_match,ACh,3149,fenyves_2020_polarity
SMDVR,RMDDL,inhibitory,receptor_match,ACh,3150,fenyves_2020_polarity
SMDVR,RMED,excitatory,receptor_match,ACh,3151,fenyves_2020_polarity
SMDVR,SIAVL,mixed,both_excitatory_and_inhibitory_receptors,ACh,3152,fenyves_2020_polarity
SMDVR,SIBDR,mixed,both_excitatory_and_inhibitory_receptors,ACh,3153,fenyves_2020_polarity
SMDVR,SMDDL,mixed,both_excitatory_and_inhibitory_receptors,ACh,3154,fenyves_2020_polarity
SMDVR,SMDVL,mixed,both_excitatory_and_inhibitory_receptors,ACh,3155,fenyves_2020_polarity
SMDVR,VB1,mixed,both_excitatory_and_inhibitory_receptors,ACh,3156,fenyves_2020_polarity
URADL,IL1DL,excitatory,receptor_match,ACh,3157,fenyves_2020_polarity
URADL,RIH,inhibitory,receptor_match,ACh,3158,fenyves_2020_polarity
URADL,RIPL,unknown,no_receptor_match_found,ACh,3159,fenyves_2020_polarity
URADL,RMEL,excitatory,receptor_match,ACh,3160,fenyves_2020_polarity
URADR,IL1DR,excitatory,receptor_match,ACh,3161,fenyves_2020_polarity
URADR,RIPR,unknown,no_receptor_match_found,ACh,3162,fenyves_2020_polarity
URADR,RMER,excitatory,receptor_match,ACh,3163,fenyves_2020_polarity
URADR,URYDR,unknown,no_receptor_match_found,ACh,3164,fenyves_2020_polarity
URAVL,AVER,inhibitory,receptor_match,ACh,3165,fenyves_2020_polarity
URAVL,CEPVL,unknown,no_receptor_match_found,ACh,3166,fenyves_2020_polarity
URAVL,DVC,excitatory,receptor_match,ACh,3167,fenyves_2020_polarity
URAVL,IL1L,excitatory,receptor_match,ACh,3168,fenyves_2020_polarity
URAVL,IL1VL,excitatory,receptor_match,ACh,3169,fenyves_2020_polarity
URAVL,RIBL,excitatory,receptor_match,ACh,3170,fenyves_2020_polarity
URAVL,RIPL,unknown,no_receptor_match_found,ACh,3171,fenyves_2020_polarity
URAVL,RMDDL,inhibitory,receptor_match,ACh,3172,fenyves_2020_polarity
URAVL,RMDVR,inhibitory,receptor_match,ACh,3173,fenyves_2020_polarity
URAVL,RMEL,excitatory,receptor_match,ACh,3174,fenyves_2020_polarity
URAVL,RMER,excitatory,receptor_match,ACh,3175,fenyves_2020_polarity
URAVL,RMEV,excitatory,receptor_match,ACh,3176,fenyves_2020_polarity
URAVR,ADAR,unknown,no_receptor_match_found,ACh,3177,fenyves_2020_polarity
URAVR,IL1R,excitatory,receptor_match,ACh,3178,fenyves_2020_polarity
URAVR,IL1VR,excitatory,receptor_match,ACh,3179,fenyves_2020_polarity
URAVR,IL2VR,unknown,no_receptor_match_found,ACh,3180,fenyves_2020_polarity
URAVR,PVT,excitatory,receptor_match,ACh,3181,fenyves_2020_polarity
URAVR,RIH,inhibitory,receptor_match,ACh,3182,fenyves_2020_polarity
URAVR,RIPR,unknown,no_receptor_match_found,ACh,3183,fenyves_2020_polarity
URAVR,RMDDR,inhibitory,receptor_match,ACh,3184,fenyves_2020_polarity
URAVR,RMDVL,inhibitory,receptor_match,ACh,3185,fenyves_2020_polarity
URAVR,RMEL,excitatory,receptor_match,ACh,3186,fenyves_2020_polarity
URAVR,RMER,excitatory,receptor_match,ACh,3187,fenyves_2020_polarity
URAVR,RMEV,excitatory,receptor_match,ACh,3188,fenyves_2020_polarity
URAVR,URYVR,unknown,no_receptor_match_found,ACh,3189,fenyves_2020_polarity
URBL,ADAL,unknown,no_receptor_match_found,ACh,3190,fenyves_2020_polarity
URBL,AVBL,excitatory,receptor_match,ACh,3191,fenyves_2020_polarity
URBL,CEPDL,unknown,no_receptor_match_found,ACh,3192,fenyves_2020_polarity
URBL,IL1L,excitatory,receptor_match,ACh,3193,fenyves_2020_polarity
URBL,OLLL,inhibitory,receptor_match,ACh,3194,fenyves_2020_polarity
URBL,PVR,unknown,no_receptor_match_found,ACh,3195,fenyves_2020_polarity
URBL,RICL,unknown,no_receptor_match_found,ACh,3196,fenyves_2020_polarity
URBL,RICR,unknown,no_receptor_match_found,ACh,3197,fenyves_2020_polarity
URBL,RMDDR,inhibitory,receptor_match,ACh,3198,fenyves_2020_polarity
URBL,RMHR,unknown,no_receptor_match_found,ACh,3199,fenyves_2020_polarity
URBL,SIADR,mixed,both_excitatory_and_inhibitory_receptors,ACh,3200,fenyves_2020_polarity
URBL,SIAVL,mixed,both_excitatory_and_inhibitory_receptors,ACh,3201,fenyves_2020_polarity
URBL,SIBVL,mixed,both_excitatory_and_inhibitory_receptors,ACh,3202,fenyves_2020_polarity
URBL,SMBDR,inhibitory,receptor_match,ACh,3203,fenyves_2020_polarity
URBL,SMBVL,inhibitory,receptor_match,ACh,3204,fenyves_2020_polarity
URBL,URBL,excitatory,receptor_match,ACh,3205,fenyves_2020_polarity
URBL,URXL,inhibitory,receptor_match,ACh,3206,fenyves_2020_polarity
URBL,URYDL,unknown,no_receptor_match_found,ACh,3207,fenyves_2020_polarity
URBR,ADAR,unknown,no_receptor_match_found,ACh,3208,fenyves_2020_polarity
URBR,ADER,excitatory,receptor_match,ACh,3209,fenyves_2020_polarity
URBR,ADLR,unknown,no_receptor_match_found,ACh,3210,fenyves_2020_polarity
URBR,AVBR,excitatory,receptor_match,ACh,3211,fenyves_2020_polarity
URBR,AVDL,unknown,no_receptor_match_found,ACh,3212,fenyves_2020_polarity
URBR,CEPDR,unknown,no_receptor_match_found,ACh,3213,fenyves_2020_polarity
URBR,CEPVR,unknown,no_receptor_match_found,ACh,3214,fenyves_2020_polarity
URBR,IL1DR,excitatory,receptor_match,ACh,3215,fenyves_2020_polarity
URBR,IL1R,excitatory,receptor_match,ACh,3216,fenyves_2020_polarity
URBR,IL2R,unknown,no_receptor_match_found,ACh,3217,fenyves_2020_polarity
URBR,OLLR,inhibitory,receptor_match,ACh,3218,fenyves_2020_polarity
URBR,OLQDR,unknown,no_receptor_match_found,ACh,3219,fenyves_2020_polarity
URBR,RICL,unknown,no_receptor_match_found,ACh,3220,fenyves_2020_polarity
URBR,RICR,unknown,no_receptor_match_found,ACh,3221,fenyves_2020_polarity
URBR,RMDL,inhibitory,receptor_match,ACh,3222,fenyves_2020_polarity
URBR,RMDR,inhibitory,receptor_match,ACh,3223,fenyves_2020_polarity
URBR,RMGR,unknown,no_receptor_match_found,ACh,3224,fenyves_2020_polarity
URBR,SIADL,mixed,both_excitatory_and_inhibitory_receptors,ACh,3225,fenyves_2020_polarity
URBR,SIAVR,mixed,both_excitatory_and_inhibitory_receptors,ACh,3226,fenyves_2020_polarity
URBR,SIBDR,mixed,both_excitatory_and_inhibitory_receptors,ACh,3227,fenyves_2020_polarity
URBR,SIBVR,mixed,both_excitatory_and_inhibitory_receptors,ACh,3228,fenyves_2020_polarity
URBR,SMBDL,inhibitory,receptor_match,ACh,3229,fenyves_2020_polarity
URBR,SMBVR,inhibitory,receptor_match,ACh,3230,fenyves_2020_polarity
URBR,URXR,inhibitory,receptor_match,ACh,3231,fenyves_2020_polarity
URXL,ADAL,unknown,no_receptor_match_found,ACh,3232,fenyves_2020_polarity
URXL,ADFL,unknown,no_receptor_match_found,ACh,3233,fenyves_2020_polarity
URXL,AIML,unknown,no_receptor_match_found,ACh,3234,fenyves_2020_polarity
URXL,AIZL,inhibitory,receptor_match,ACh,3235,fenyves_2020_polarity
URXL,ASHL,unknown,no_receptor_match_found,ACh,3236,fenyves_2020_polarity
URXL,ASIL,unknown,no_receptor_match_found,ACh,3237,fenyves_2020_polarity
URXL,AUAL,unknown,no_receptor_match_found,ACh,3238,fenyves_2020_polarity
URXL,AVAL,mixed,both_excitatory_and_inhibitory_receptors,ACh,3239,fenyves_2020_polarity
URXL,AVBL,excitatory,receptor_match,ACh,3240,fenyves_2020_polarity
URXL,AVDR,unknown,no_receptor_match_found,ACh,3241,fenyves_2020_polarity
URXL,AVEL,inhibitory,receptor_match,ACh,3242,fenyves_2020_polarity
URXL,AVJR,unknown,no_receptor_match_found,ACh,3243,fenyves_2020_polarity
URXL,BAGR,unknown,no_receptor_match_found,ACh,3244,fenyves_2020_polarity
URXL,CEPDL,unknown,no_receptor_match_found,ACh,3245,fenyves_2020_polarity
URXL,HSNR,excitatory,receptor_match,ACh,3246,fenyves_2020_polarity
URXL,IL1DL,excitatory,receptor_match,ACh,3247,fenyves_2020_polarity
URXL,IL2L,unknown,no_receptor_match_found,ACh,3248,fenyves_2020_polarity
URXL,OLQVL,unknown,no_receptor_match_found,ACh,3249,fenyves_2020_polarity
URXL,RIAL,inhibitory,receptor_match,ACh,3250,fenyves_2020_polarity
URXL,RICL,unknown,no_receptor_match_found,ACh,3251,fenyves_2020_polarity
URXL,RIGL,mixed,both_excitatory_and_inhibitory_receptors,ACh,3252,fenyves_2020_polarity
URXL,RIR,unknown,no_receptor_match_found,ACh,3253,fenyves_2020_polarity
URXL,RMGL,unknown,no_receptor_match_found,ACh,3254,fenyves_2020_polarity
URXL,URXL,inhibitory,receptor_match,ACh,3255,fenyves_2020_polarity
URXR,ADAR,unknown,no_receptor_match_found,ACh,3256,fenyves_2020_polarity
URXR,ADFR,unknown,no_receptor_match_found,ACh,3257,fenyves_2020_polarity
URXR,ADLR,unknown,no_receptor_match_found,ACh,3258,fenyves_2020_polarity
URXR,AIMR,unknown,no_receptor_match_found,ACh,3259,fenyves_2020_polarity
URXR,ALMR,excitatory,receptor_match,ACh,3260,fenyves_2020_polarity
URXR,AUAR,unknown,no_receptor_match_found,ACh,3261,fenyves_2020_polarity
URXR,AVAR,mixed,both_excitatory_and_inhibitory_receptors,ACh,3262,fenyves_2020_polarity
URXR,AVBL,excitatory,receptor_match,ACh,3263,fenyves_2020_polarity
URXR,AVBR,excitatory,receptor_match,ACh,3264,fenyves_2020_polarity
URXR,AVER,inhibitory,receptor_match,ACh,3265,fenyves_2020_polarity
URXR,AWBR,unknown,no_receptor_match_found,ACh,3266,fenyves_2020_polarity
URXR,CEPDR,unknown,no_receptor_match_found,ACh,3267,fenyves_2020_polarity
URXR,OLQVR,unknown,no_receptor_match_found,ACh,3268,fenyves_2020_polarity
URXR,RIAR,inhibitory,receptor_match,ACh,3269,fenyves_2020_polarity
URXR,RICR,unknown,no_receptor_match_found,ACh,3270,fenyves_2020_polarity
URXR,RIFR,unknown,no_receptor_match_found,ACh,3271,fenyves_2020_polarity
URXR,RIGR,mixed,both_excitatory_and_inhibitory_receptors,ACh,3272,fenyves_2020_polarity
URXR,RIPR,unknown,no_receptor_match_found,ACh,3273,fenyves_2020_polarity
URXR,RIR,unknown,no_receptor_match_found,ACh,3274,fenyves_2020_polarity
URXR,RMDDL,inhibitory,receptor_match,ACh,3275,fenyves_2020_polarity
URXR,RMDR,inhibitory,receptor_match,ACh,3276,fenyves_2020_polarity
URXR,RMGR,unknown,no_receptor_match_found,ACh,3277,fenyves_2020_polarity
URXR,SIADL,mixed,both_excitatory_and_inhibitory_receptors,ACh,3278,fenyves_2020_polarity
URXR,SIAVR,mixed,both_excitatory_and_inhibitory_receptors,ACh,3279,fenyves_2020_polarity
URXR,SMBVR,inhibitory,receptor_match,ACh,3280,fenyves_2020_polarity
URXR,URBR,excitatory,receptor_match,ACh,3281,fenyves_2020_polarity
URYDL,AIZL,unknown,no_receptor_match_found,Glu,3282,fenyves_2020_polarity
URYDL,AVEL,excitatory,receptor_match,Glu,3283,fenyves_2020_polarity
URYDL,AVER,excitatory,receptor_match,Glu,3284,fenyves_2020_polarity
URYDL,IL1DL,unknown,no_receptor_match_found,Glu,3285,fenyves_2020_polarity
URYDL,OLLL,unknown,no_receptor_match_found,Glu,3286,fenyves_2020_polarity
URYDL,OLQDL,unknown,no_receptor_match_found,Glu,3287,fenyves_2020_polarity
URYDL,RIBL,mixed,both_excitatory_and_inhibitory_receptors,Glu,3288,fenyves_2020_polarity
URYDL,RMDDR,excitatory,receptor_match,Glu,3289,fenyves_2020_polarity
URYDL,RMDVL,excitatory,receptor_match,Glu,3290,fenyves_2020_polarity
URYDL,SMDDL,excitatory,receptor_match,Glu,3291,fenyves_2020_polarity
URYDL,SMDDR,excitatory,receptor_match,Glu,3292,fenyves_2020_polarity
URYDR,AVBL,excitatory,receptor_match,Glu,3293,fenyves_2020_polarity
URYDR,AVEL,excitatory,receptor_match,Glu,3294,fenyves_2020_polarity
URYDR,AVER,excitatory,receptor_match,Glu,3295,fenyves_2020_polarity
URYDR,AWCL,unknown,no_receptor_match_found,Glu,3296,fenyves_2020_polarity
URYDR,CEPDR,unknown,no_receptor_match_found,Glu,3297,fenyves_2020_polarity
URYDR,IL1DR,unknown,no_receptor_match_found,Glu,3298,fenyves_2020_polarity
URYDR,OLQDR,unknown,no_receptor_match_found,Glu,3299,fenyves_2020_polarity
URYDR,RIBR,mixed,both_excitatory_and_inhibitory_receptors,Glu,3300,fenyves_2020_polarity
URYDR,RMDDL,excitatory,receptor_match,Glu,3301,fenyves_2020_polarity
URYDR,RMDVR,excitatory,receptor_match,Glu,3302,fenyves_2020_polarity
URYDR,RMED,mixed,both_excitatory_and_inhibitory_receptors,Glu,3303,fenyves_2020_polarity
URYDR,SMDDL,excitatory,receptor_match,Glu,3304,fenyves_2020_polarity
URYDR,SMDVR,excitatory,receptor_match,Glu,3305,fenyves_2020_polarity
URYDR,URXR,unknown,no_receptor_match_found,Glu,3306,fenyves_2020_polarity
URYVL,AVBR,excitatory,receptor_match,Glu,3307,fenyves_2020_polarity
URYVL,AVDR,excitatory,receptor_match,Glu,3308,fenyves_2020_polarity
URYVL,AVEL,excitatory,receptor_match,Glu,3309,fenyves_2020_polarity
URYVL,AVER,excitatory,receptor_match,Glu,3310,fenyves_2020_polarity
URYVL,AVJR,excitatory,receptor_match,Glu,3311,fenyves_2020_polarity
URYVL,CEPVL,unknown,no_receptor_match_found,Glu,3312,fenyves_2020_polarity
URYVL,IL1VL,unknown,no_receptor_match_found,Glu,3313,fenyves_2020_polarity
URYVL,OLLL,unknown,no_receptor_match_found,Glu,3314,fenyves_2020_polarity
URYVL,OLLR,unknown,no_receptor_match_found,Glu,3315,fenyves_2020_polarity
URYVL,OLQVL,unknown,no_receptor_match_found,Glu,3316,fenyves_2020_polarity
URYVL,RIAL,mixed,both_excitatory_and_inhibitory_receptors,Glu,3317,fenyves_2020_polarity
URYVL,RIBL,mixed,both_excitatory_and_inhibitory_receptors,Glu,3318,fenyves_2020_polarity
URYVL,RIBR,mixed,both_excitatory_and_inhibitory_receptors,Glu,3319,fenyves_2020_polarity
URYVL,RID,unknown,no_receptor_match_found,Glu,3320,fenyves_2020_polarity
URYVL,RIH,excitatory,receptor_match,Glu,3321,fenyves_2020_polarity
URYVL,RIS,mixed,both_excitatory_and_inhibitory_receptors,Glu,3322,fenyves_2020_polarity
URYVL,RMDDL,excitatory,receptor_match,Glu,3323,fenyves_2020_polarity
URYVL,RMDVR,excitatory,receptor_match,Glu,3324,fenyves_2020_polarity
URYVL,SIBVL,excitatory,receptor_match,Glu,3325,fenyves_2020_polarity
URYVL,SIBVR,excitatory,receptor_match,Glu,3326,fenyves_2020_polarity
URYVL,SMDVR,excitatory,receptor_match,Glu,3327,fenyves_2020_polarity
URYVL,URXL,unknown,no_receptor_match_found,Glu,3328,fenyves_2020_polarity
URYVR,ADAR,unknown,no_receptor_match_found,Glu,3329,fenyves_2020_polarity
URYVR,AVAL,excitatory,receptor_match,Glu,3330,fenyves_2020_polarity
URYVR,AVBL,excitatory,receptor_match,Glu,3331,fenyves_2020_polarity
URYVR,AVEL,excitatory,receptor_match,Glu,3332,fenyves_2020_polarity
URYVR,AVL,inhibitory,receptor_match,Glu,3333,fenyves_2020_polarity
URYVR,CEPVR,unknown,no_receptor_match_found,Glu,3334,fenyves_2020_polarity
URYVR,IL1VR,unknown,no_receptor_match_found,Glu,3335,fenyves_2020_polarity
URYVR,RIAR,mixed,both_excitatory_and_inhibitory_receptors,Glu,3336,fenyves_2020_polarity
URYVR,RIBR,mixed,both_excitatory_and_inhibitory_receptors,Glu,3337,fenyves_2020_polarity
URYVR,RMDDR,excitatory,receptor_match,Glu,3338,fenyves_2020_polarity
URYVR,RMDL,excitatory,receptor_match,Glu,3339,fenyves_2020_polarity
URYVR,RMDVL,excitatory,receptor_match,Glu,3340,fenyves_2020_polarity
URYVR,SIBVL,excitatory,receptor_match,Glu,3341,fenyves_2020_polarity
URYVR,SIBVR,excitatory,receptor_match,Glu,3342,fenyves_2020_polarity
URYVR,SMBDR,unknown,no_receptor_match_found,Glu,3343,fenyves_2020_polarity
URYVR,SMDVL,excitatory,receptor_match,Glu,3344,fenyves_2020_polarity
VA1,DA2,excitatory,receptor_match,ACh,3345,fenyves_2020_polarity
VA1,DD1,excitatory,receptor_match,ACh,3346,fenyves_2020_polarity
VA1,VD1,excitatory,receptor_match,ACh,3347,fenyves_2020_polarity
VA10,AS6,excitatory,receptor_match,ACh,3413,fenyves_2020_polarity
VA10,AS7,excitatory,receptor_match,ACh,3414,fenyves_2020_polarity
VA10,DD5,excitatory,receptor_match,ACh,3415,fenyves_2020_polarity
VA10,DD6,excitatory,receptor_match,ACh,3416,fenyves_2020_polarity
VA10,VB8,excitatory,receptor_match,ACh,3417,fenyves_2020_polarity
VA10,VB9,excitatory,receptor_match,ACh,3418,fenyves_2020_polarity
VA10,VD10,excitatory,receptor_match,ACh,3419,fenyves_2020_polarity
VA10,VD11,excitatory,receptor_match,ACh,3420,fenyves_2020_polarity
VA10,VD12,excitatory,receptor_match,ACh,3421,fenyves_2020_polarity
VA11,AS7,excitatory,receptor_match,ACh,3422,fenyves_2020_polarity
VA11,AS8,excitatory,receptor_match,ACh,3423,fenyves_2020_polarity
VA11,AS9,excitatory,receptor_match,ACh,3424,fenyves_2020_polarity
VA11,DD6,excitatory,receptor_match,ACh,3425,fenyves_2020_polarity
VA11,PVNR,excitatory,receptor_match,ACh,3426,fenyves_2020_polarity
VA11,VB10,excitatory,receptor_match,ACh,3427,fenyves_2020_polarity
VA11,VD11,excitatory,receptor_match,ACh,3428,fenyves_2020_polarity
VA11,VD12,excitatory,receptor_match,ACh,3429,fenyves_2020_polarity
VA12,AS10,excitatory,receptor_match,ACh,3432,fenyves_2020_polarity
VA12,AS11,excitatory,receptor_match,ACh,3433,fenyves_2020_polarity
VA12,AS8,excitatory,receptor_match,ACh,3430,fenyves_2020_polarity
VA12,AS9,excitatory,receptor_match,ACh,3431,fenyves_2020_polarity
VA12,AVAL,mixed,both_excitatory_and_inhibitory_receptors,ACh,3434,fenyves_2020_polarity
VA12,DA8,excitatory,receptor_match,ACh,3435,fenyves_2020_polarity
VA12,DA9,excitatory,receptor_match,ACh,3436,fenyves_2020_polarity
VA12,DB7,excitatory,receptor_match,ACh,3437,fenyves_2020_polarity
VA12,DD6,excitatory,receptor_match,ACh,3438,fenyves_2020_polarity
VA12,LUAL,unknown,no_receptor_match_found,ACh,3439,fenyves_2020_polarity
VA12,PHCR,unknown,no_receptor_match_found,ACh,3440,fenyves_2020_polarity
VA12,PVCL,excitatory,receptor_match,ACh,3441,fenyves_2020_polarity
VA12,PVCR,excitatory,receptor_match,ACh,3442,fenyves_2020_polarity
VA12,VA11,excitatory,receptor_match,ACh,3443,fenyves_2020_polarity
VA12,VB11,excitatory,receptor_match,ACh,3444,fenyves_2020_polarity
VA12,VD12,excitatory,receptor_match,ACh,3445,fenyves_2020_polarity
VA12,VD13,excitatory,receptor_match,ACh,3446,fenyves_2020_polarity
VA2,AVAL,mixed,both_excitatory_and_inhibitory_receptors,ACh,3348,fenyves_2020_polarity
VA2,DD1,excitatory,receptor_match,ACh,3349,fenyves_2020_polarity
VA2,SAAVL,mixed,both_excitatory_and_inhibitory_receptors,ACh,3350,fenyves_2020_polarity
VA2,VA1,excitatory,receptor_match,ACh,3351,fenyves_2020_polarity
VA2,VA3,excitatory,receptor_match,ACh,3352,fenyves_2020_polarity
VA2,VB1,excitatory,receptor_match,ACh,3353,fenyves_2020_polarity
VA2,VB2,excitatory,receptor_match,ACh,3354,fenyves_2020_polarity
VA2,VD1,excitatory,receptor_match,ACh,3355,fenyves_2020_polarity
VA2,VD2,excitatory,receptor_match,ACh,3356,fenyves_2020_polarity
VA3,DD1,excitatory,receptor_match,ACh,3357,fenyves_2020_polarity
VA3,DD2,excitatory,receptor_match,ACh,3358,fenyves_2020_polarity
VA3,VA4,excitatory,receptor_match,ACh,3359,fenyves_2020_polarity
VA3,VB2,excitatory,receptor_match,ACh,3360,fenyves_2020_polarity
VA3,VB3,excitatory,receptor_match,ACh,3361,fenyves_2020_polarity
VA3,VD2,excitatory,receptor_match,ACh,3362,fenyves_2020_polarity
VA3,VD3,excitatory,receptor_match,ACh,3363,fenyves_2020_polarity
VA4,AVAR,mixed,both_excitatory_and_inhibitory_receptors,ACh,3364,fenyves_2020_polarity
VA4,AVDL,unknown,no_receptor_match_found,ACh,3365,fenyves_2020_polarity
VA4,AVER,inhibitory,receptor_match,ACh,3366,fenyves_2020_polarity
VA4,DD2,excitatory,receptor_match,ACh,3367,fenyves_2020_polarity
VA4,VB3,excitatory,receptor_match,ACh,3368,fenyves_2020_polarity
VA4,VB4,excitatory,receptor_match,ACh,3369,fenyves_2020_polarity
VA4,VD4,excitatory,receptor_match,ACh,3370,fenyves_2020_polarity
VA5,DD2,excitatory,receptor_match,ACh,3371,fenyves_2020_polarity
VA5,DD3,excitatory,receptor_match,ACh,3372,fenyves_2020_polarity
VA5,VA6,excitatory,receptor_match,ACh,3373,fenyves_2020_polarity
VA5,VB4,excitatory,receptor_match,ACh,3374,fenyves_2020_polarity
VA5,VD5,excitatory,receptor_match,ACh,3375,fenyves_2020_polarity
VA6,AS1,excitatory,receptor_match,ACh,3376,fenyves_2020_polarity
VA6,AS2,excitatory,receptor_match,ACh,3377,fenyves_2020_polarity
VA6,AVAR,mixed,both_excitatory_and_inhibitory_receptors,ACh,3378,fenyves_2020_polarity
VA6,DD3,excitatory,receptor_match,ACh,3379,fenyves_2020_polarity
VA6,VA5,excitatory,receptor_match,ACh,3380,fenyves_2020_polarity
VA6,VB4,excitatory,receptor_match,ACh,3381,fenyves_2020_polarity
VA6,VB5,excitatory,receptor_match,ACh,3382,fenyves_2020_polarity
VA6,VD5,excitatory,receptor_match,ACh,3383,fenyves_2020_polarity
VA6,VD6,excitatory,receptor_match,ACh,3384,fenyves_2020_polarity
VA7,AS1,excitatory,receptor_match,ACh,3385,fenyves_2020_polarity
VA7,AS2,excitatory,receptor_match,ACh,3386,fenyves_2020_polarity
VA7,AS3,excitatory,receptor_match,ACh,3387,fenyves_2020_polarity
VA7,DD3,excitatory,receptor_match,ACh,3388,fenyves_2020_polarity
VA7,DD4,excitatory,receptor_match,ACh,3389,fenyves_2020_polarity
VA7,VB6,excitatory,receptor_match,ACh,3390,fenyves_2020_polarity
VA7,VD6,excitatory,receptor_match,ACh,3391,fenyves_2020_polarity
VA7,VD7,excitatory,receptor_match,ACh,3392,fenyves_2020_polarity
VA8,AS2,excitatory,receptor_match,ACh,3393,fenyves_2020_polarity
VA8,AS3,excitatory,receptor_match,ACh,3394,fenyves_2020_polarity
VA8,AS4,excitatory,receptor_match,ACh,3395,fenyves_2020_polarity
VA8,AS5,excitatory,receptor_match,ACh,3396,fenyves_2020_polarity
VA8,DD4,excitatory,receptor_match,ACh,3397,fenyves_2020_polarity
VA8,DD5,excitatory,receptor_match,ACh,3398,fenyves_2020_polarity
VA8,VB6,excitatory,receptor_match,ACh,3399,fenyves_2020_polarity
VA8,VD7,excitatory,receptor_match,ACh,3400,fenyves_2020_polarity
VA8,VD8,excitatory,receptor_match,ACh,3401,fenyves_2020_polarity
VA8,VD9,excitatory,receptor_match,ACh,3402,fenyves_2020_polarity
VA9,AS6,excitatory,receptor_match,ACh,3403,fenyves_2020_polarity
VA9,AS7,excitatory,receptor_match,ACh,3404,fenyves_2020_polarity
VA9,DD4,excitatory,receptor_match,ACh,3405,fenyves_2020_polarity
VA9,DD5,excitatory,receptor_match,ACh,3406,fenyves_2020_polarity
VA9,DD6,excitatory,receptor_match,ACh,3407,fenyves_2020_polarity
VA9,VB7,excitatory,receptor_match,ACh,3408,fenyves_2020_polarity
VA9,VB8,excitatory,receptor_match,ACh,3409,fenyves_2020_polarity
VA9,VD10,excitatory,receptor_match,ACh,3411,fenyves_2020_polarity
VA9,VD11,excitatory,receptor_match,ACh,3412,fenyves_2020_polarity
VA9,VD9,excitatory,receptor_match,ACh,3410,fenyves_2020_polarity
VB1,ADAL,unknown,no_receptor_match_found,ACh,3447,fenyves_2020_polarity
VB1,AIBR,inhibitory,receptor_match,ACh,3448,fenyves_2020_polarity
VB1,DD1,excitatory,receptor_match,ACh,3449,fenyves_2020_polarity
VB1,RIML,mixed,both_excitatory_and_inhibitory_receptors,ACh,3450,fenyves_2020_polarity
VB1,RMFL,inhibitory,receptor_match,ACh,3451,fenyves_2020_polarity
VB1,SAADL,mixed,both_excitatory_and_inhibitory_receptors,ACh,3452,fenyves_2020_polarity
VB1,SMBVL,inhibitory,receptor_match,ACh,3453,fenyves_2020_polarity
VB1,VA1,excitatory,receptor_match,ACh,3454,fenyves_2020_polarity
VB1,VA2,excitatory,receptor_match,ACh,3455,fenyves_2020_polarity
VB1,VA3,excitatory,receptor_match,ACh,3456,fenyves_2020_polarity
VB1,VA4,excitatory,receptor_match,ACh,3457,fenyves_2020_polarity
VB1,VD1,excitatory,receptor_match,ACh,3458,fenyves_2020_polarity
VB1,VD2,excitatory,receptor_match,ACh,3459,fenyves_2020_polarity
VB10,DD6,excitatory,receptor_match,ACh,3505,fenyves_2020_polarity
VB10,PVT,excitatory,receptor_match,ACh,3506,fenyves_2020_polarity
VB10,VA11,excitatory,receptor_match,ACh,3507,fenyves_2020_polarity
VB10,VD11,excitatory,receptor_match,ACh,3508,fenyves_2020_polarity
VB10,VD12,excitatory,receptor_match,ACh,3509,fenyves_2020_polarity
VB11,DD6,excitatory,receptor_match,ACh,3510,fenyves_2020_polarity
VB11,PVCR,excitatory,receptor_match,ACh,3511,fenyves_2020_polarity
VB11,PVWL,unknown,no_receptor_match_found,ACh,3512,fenyves_2020_polarity
VB11,PVWR,unknown,no_receptor_match_found,ACh,3513,fenyves_2020_polarity
VB11,VA12,excitatory,receptor_match,ACh,3514,fenyves_2020_polarity
VB11,VD12,excitatory,receptor_match,ACh,3515,fenyves_2020_polarity
VB11,VD13,excitatory,receptor_match,ACh,3516,fenyves_2020_polarity
VB2,AVEL,inhibitory,receptor_match,ACh,3460,fenyves_2020_polarity
VB2,DD1,excitatory,receptor_match,ACh,3461,fenyves_2020_polarity
VB2,DD2,excitatory,receptor_match,ACh,3462,fenyves_2020_polarity
VB2,VA2,excitatory,receptor_match,ACh,3463,fenyves_2020_polarity
VB2,VA3,excitatory,receptor_match,ACh,3464,fenyves_2020_polarity
VB2,VC2,excitatory,receptor_match,ACh,3465,fenyves_2020_polarity
VB2,VD2,excitatory,receptor_match,ACh,3466,fenyves_2020_polarity
VB2,VD3,excitatory,receptor_match,ACh,3467,fenyves_2020_polarity
VB3,DD2,excitatory,receptor_match,ACh,3468,fenyves_2020_polarity
VB3,VA4,excitatory,receptor_match,ACh,3469,fenyves_2020_polarity
VB3,VA5,excitatory,receptor_match,ACh,3470,fenyves_2020_polarity
VB3,VD3,excitatory,receptor_match,ACh,3471,fenyves_2020_polarity
VB3,VD4,excitatory,receptor_match,ACh,3472,fenyves_2020_polarity
VB4,AVG,excitatory,receptor_match,ACh,3473,fenyves_2020_polarity
VB4,DD2,excitatory,receptor_match,ACh,3474,fenyves_2020_polarity
VB4,DD3,excitatory,receptor_match,ACh,3475,fenyves_2020_polarity
VB4,VA4,excitatory,receptor_match,ACh,3476,fenyves_2020_polarity
VB4,VA5,excitatory,receptor_match,ACh,3477,fenyves_2020_polarity
VB4,VB5,excitatory,receptor_match,ACh,3478,fenyves_2020_polarity
VB4,VD4,excitatory,receptor_match,ACh,3479,fenyves_2020_polarity
VB4,VD5,excitatory,receptor_match,ACh,3480,fenyves_2020_polarity
VB5,DD3,excitatory,receptor_match,ACh,3481,fenyves_2020_polarity
VB5,VA6,excitatory,receptor_match,ACh,3482,fenyves_2020_polarity
VB5,VD6,excitatory,receptor_match,ACh,3483,fenyves_2020_polarity
VB6,DD4,excitatory,receptor_match,ACh,3484,fenyves_2020_polarity
VB6,PVNR,excitatory,receptor_match,ACh,3485,fenyves_2020_polarity
VB6,VA7,excitatory,receptor_match,ACh,3486,fenyves_2020_polarity
VB6,VA8,excitatory,receptor_match,ACh,3487,fenyves_2020_polarity
VB6,VD6,excitatory,receptor_match,ACh,3488,fenyves_2020_polarity
VB6,VD7,excitatory,receptor_match,ACh,3489,fenyves_2020_polarity
VB7,DD5,excitatory,receptor_match,ACh,3490,fenyves_2020_polarity
VB7,VA10,excitatory,receptor_match,ACh,3492,fenyves_2020_polarity
VB7,VA9,excitatory,receptor_match,ACh,3491,fenyves_2020_polarity
VB7,VD8,excitatory,receptor_match,ACh,3493,fenyves_2020_polarity
VB7,VD9,excitatory,receptor_match,ACh,3494,fenyves_2020_polarity
VB8,DD5,excitatory,receptor_match,ACh,3495,fenyves_2020_polarity
VB8,DD6,excitatory,receptor_match,ACh,3496,fenyves_2020_polarity
VB8,VA11,excitatory,receptor_match,ACh,3497,fenyves_2020_polarity
VB8,VD10,excitatory,receptor_match,ACh,3499,fenyves_2020_polarity
VB8,VD9,excitatory,receptor_match,ACh,3498,fenyves_2020_polarity
VB9,DD5,excitatory,receptor_match,ACh,3500,fenyves_2020_polarity
VB9,DD6,excitatory,receptor_match,ACh,3501,fenyves_2020_polarity
VB9,VA11,excitatory,receptor_match,ACh,3502,fenyves_2020_polarity
VB9,VD10,excitatory,receptor_match,ACh,3503,fenyves_2020_polarity
VB9,VD11,excitatory,receptor_match,ACh,3504,fenyves_2020_polarity
VC1,AVFL,unknown,no_receptor_match_found,ACh,3517,fenyves_2020_polarity
VC1,AVL,unknown,no_receptor_match_found,ACh,3518,fenyves_2020_polarity
VC1,DD1,excitatory,receptor_match,ACh,3519,fenyves_2020_polarity
VC1,DD2,excitatory,receptor_match,ACh,3520,fenyves_2020_polarity
VC1,DD3,excitatory,receptor_match,ACh,3521,fenyves_2020_polarity
VC1,DVC,excitatory,receptor_match,ACh,3522,fenyves_2020_polarity
VC1,PVPR,unknown,no_receptor_match_found,ACh,3523,fenyves_2020_polarity
VC1,PVT,excitatory,receptor_match,ACh,3524,fenyves_2020_polarity
VC1,VC2,excitatory,receptor_match,ACh,3525,fenyves_2020_polarity
VC1,VC3,excitatory,receptor_match,ACh,3526,fenyves_2020_polarity
VC1,VD1,excitatory,receptor_match,ACh,3527,fenyves_2020_polarity
VC1,VD2,excitatory,receptor_match,ACh,3528,fenyves_2020_polarity
VC1,VD3,excitatory,receptor_match,ACh,3529,fenyves_2020_polarity
VC1,VD4,excitatory,receptor_match,ACh,3530,fenyves_2020_polarity
VC1,VD5,excitatory,receptor_match,ACh,3531,fenyves_2020_polarity
VC1,VD6,excitatory,receptor_match,ACh,3532,fenyves_2020_polarity
VC2,DB4,excitatory,receptor_match,ACh,3533,fenyves_2020_polarity
VC2,DD1,excitatory,receptor_match,ACh,3534,fenyves_2020_polarity
VC2,DD2,excitatory,receptor_match,ACh,3535,fenyves_2020_polarity
VC2,DD3,excitatory,receptor_match,ACh,3536,fenyves_2020_polarity
VC2,DVC,excitatory,receptor_match,ACh,3537,fenyves_2020_polarity
VC2,PVCL,excitatory,receptor_match,ACh,3538,fenyves_2020_polarity
VC2,PVPR,unknown,no_receptor_match_found,ACh,3539,fenyves_2020_polarity
VC2,PVQR,excitatory,receptor_match,ACh,3540,fenyves_2020_polarity
VC2,PVT,excitatory,receptor_match,ACh,3541,fenyves_2020_polarity
VC2,VC1,excitatory,receptor_match,ACh,3542,fenyves_2020_polarity
VC2,VC3,excitatory,receptor_match,ACh,3543,fenyves_2020_polarity
VC2,VD1,excitatory,receptor_match,ACh,3544,fenyves_2020_polarity
VC2,VD2,excitatory,receptor_match,ACh,3545,fenyves_2020_polarity
VC2,VD4,excitatory,receptor_match,ACh,3546,fenyves_2020_polarity
VC2,VD5,excitatory,receptor_match,ACh,3547,fenyves_2020_polarity
VC2,VD6,excitatory,receptor_match,ACh,3548,fenyves_2020_polarity
VC3,AVBL,excitatory,receptor_match,ACh,3549,fenyves_2020_polarity
VC3,AVJL,unknown,no_receptor_match_found,ACh,3550,fenyves_2020_polarity
VC3,AVL,unknown,no_receptor_match_found,ACh,3551,fenyves_2020_polarity
VC3,DD1,excitatory,receptor_match,ACh,3552,fenyves_2020_polarity
VC3,DD2,excitatory,receptor_match,ACh,3553,fenyves_2020_polarity
VC3,DD3,excitatory,receptor_match,ACh,3554,fenyves_2020_polarity
VC3,HSNR,excitatory,receptor_match,ACh,3555,fenyves_2020_polarity
VC3,PVNR,excitatory,receptor_match,ACh,3556,fenyves_2020_polarity
VC3,PVPR,unknown,no_receptor_match_found,ACh,3557,fenyves_2020_polarity
VC3,PVQR,excitatory,receptor_match,ACh,3558,fenyves_2020_polarity
VC3,PVT,excitatory,receptor_match,ACh,3559,fenyves_2020_polarity
VC3,SABVL,unknown,no_receptor_match_found,ACh,3560,fenyves_2020_polarity
VC3,VB2,excitatory,receptor_match,ACh,3561,fenyves_2020_polarity
VC3,VB4,excitatory,receptor_match,ACh,3562,fenyves_2020_polarity
VC3,VC1,excitatory,receptor_match,ACh,3563,fenyves_2020_polarity
VC3,VC2,excitatory,receptor_match,ACh,3564,fenyves_2020_polarity
VC3,VD1,excitatory,receptor_match,ACh,3565,fenyves_2020_polarity
VC3,VD2,excitatory,receptor_match,ACh,3566,fenyves_2020_polarity
VC3,VD3,excitatory,receptor_match,ACh,3567,fenyves_2020_polarity
VC3,VD4,excitatory,receptor_match,ACh,3568,fenyves_2020_polarity
VC3,VD5,excitatory,receptor_match,ACh,3569,fenyves_2020_polarity
VC3,VD6,excitatory,receptor_match,ACh,3570,fenyves_2020_polarity
VC3,VD7,excitatory,receptor_match,ACh,3571,fenyves_2020_polarity
VC4,AVBR,excitatory,receptor_match,ACh,3572,fenyves_2020_polarity
VC4,AVHR,unknown,no_receptor_match_found,ACh,3573,fenyves_2020_polarity
VC4,VC3,excitatory,receptor_match,ACh,3574,fenyves_2020_polarity
VC4,VC5,excitatory,receptor_match,ACh,3575,fenyves_2020_polarity
VC5,AVFL,unknown,no_receptor_match_found,ACh,3576,fenyves_2020_polarity
VC5,AVFR,unknown,no_receptor_match_found,ACh,3577,fenyves_2020_polarity
VC5,DVC,excitatory,receptor_match,ACh,3578,fenyves_2020_polarity
VC5,HSNL,excitatory,receptor_match,ACh,3579,fenyves_2020_polarity
VC5,HSNR,excitatory,receptor_match,ACh,3580,fenyves_2020_polarity
VC5,PVR,unknown,no_receptor_match_found,ACh,3581,fenyves_2020_polarity
VC5,PVT,excitatory,receptor_match,ACh,3582,fenyves_2020_polarity
VC5,VC4,excitatory,receptor_match,ACh,3583,fenyves_2020_polarity
VC5,VC5,excitatory,receptor_match,ACh,3584,fenyves_2020_polarity
VC6,AVG,excitatory,receptor_match,ACh,3585,fenyves_2020_polarity
VC6,AVL,unknown,no_receptor_match_found,ACh,3586,fenyves_2020_polarity
VC6,DD6,excitatory,receptor_match,ACh,3587,fenyves_2020_polarity
VC6,PVNR,excitatory,receptor_match,ACh,3588,fenyves_2020_polarity
VC6,VD11,excitatory,receptor_match,ACh,3589,fenyves_2020_polarity
VC6,VD12,excitatory,receptor_match,ACh,3590,fenyves_2020_polarity
VD1,DD1,unknown,no_receptor_match_found,GABA,3591,fenyves_2020_polarity
VD1,SAAVL,unknown,no_receptor_match_found,GABA,3592,fenyves_2020_polarity
VD1,VA1,mixed,both_excitatory_and_inhibitory_receptors,GABA,3593,fenyves_2020_polarity
VD1,VB1,mixed,both_excitatory_and_inhibitory_receptors,GABA,3594,fenyves_2020_polarity
VD10,VA10,mixed,both_excitatory_and_inhibitory_receptors,GABA,3624,fenyves_2020_polarity
VD10,VB9,mixed,both_excitatory_and_inhibitory_receptors,GABA,3625,fenyves_2020_polarity
VD11,AVAR,inhibitory,receptor_match,GABA,3626,fenyves_2020_polarity
VD11,DD6,unknown,no_receptor_match_found,GABA,3627,fenyves_2020_polarity
VD11,PVT,excitatory,receptor_match,GABA,3628,fenyves_2020_polarity
VD11,VA11,mixed,both_excitatory_and_inhibitory_receptors,GABA,3629,fenyves_2020_polarity
VD11,VB10,mixed,both_excitatory_and_inhibitory_receptors,GABA,3630,fenyves_2020_polarity
VD12,DD6,unknown,no_receptor_match_found,GABA,3631,fenyves_2020_polarity
VD12,VA11,mixed,both_excitatory_and_inhibitory_receptors,GABA,3632,fenyves_2020_polarity
VD12,VA12,mixed,both_excitatory_and_inhibitory_receptors,GABA,3633,fenyves_2020_polarity
VD12,VB11,mixed,both_excitatory_and_inhibitory_receptors,GABA,3634,fenyves_2020_polarity
VD13,AVAR,inhibitory,receptor_match,GABA,3635,fenyves_2020_polarity
VD13,DD6,unknown,no_receptor_match_found,GABA,3636,fenyves_2020_polarity
VD13,PVCR,inhibitory,receptor_match,GABA,3637,fenyves_2020_polarity
VD13,PVWL,inhibitory,receptor_match,GABA,3638,fenyves_2020_polarity
VD13,VA12,mixed,both_excitatory_and_inhibitory_receptors,GABA,3639,fenyves_2020_polarity
VD13,VD12,unknown,no_receptor_match_found,GABA,3640,fenyves_2020_polarity
VD2,AS1,inhibitory,receptor_match,GABA,3595,fenyves_2020_polarity
VD2,AVEL,inhibitory,receptor_match,GABA,3596,fenyves_2020_polarity
VD2,DD1,unknown,no_receptor_match_found,GABA,3597,fenyves_2020_polarity
VD2,VA2,mixed,both_excitatory_and_inhibitory_receptors,GABA,3598,fenyves_2020_polarity
VD2,VB2,mixed,both_excitatory_and_inhibitory_receptors,GABA,3599,fenyves_2020_polarity
VD3,DD1,unknown,no_receptor_match_found,GABA,3600,fenyves_2020_polarity
VD3,VA3,mixed,both_excitatory_and_inhibitory_receptors,GABA,3601,fenyves_2020_polarity
VD3,VB2,mixed,both_excitatory_and_inhibitory_receptors,GABA,3602,fenyves_2020_polarity
VD3,VB3,mixed,both_excitatory_and_inhibitory_receptors,GABA,3603,fenyves_2020_polarity
VD4,VA4,mixed,both_excitatory_and_inhibitory_receptors,GABA,3604,fenyves_2020_polarity
VD4,VB3,mixed,both_excitatory_and_inhibitory_receptors,GABA,3605,fenyves_2020_polarity
VD5,AVAR,inhibitory,receptor_match,GABA,3606,fenyves_2020_polarity
VD5,SAAVL,unknown,no_receptor_match_found,GABA,3607,fenyves_2020_polarity
VD5,VA5,mixed,both_excitatory_and_inhibitory_receptors,GABA,3608,fenyves_2020_polarity
VD5,VA6,mixed,both_excitatory_and_inhibitory_receptors,GABA,3609,fenyves_2020_polarity
VD5,VB1,mixed,both_excitatory_and_inhibitory_receptors,GABA,3610,fenyves_2020_polarity
VD5,VB4,mixed,both_excitatory_and_inhibitory_receptors,GABA,3611,fenyves_2020_polarity
VD6,AVAL,inhibitory,receptor_match,GABA,3612,fenyves_2020_polarity
VD6,PVNR,unknown,no_receptor_match_found,GABA,3613,fenyves_2020_polarity
VD6,VA6,mixed,both_excitatory_and_inhibitory_receptors,GABA,3614,fenyves_2020_polarity
VD6,VB5,mixed,both_excitatory_and_inhibitory_receptors,GABA,3615,fenyves_2020_polarity
VD7,VA7,mixed,both_excitatory_and_inhibitory_receptors,GABA,3616,fenyves_2020_polarity
VD7,VB6,mixed,both_excitatory_and_inhibitory_receptors,GABA,3617,fenyves_2020_polarity
VD7,VB7,mixed,both_excitatory_and_inhibitory_receptors,GABA,3618,fenyves_2020_polarity
VD8,VA8,mixed,both_excitatory_and_inhibitory_receptors,GABA,3619,fenyves_2020_polarity
VD8,VA9,mixed,both_excitatory_and_inhibitory_receptors,GABA,3620,fenyves_2020_polarity
VD8,VB7,mixed,both_excitatory_and_inhibitory_receptors,GABA,3621,fenyves_2020_polarity
VD9,VA9,mixed,both_excitatory_and_inhibitory_receptors,GABA,3622,fenyves_2020_polarity
VD9,VB8,mixed,both_excitatory_and_inhibitory_receptors,GABA,3623,fenyves_2020_polarity
