pre,post,synapse_type,weight
ADAL,ADAL,chemical,6
ADAL,ADLL,chemical,2
ADAL,AIAL,chemical,2
ADAL,AIBL,chemical,2
ADAL,AIBR,chemical,2
ADAL,AVAL,chemical,3
ADAL,AVAR,chemical,7
ADAL,AVBL,chemical,5
ADAL,AVBR,chemical,21
ADAL,AVDL,chemical,1
ADAL,AVDR,chemical,2
ADAL,AVEL,chemical,3
ADAL,AVJR,chemical,11
ADAL,PVPL,chemical,1
ADAL,RICL,chemical,3
ADAL,RICR,chemical,1
ADAL,RIML,chemical,9
ADAL,RIPL,chemical,4
ADAL,SMDVR,chemical,3
ADAL,URAVL,chemical,1
ADAL,URXL,chemical,2
ADAR,AIBL,chemical,1
ADAR,AIBR,chemical,3
ADAR,ASHR,chemical,2
ADAR,AVAR,chemical,8
ADAR,AVBL,chemical,8
ADAR,AVBR,chemical,15
ADAR,AVDL,chemical,2
ADAR,AVDR,chemical,3
ADAR,AVEL,chemical,1
ADAR,AVJL,chemical,13
ADAR,PVR,chemical,6
ADAR,RIFR,chemical,1
ADAR,RIMR,chemical,15
ADAR,RIPR,chemical,9
ADAR,RIVR,chemical,5
ADAR,SMDVL,chemical,1
ADAR,URXR,chemical,2
ADAR,URYDR,chemical,2
ADEL,ADAL,chemical,1
ADEL,ADEL,chemical,2
ADEL,ADER,chemical,5
ADEL,ALML,chemical,1
ADEL,AVAL,chemical,7
ADEL,AVAR,chemical,9
ADEL,AVDL,chemical,2
ADEL,AVEL,chemical,3
ADEL,AVHL,chemical,2
ADEL,AVL,chemical,1
ADEL,BDUL,chemical,1
ADEL,CEPDL,chemical,1
ADEL,CEPVL,chemical,1
ADEL,FLPL,chemical,4
ADEL,IL1L,chemical,3
ADEL,IL2L,chemical,5
ADEL,MDL03,chemical,1
ADEL,MDL05,chemical,1
ADEL,MVL01,chemical,4
ADEL,OLLL,chemical,6
ADEL,RIAL,chemical,2
ADEL,RIFL,chemical,1
ADEL,RIGL,chemical,18
ADEL,RIGR,chemical,15
ADEL,RIH,chemical,3
ADEL,RIVL,chemical,2
ADEL,RIVR,chemical,2
ADEL,RMDL,chemical,11
ADEL,RMER,chemical,1
ADEL,RMGL,chemical,7
ADEL,RMHL,chemical,1
ADEL,RMHR,chemical,2
ADEL,SAADR,chemical,1
ADEL,SIADR,chemical,2
ADEL,SIBDR,chemical,2
ADEL,SMBDR,chemical,1
ADEL,SMBVL,chemical,2
ADEL,URBL,chemical,2
ADEL,VB1,chemical,2
ADEL,hyp,chemical,2
ADER,ADAR,chemical,1
ADER,ADEL,chemical,3
ADER,ALNR,chemical,1
ADER,ASIR,chemical,1
ADER,AVAL,chemical,9
ADER,AVAR,chemical,4
ADER,AVDR,chemical,5
ADER,AVER,chemical,4
ADER,AVJR,chemical,1
ADER,CEPDR,chemical,5
ADER,CEPVR,chemical,1
ADER,CEPshDR,chemical,1
ADER,FLPL,chemical,1
ADER,FLPR,chemical,4
ADER,IL1R,chemical,1
ADER,IL2R,chemical,1
ADER,MDR04,chemical,1
ADER,OLLR,chemical,3
ADER,RIAR,chemical,1
ADER,RIGL,chemical,12
ADER,RIGR,chemical,11
ADER,RMDL,chemical,1
ADER,RMDR,chemical,6
ADER,RMGR,chemical,5
ADER,SMDVR,chemical,1
ADER,URBR,chemical,1
ADER,URXR,chemical,2
ADFL,ADAL,chemical,2
ADFL,ADLL,chemical,1
ADFL,AFDL,chemical,1
ADFL,AIAL,chemical,2
ADFL,AIBL,chemical,2
ADFL,AIBR,chemical,1
ADFL,AIZL,chemical,39
ADFL,AUAL,chemical,12
ADFL,AWBL,chemical,2
ADFL,AWCR,chemical,2
ADFL,RIAL,chemical,46
ADFL,RIBL,chemical,4
ADFL,RIGL,chemical,4
ADFL,RIGR,chemical,1
ADFL,RIR,chemical,4
ADFL,RIVL,chemical,1
ADFL,SMBDL,chemical,1
ADFL,SMBVL,chemical,9
ADFL,SMDVL,chemical,1
ADFL,URXL,chemical,1
ADFR,ADAR,chemical,4
ADFR,ADFR,chemical,1
ADFR,AFDR,chemical,1
ADFR,AIYR,chemical,2
ADFR,AIZR,chemical,37
ADFR,ASHR,chemical,6
ADFR,AUAR,chemical,9
ADFR,AVHL,chemical,1
ADFR,AWAR,chemical,1
ADFR,AWBR,chemical,4
ADFR,AWCR,chemical,1
ADFR,BAGL,chemical,6
ADFR,OLQVR,chemical,1
ADFR,PVPR,chemical,1
ADFR,RIAR,chemical,61
ADFR,RIGR,chemical,24
ADFR,RIH,chemical,2
ADFR,RIR,chemical,7
ADFR,SMBDR,chemical,2
ADFR,SMBVR,chemical,19
ADFR,URXR,chemical,10
ADFR,URYVR,chemical,2
ADLL,ADAL,chemical,1
ADLL,AIAL,chemical,19
ADLL,AIBL,chemical,26
ADLL,ALA,chemical,5
ADLL,ASEL,chemical,1
ADLL,ASER,chemical,12
ADLL,ASGL,chemical,2
ADLL,ASHL,chemical,6
ADLL,AVAL,chemical,9
ADLL,AVAR,chemical,5
ADLL,AVBL,chemical,12
ADLL,AVDL,chemical,4
ADLL,AVDR,chemical,15
ADLL,AVJL,chemical,3
ADLL,AVJR,chemical,9
ADLL,AWAL,chemical,1
ADLL,AWBL,chemical,3
ADLL,AWCL,chemical,2
ADLL,OLQVL,chemical,2
ADLL,RIAL,chemical,1
ADLL,RIGL,chemical,1
ADLL,RIPL,chemical,3
ADLL,RIR,chemical,1
ADLL,SMBVL,chemical,5
ADLR,ADAR,chemical,1
ADLR,ADLR,chemical,3
ADLR,AIAR,chemical,22
ADLR,AIBR,chemical,27
ADLR,ASER,chemical,2
ADLR,ASHR,chemical,4
ADLR,AVAR,chemical,8
ADLR,AVBL,chemical,3
ADLR,AVBR,chemical,7
ADLR,AVDL,chemical,26
ADLR,AVDR,chemical,3
ADLR,AVJL,chemical,2
ADLR,AVJR,chemical,3
ADLR,AWCR,chemical,7
ADLR,CEPVR,chemical,1
ADLR,OLLR,chemical,1
ADLR,OLQVR,chemical,1
ADLR,PVCL,chemical,3
ADLR,RICL,chemical,1
ADLR,RICR,chemical,5
ADLR,RIFR,chemical,2
ADLR,RIPR,chemical,2
ADLR,SIBVL,chemical,2
ADLR,SMBVR,chemical,5
ADLR,URBR,chemical,6
ADLR,URXR,chemical,8
AFDL,AFDL,chemical,1
AFDL,AIBL,chemical,1
AFDL,AINR,chemical,3
AFDL,AIYL,chemical,25
AFDL,ASEL,chemical,1
AFDL,ASER,chemical,1
AFDL,AWBL,chemical,4
AFDR,AFDL,chemical,1
AFDR,AIYR,chemical,29
AFDR,ASEL,chemical,1
AFDR,ASER,chemical,4
AIAL,ADAL,chemical,1
AIAL,ADFL,chemical,2
AIAL,ADLL,chemical,1
AIAL,AIBL,chemical,35
AIAL,AIML,chemical,6
AIAL,AIZL,chemical,4
AIAL,ASEL,chemical,5
AIAL,ASER,chemical,10
AIAL,ASGL,chemical,1
AIAL,ASHL,chemical,1
AIAL,ASJL,chemical,4
AIAL,ASKL,chemical,9
AIAL,AWCL,chemical,1
AIAL,AWCR,chemical,6
AIAL,PVQL,chemical,1
AIAL,RIFL,chemical,10
AIAL,RIR,chemical,2
AIAL,RMGL,chemical,2
AIAR,ADAR,chemical,4
AIAR,ADLR,chemical,10
AIAR,AIAR,chemical,1
AIAR,AIBR,chemical,33
AIAR,AIZR,chemical,2
AIAR,ASER,chemical,5
AIAR,ASGR,chemical,5
AIAR,ASIR,chemical,2
AIAR,ASKR,chemical,1
AIAR,AWAR,chemical,4
AIAR,AWCL,chemical,6
AIAR,AWCR,chemical,6
AIAR,RIFR,chemical,10
AIBL,AIBL,chemical,2
AIBL,AIZR,chemical,7
AIBL,ASHL,chemical,1
AIBL,ASHR,chemical,3
AIBL,AVAL,chemical,5
AIBL,AVBL,chemical,21
AIBL,AVEL,chemical,1
AIBL,FLPL,chemical,1
AIBL,RIBR,chemical,16
AIBL,RIFL,chemical,1
AIBL,RIGR,chemical,5
AIBL,RIML,chemical,1
AIBL,RIMR,chemical,56
AIBL,RMFR,chemical,6
AIBL,SAADL,chemical,6
AIBL,SAADR,chemical,10
AIBL,SAAVL,chemical,3
AIBL,SAAVR,chemical,1
AIBL,SIADR,chemical,2
AIBL,SIAVR,chemical,2
AIBL,SIBVR,chemical,2
AIBL,SMDDR,chemical,16
AIBL,SMDVR,chemical,4
AIBR,ADLR,chemical,1
AIBR,AIAR,chemical,1
AIBR,AIYR,chemical,1
AIBR,AQR,chemical,1
AIBR,AUAL,chemical,1
AIBR,AVAR,chemical,2
AIBR,AVBR,chemical,13
AIBR,AVEL,chemical,4
AIBR,AWCR,chemical,1
AIBR,DVA,chemical,1
AIBR,RIAL,chemical,2
AIBR,RIBL,chemical,11
AIBR,RICR,chemical,1
AIBR,RIGL,chemical,1
AIBR,RIML,chemical,47
AIBR,RIMR,chemical,5
AIBR,RMFL,chemical,1
AIBR,SAADL,chemical,2
AIBR,SAADR,chemical,2
AIBR,SAAVR,chemical,1
AIBR,SIADL,chemical,1
AIBR,SIBDL,chemical,1
AIBR,SIBDR,chemical,1
AIBR,SMDDL,chemical,17
AIBR,SMDVL,chemical,7
AIBR,VB1,chemical,3
AIML,AIAL,chemical,11
AIML,ALML,chemical,1
AIML,ASGL,chemical,8
AIML,ASJL,chemical,2
AIML,ASKL,chemical,7
AIML,AVDL,chemical,1
AIML,AVFL,chemical,5
AIML,AVFR,chemical,4
AIML,AVHL,chemical,2
AIML,AVHR,chemical,1
AIML,AVJL,chemical,1
AIML,CEPDL,chemical,3
AIML,CEPshDL,chemical,2
AIML,CEPshVL,chemical,1
AIML,PVQL,chemical,1
AIML,RID,chemical,2
AIML,RIFL,chemical,2
AIML,RMGL,chemical,3
AIML,SMBVL,chemical,4
AIML,URXL,chemical,1
AIMR,ADFR,chemical,2
AIMR,AIAR,chemical,10
AIMR,AIMR,chemical,1
AIMR,ALA,chemical,2
AIMR,ASGR,chemical,6
AIMR,ASJR,chemical,4
AIMR,ASKR,chemical,4
AIMR,AVAR,chemical,1
AIMR,AVDR,chemical,2
AIMR,AVFL,chemical,3
AIMR,AVFR,chemical,4
AIMR,AVHR,chemical,2
AIMR,AVJR,chemical,1
AIMR,BDUR,chemical,2
AIMR,CEPVR,chemical,1
AIMR,HSNL,chemical,3
AIMR,HSNR,chemical,3
AIMR,OLQDR,chemical,1
AIMR,PVNR,chemical,1
AIMR,RIFR,chemical,3
AIMR,RMDR,chemical,1
AIMR,RMGR,chemical,4
AIMR,URXR,chemical,5
AINL,AFDR,chemical,10
AINL,AIAR,chemical,1
AINL,ASEL,chemical,1
AINL,ASGR,chemical,1
AINL,ASIL,chemical,11
AINL,AUAR,chemical,2
AINL,BAGL,chemical,5
AINL,CEPshVR,chemical,2
AINL,RIBL,chemical,2
AINL,RIBR,chemical,3
AINL,RID,chemical,2
AINL,RMDVL,chemical,3
AINL,RMFL,chemical,1
AINL,SAAVL,chemical,3
AINL,hyp,chemical,1
AINR,AFDL,chemical,9
AINR,AFDR,chemical,3
AINR,AIAL,chemical,2
AINR,AIBL,chemical,2
AINR,AINL,chemical,1
AINR,AINR,chemical,1
AINR,ASEL,chemical,1
AINR,ASER,chemical,3
AINR,ASGL,chemical,1
AINR,AUAL,chemical,1
AINR,AUAR,chemical,2
AINR,AWCL,chemical,2
AINR,BAGR,chemical,9
AINR,CEPDL,chemical,2
AINR,CEPshDL,chemical,4
AINR,RIBL,chemical,8
AINR,RID,chemical,2
AINR,URXL,chemical,2
AINR,URXR,chemical,2
AIYL,AFDL,chemical,2
AIYL,AIBL,chemical,3
AIYL,AIZL,chemical,67
AIYL,ASER,chemical,1
AIYL,AWAL,chemical,14
AIYL,AWCL,chemical,5
AIYL,AWCR,chemical,3
AIYL,HSNR,chemical,1
AIYL,RIAL,chemical,51
AIYL,RIBL,chemical,42
AIYL,RIH,chemical,1
AIYL,RIR,chemical,1
AIYR,ADFR,chemical,1
AIYR,AFDR,chemical,1
AIYR,AINL,chemical,1
AIYR,AIYL,chemical,7
AIYR,AIZR,chemical,70
AIYR,ASEL,chemical,2
AIYR,ASER,chemical,4
AIYR,ASGR,chemical,2
AIYR,AWAR,chemical,1
AIYR,AWBR,chemical,1
AIYR,BAGR,chemical,1
AIYR,RIAR,chemical,50
AIYR,RIBR,chemical,60
AIYR,RIVR,chemical,1
AIZL,ADFL,chemical,1
AIZL,AFDL,chemical,1
AIZL,AIAL,chemical,12
AIZL,AIBL,chemical,10
AIZL,AIBR,chemical,53
AIZL,ASEL,chemical,4
AIZL,AVEL,chemical,3
AIZL,AVER,chemical,26
AIZL,AVKR,chemical,4
AIZL,AWCR,chemical,2
AIZL,DVA,chemical,1
AIZL,MVL07,chemical,1
AIZL,RIAL,chemical,29
AIZL,RICR,chemical,11
AIZL,RIGL,chemical,4
AIZL,RIML,chemical,35
AIZL,SMBDL,chemical,24
AIZL,SMBVL,chemical,21
AIZL,SMDVL,chemical,3
AIZL,URYDL,chemical,3
AIZL,VB2,chemical,1
AIZR,ADFR,chemical,1
AIZR,AIAR,chemical,5
AIZR,AIBL,chemical,50
AIZR,AIBR,chemical,3
AIZR,ASER,chemical,2
AIZR,AVEL,chemical,28
AIZR,AVER,chemical,1
AIZR,AWAR,chemical,1
AIZR,AWCR,chemical,2
AIZR,DVA,chemical,3
AIZR,RIAR,chemical,25
AIZR,RIMR,chemical,34
AIZR,SIADR,chemical,1
AIZR,SMBDR,chemical,17
AIZR,SMBVR,chemical,10
AIZR,SMDDR,chemical,4
ALA,ASJR,chemical,4
ALA,AVDR,chemical,1
ALA,AVEL,chemical,8
ALA,AVER,chemical,4
ALA,CANL,chemical,30
ALA,CANR,chemical,30
ALA,CEPshDL,chemical,3
ALA,PVDL,chemical,75
ALA,PVDR,chemical,75
ALA,RIAR,chemical,2
ALA,RMDR,chemical,3
ALA,exc_cell,chemical,15
ALA,hyp,chemical,18
ALML,AIML,chemical,1
ALML,ALML,chemical,1
ALML,AVDR,chemical,3
ALML,AVEL,chemical,3
ALML,BDUL,chemical,15
ALML,CEPDL,chemical,2
ALML,CEPVL,chemical,3
ALML,PVCL,chemical,11
ALML,PVCR,chemical,4
ALML,RICL,chemical,2
ALML,RICR,chemical,3
ALML,RIFL,chemical,2
ALML,RMDDR,chemical,1
ALML,RMGL,chemical,3
ALML,SDQL,chemical,2
ALML,SMBDR,chemical,2
ALML,hyp,chemical,1
ALMR,BDUR,chemical,14
ALMR,CEPDR,chemical,1
ALMR,CEPVR,chemical,3
ALMR,PVCR,chemical,10
ALMR,RMDDL,chemical,1
ALMR,SIADL,chemical,1
ALMR,SMDDL,chemical,1
ALMR,URBR,chemical,1
ALNL,RIAL,chemical,1
ALNL,RMDDR,chemical,1
ALNL,RMGL,chemical,1
ALNL,RMHL,chemical,1
ALNL,SAAVL,chemical,8
ALNL,SIADR,chemical,1
ALNL,SMBDR,chemical,7
ALNL,SMDVL,chemical,1
ALNR,ADER,chemical,1
ALNR,AVAL,chemical,6
ALNR,RIML,chemical,5
ALNR,SAAVR,chemical,6
ALNR,SMBDL,chemical,4
ALNR,SMDDR,chemical,1
ALNR,SMDVL,chemical,2
AQR,AVAL,chemical,4
AQR,AVAR,chemical,6
AQR,AVBL,chemical,7
AQR,AVBR,chemical,12
AQR,AVDL,chemical,3
AQR,AVDR,chemical,2
AQR,AVJL,chemical,3
AQR,BAGL,chemical,8
AQR,BAGR,chemical,5
AQR,DVA,chemical,6
AQR,PVCL,chemical,1
AQR,PVCR,chemical,4
AQR,PVPL,chemical,3
AQR,PVPR,chemical,1
AQR,RIAL,chemical,8
AQR,RIAR,chemical,4
AQR,RIGL,chemical,1
AQR,RIR,chemical,1
AQR,URXL,chemical,5
AS1,AS1,chemical,3
AS1,DA1,chemical,8
AS1,DB1,chemical,3
AS1,DD1,chemical,2
AS1,MDL06,chemical,4
AS1,MDL07,chemical,6
AS1,MDR06,chemical,10
AS1,MDR07,chemical,10
AS1,VD1,chemical,20
AS10,MDL20,chemical,3
AS10,MDL21,chemical,2
AS10,MDR21,chemical,3
AS10,MDR22,chemical,2
AS10,VD10,chemical,10
AS10,VD11,chemical,10
AS11,DB7,chemical,1
AS11,DD6,chemical,2
AS11,MDL21,chemical,3
AS11,MDL22,chemical,2
AS11,MDR22,chemical,2
AS11,MDR23,chemical,2
AS11,VD12,chemical,20
AS11,VD13,chemical,3
AS2,DB1,chemical,1
AS2,DD1,chemical,3
AS2,MDL07,chemical,2
AS2,MDL08,chemical,5
AS2,MDL09,chemical,6
AS2,MDR07,chemical,3
AS2,MDR08,chemical,4
AS2,MDR09,chemical,2
AS2,RID,chemical,2
AS2,VD2,chemical,21
AS3,DA3,chemical,1
AS3,DD1,chemical,2
AS3,MDL09,chemical,1
AS3,MDL10,chemical,7
AS3,MDR09,chemical,8
AS3,MDR10,chemical,5
AS3,VD3,chemical,23
AS4,DA3,chemical,2
AS4,DB2,chemical,2
AS4,DD1,chemical,2
AS4,DD2,chemical,4
AS4,MDL10,chemical,5
AS4,MDL11,chemical,5
AS4,MDL12,chemical,2
AS4,MDR11,chemical,4
AS4,MDR12,chemical,5
AS4,VD4,chemical,21
AS5,AS5,chemical,3
AS5,DA4,chemical,1
AS5,DD3,chemical,1
AS5,MDL11,chemical,2
AS5,MDL12,chemical,8
AS5,MDR12,chemical,2
AS5,PVDL,chemical,1
AS5,VD5,chemical,12
AS6,DA5,chemical,1
AS6,DB4,chemical,1
AS6,DD3,chemical,4
AS6,MDL13,chemical,2
AS6,MDL14,chemical,3
AS6,MDR13,chemical,5
AS6,MDR14,chemical,9
AS6,VD6,chemical,20
AS7,MDL15,chemical,2
AS7,MDL16,chemical,3
AS7,MDR15,chemical,2
AS7,MDR16,chemical,3
AS7,VD7,chemical,20
AS8,MDL17,chemical,2
AS8,MDL18,chemical,3
AS8,MDR17,chemical,2
AS8,MDR18,chemical,3
AS8,VD8,chemical,20
AS9,MDL19,chemical,3
AS9,MDL20,chemical,2
AS9,MDR19,chemical,2
AS9,MDR20,chemical,3
AS9,VD9,chemical,20
ASEL,ADFR,chemical,1
ASEL,AFDR,chemical,3
ASEL,AIAL,chemical,6
ASEL,AIBL,chemical,16
ASEL,AIBR,chemical,13
ASEL,AIYL,chemical,32
ASEL,AIYR,chemical,21
ASEL,AIZL,chemical,1
ASEL,ASER,chemical,2
ASEL,ASJL,chemical,1
ASEL,AWBL,chemical,1
ASEL,AWCL,chemical,16
ASEL,AWCR,chemical,11
ASEL,IL2R,chemical,1
ASEL,OLLR,chemical,1
ASEL,RIAR,chemical,2
ASEL,RIR,chemical,1
ASER,ADLL,chemical,4
ASER,ADLR,chemical,1
ASER,AFDL,chemical,2
ASER,AFDR,chemical,3
ASER,AIAL,chemical,8
ASER,AIAR,chemical,4
ASER,AIBL,chemical,4
ASER,AIBR,chemical,32
ASER,AIYL,chemical,9
ASER,AIYR,chemical,38
ASER,AIZL,chemical,1
ASER,ASEL,chemical,3
ASER,ASHR,chemical,2
ASER,ASKL,chemical,1
ASER,AWAR,chemical,1
ASER,AWCL,chemical,1
ASER,AWCR,chemical,1
ASER,hyp,chemical,2
ASGL,AIAL,chemical,46
ASGL,AIBL,chemical,17
ASGL,AINR,chemical,2
ASGL,ASKL,chemical,2
ASGR,AIAR,chemical,51
ASGR,AIBR,chemical,20
ASGR,AIYR,chemical,1
ASGR,ASER,chemical,3
ASHL,ADAL,chemical,2
ASHL,ADFL,chemical,6
ASHL,ADLL,chemical,6
ASHL,AIAL,chemical,24
ASHL,AIBL,chemical,13
ASHL,AIZL,chemical,3
ASHL,ASKL,chemical,1
ASHL,AVAL,chemical,15
ASHL,AVAR,chemical,1
ASHL,AVBL,chemical,14
ASHL,AVDL,chemical,7
ASHL,AVDR,chemical,20
ASHL,AVFL,chemical,2
ASHL,AVHR,chemical,2
ASHL,HSNL,chemical,2
ASHL,RIAL,chemical,9
ASHL,RIML,chemical,4
ASHL,RIPL,chemical,4
ASHL,RIR,chemical,4
ASHL,URXL,chemical,2
ASHR,ADAR,chemical,5
ASHR,ADFR,chemical,3
ASHR,ADLR,chemical,13
ASHR,AIAR,chemical,28
ASHR,AIBR,chemical,7
ASHR,ASHR,chemical,2
ASHR,AVAR,chemical,10
ASHR,AVBR,chemical,6
ASHR,AVDL,chemical,27
ASHR,AVDR,chemical,2
ASHR,AVER,chemical,7
ASHR,AVHL,chemical,1
ASHR,AWAR,chemical,1
ASHR,AWBL,chemical,1
ASHR,HSNL,chemical,4
ASHR,HSNR,chemical,5
ASHR,PVCL,chemical,3
ASHR,PVPR,chemical,1
ASHR,RIAR,chemical,3
ASHR,RMGR,chemical,6
ASHR,SMBVR,chemical,7
ASIL,ADFL,chemical,1
ASIL,AIAL,chemical,2
ASIL,AIBL,chemical,3
ASIL,AIYL,chemical,3
ASIL,AIYR,chemical,2
ASIL,AIZL,chemical,1
ASIL,ASER,chemical,8
ASIL,ASGL,chemical,3
ASIL,ASKL,chemical,3
ASIL,AWAR,chemical,2
ASIL,AWCL,chemical,3
ASIL,AWCR,chemical,4
ASIL,CEPVR,chemical,1
ASIL,RIAL,chemical,3
ASIL,RIBL,chemical,1
ASIL,RMFL,chemical,1
ASIL,SAAVL,chemical,2
ASIR,ADLR,chemical,1
ASIR,AIAL,chemical,1
ASIR,AIAR,chemical,4
ASIR,AIBR,chemical,3
ASIR,ASEL,chemical,2
ASIR,ASER,chemical,2
ASIR,ASGR,chemical,3
ASIR,ASHR,chemical,2
ASIR,AWAR,chemical,1
ASIR,AWCL,chemical,2
ASIR,AWCR,chemical,5
ASIR,CEPVR,chemical,1
ASIR,CEPshVR,chemical,4
ASIR,hyp,chemical,2
ASJL,ALA,chemical,3
ASJL,ASKL,chemical,12
ASJL,ASKR,chemical,1
ASJL,CEPDL,chemical,1
ASJL,HSNL,chemical,1
ASJL,HSNR,chemical,1
ASJL,PVQL,chemical,34
ASJR,ASKR,chemical,12
ASJR,HSNR,chemical,1
ASJR,PVQR,chemical,19
ASJR,hyp,chemical,1
ASKL,AIAL,chemical,29
ASKL,AIBL,chemical,9
ASKL,AIML,chemical,5
ASKL,ASER,chemical,4
ASKL,ASJL,chemical,1
ASKR,ADLR,chemical,3
ASKR,AIAL,chemical,1
ASKR,AIAR,chemical,35
ASKR,AIBR,chemical,2
ASKR,AIMR,chemical,5
ASKR,ALA,chemical,1
ASKR,ASER,chemical,1
ASKR,ASGR,chemical,1
ASKR,AWAR,chemical,2
ASKR,CEPVR,chemical,2
ASKR,HSNL,chemical,1
ASKR,RIFR,chemical,1
AUAL,ADFL,chemical,1
AUAL,AIBR,chemical,1
AUAL,AIYL,chemical,1
AUAL,AIZL,chemical,2
AUAL,AVAL,chemical,11
AUAL,AVDR,chemical,2
AUAL,AVEL,chemical,9
AUAL,BAGR,chemical,3
AUAL,DVA,chemical,2
AUAL,RIAL,chemical,21
AUAL,RIBL,chemical,35
AUAL,URXL,chemical,1
AUAR,AINL,chemical,1
AUAR,AINR,chemical,1
AUAR,AIYR,chemical,1
AUAR,AIZR,chemical,2
AUAR,AVAR,chemical,3
AUAR,AVER,chemical,13
AUAR,BAGL,chemical,1
AUAR,RIAR,chemical,22
AUAR,RIBR,chemical,31
AUAR,URXR,chemical,5
AVAL,AS10,chemical,5
AVAL,AS11,chemical,8
AVAL,AS2,chemical,2
AVAL,AS4,chemical,2
AVAL,AS5,chemical,6
AVAL,AS7,chemical,6
AVAL,AS8,chemical,6
AVAL,AVAR,chemical,12
AVAL,AVBL,chemical,2
AVAL,AVDL,chemical,3
AVAL,AVDR,chemical,2
AVAL,AVEL,chemical,1
AVAL,AVER,chemical,2
AVAL,DA1,chemical,6
AVAL,DA2,chemical,10
AVAL,DA3,chemical,12
AVAL,DA4,chemical,12
AVAL,DA5,chemical,14
AVAL,DA6,chemical,1
AVAL,DA7,chemical,4
AVAL,DA8,chemical,5
AVAL,DA9,chemical,3
AVAL,DB5,chemical,2
AVAL,DB7,chemical,2
AVAL,LUAL,chemical,6
AVAL,LUAR,chemical,2
AVAL,PVCL,chemical,21
AVAL,PVCR,chemical,16
AVAL,PVNL,chemical,1
AVAL,RIAL,chemical,3
AVAL,SABVL,chemical,2
AVAL,VA1,chemical,2
AVAL,VA10,chemical,9
AVAL,VA11,chemical,6
AVAL,VA12,chemical,5
AVAL,VA2,chemical,8
AVAL,VA3,chemical,6
AVAL,VA4,chemical,7
AVAL,VA5,chemical,7
AVAL,VA6,chemical,8
AVAL,VA7,chemical,7
AVAL,VA8,chemical,7
AVAL,VA9,chemical,7
AVAL,hyp,chemical,1
AVAR,AS1,chemical,2
AVAR,AS11,chemical,10
AVAR,AS2,chemical,3
AVAR,AS4,chemical,2
AVAR,AS5,chemical,1
AVAR,AS6,chemical,2
AVAR,AS7,chemical,6
AVAR,AS8,chemical,10
AVAR,AS9,chemical,10
AVAR,AVAL,chemical,7
AVAR,AVBL,chemical,3
AVAR,AVBR,chemical,4
AVAR,AVDL,chemical,3
AVAR,AVDR,chemical,6
AVAR,AVEL,chemical,2
AVAR,AVER,chemical,3
AVAR,DA1,chemical,2
AVAR,DA2,chemical,9
AVAR,DA3,chemical,8
AVAR,DA4,chemical,9
AVAR,DA5,chemical,9
AVAR,DA6,chemical,4
AVAR,DA7,chemical,6
AVAR,DA8,chemical,20
AVAR,DA9,chemical,3
AVAR,DB2,chemical,2
AVAR,DB3,chemical,2
AVAR,DB5,chemical,2
AVAR,LUAL,chemical,4
AVAR,LUAR,chemical,16
AVAR,PDEL,chemical,3
AVAR,PDER,chemical,3
AVAR,PVCL,chemical,20
AVAR,PVCR,chemical,20
AVAR,RIGL,chemical,1
AVAR,SAAVR,chemical,6
AVAR,SABVR,chemical,2
AVAR,SMDVR,chemical,1
AVAR,VA10,chemical,4
AVAR,VA11,chemical,13
AVAR,VA2,chemical,5
AVAR,VA3,chemical,6
AVAR,VA4,chemical,6
AVAR,VA5,chemical,2
AVAR,VA6,chemical,9
AVAR,VA7,chemical,7
AVAR,VA8,chemical,7
AVAR,VA9,chemical,7
AVAR,hyp,chemical,1
AVBL,AS10,chemical,2
AVBL,AS4,chemical,1
AVBL,AS5,chemical,2
AVBL,AVAL,chemical,9
AVBL,AVAR,chemical,14
AVBL,AVBR,chemical,6
AVBL,AVDR,chemical,3
AVBL,AVEL,chemical,1
AVBL,AVER,chemical,1
AVBL,AVJR,chemical,1
AVBL,AVL,chemical,1
AVBL,DA5,chemical,1
AVBL,DA7,chemical,1
AVBL,DVA,chemical,2
AVBL,PVCR,chemical,2
AVBL,PVNR,chemical,3
AVBL,PVPR,chemical,3
AVBL,SDQL,chemical,1
AVBL,VA10,chemical,1
AVBL,VA11,chemical,1
AVBL,VA2,chemical,3
AVBL,VB2,chemical,3
AVBL,VC3,chemical,3
AVBL,hyp,chemical,1
AVBR,AIBR,chemical,1
AVBR,AS1,chemical,2
AVBR,AS10,chemical,1
AVBR,AS3,chemical,3
AVBR,AS4,chemical,1
AVBR,AS5,chemical,2
AVBR,AVAL,chemical,10
AVBR,AVAR,chemical,14
AVBR,AVBL,chemical,2
AVBR,AVDL,chemical,4
AVBR,AVER,chemical,2
AVBR,AVJL,chemical,2
AVBR,DA3,chemical,3
AVBR,DA7,chemical,1
AVBR,HSNR,chemical,1
AVBR,MVL16,chemical,1
AVBR,MVR16,chemical,1
AVBR,VA4,chemical,2
AVBR,VA7,chemical,1
AVBR,VD3,chemical,2
AVBR,hyp,chemical,9
AVDL,AS10,chemical,1
AVDL,AS11,chemical,4
AVDL,AS4,chemical,2
AVDL,AVAL,chemical,37
AVDL,AVAR,chemical,37
AVDL,AVDR,chemical,5
AVDL,AVEL,chemical,5
AVDL,AVJL,chemical,1
AVDL,DA1,chemical,4
AVDL,DA2,chemical,2
AVDL,DA3,chemical,9
AVDL,DA4,chemical,3
AVDL,DA5,chemical,1
AVDL,DA8,chemical,2
AVDL,DVC,chemical,2
AVDL,LUAL,chemical,2
AVDL,PVCL,chemical,1
AVDL,SABD,chemical,5
AVDL,SABVL,chemical,2
AVDL,SABVR,chemical,5
AVDL,VA1,chemical,2
AVDL,VA10,chemical,2
AVDL,VA12,chemical,1
AVDL,VA3,chemical,3
AVDL,VA5,chemical,1
AVDR,ALA,chemical,1
AVDR,AS10,chemical,2
AVDR,AS11,chemical,3
AVDR,AVAL,chemical,41
AVDR,AVAR,chemical,52
AVDR,AVBL,chemical,1
AVDR,AVDL,chemical,3
AVDR,AVER,chemical,2
AVDR,AVJR,chemical,1
AVDR,DA1,chemical,5
AVDR,DA2,chemical,5
AVDR,DA3,chemical,3
AVDR,DA4,chemical,2
AVDR,DA5,chemical,3
AVDR,DA6,chemical,1
AVDR,DA8,chemical,1
AVDR,DA9,chemical,1
AVDR,DB1,chemical,1
AVDR,DB4,chemical,1
AVDR,DVC,chemical,4
AVDR,LUAL,chemical,3
AVDR,PQR,chemical,3
AVDR,PVCR,chemical,2
AVDR,SABD,chemical,1
AVDR,SABVL,chemical,5
AVDR,SABVR,chemical,1
AVDR,VA11,chemical,1
AVDR,VA2,chemical,1
AVDR,VA3,chemical,2
AVDR,VA5,chemical,3
AVDR,hyp,chemical,2
AVEL,ALML,chemical,1
AVEL,AS1,chemical,3
AVEL,AS3,chemical,2
AVEL,AVAL,chemical,17
AVEL,AVAR,chemical,3
AVEL,AVDL,chemical,5
AVEL,DA1,chemical,11
AVEL,DA2,chemical,5
AVEL,DA3,chemical,6
AVEL,DA4,chemical,1
AVEL,DB3,chemical,1
AVEL,DB4,chemical,1
AVEL,PVCL,chemical,1
AVEL,PVCR,chemical,2
AVEL,PVT,chemical,1
AVEL,RMGL,chemical,2
AVEL,SABD,chemical,18
AVEL,SABVL,chemical,16
AVEL,SABVR,chemical,12
AVEL,VA1,chemical,12
AVEL,VA3,chemical,1
AVEL,VA4,chemical,1
AVEL,VD2,chemical,1
AVEL,VD3,chemical,1
AVER,AIZR,chemical,1
AVER,AS1,chemical,6
AVER,AS2,chemical,4
AVER,AS3,chemical,1
AVER,AVAL,chemical,14
AVER,AVAR,chemical,33
AVER,AVDL,chemical,4
AVER,AVDR,chemical,4
AVER,AVEL,chemical,3
AVER,CEPDL,chemical,1
AVER,DA1,chemical,11
AVER,DA2,chemical,7
AVER,DA3,chemical,3
AVER,DB3,chemical,1
AVER,OLLL,chemical,1
AVER,RIMR,chemical,1
AVER,RMGR,chemical,1
AVER,SABD,chemical,1
AVER,SABVL,chemical,12
AVER,SABVR,chemical,11
AVER,URXR,chemical,1
AVER,VA1,chemical,5
AVER,VA2,chemical,4
AVER,VA3,chemical,1
AVER,VA4,chemical,2
AVFL,AIML,chemical,1
AVFL,AS10,chemical,1
AVFL,AVBL,chemical,4
AVFL,AVBR,chemical,1
AVFL,AVFR,chemical,12
AVFL,AVG,chemical,5
AVFL,AVHL,chemical,4
AVFL,AVHR,chemical,1
AVFL,AVJL,chemical,2
AVFL,AVL,chemical,5
AVFL,DVB,chemical,1
AVFL,HSNL,chemical,2
AVFL,HSNR,chemical,3
AVFL,MVL10,chemical,1
AVFL,MVL11,chemical,1
AVFL,MVL13,chemical,1
AVFL,MVR13,chemical,1
AVFL,PDER,chemical,1
AVFL,PVNL,chemical,1
AVFL,PVQL,chemical,1
AVFL,PVQR,chemical,1
AVFL,RIFL,chemical,1
AVFL,RIFR,chemical,1
AVFL,SMBVL,chemical,1
AVFL,VB1,chemical,2
AVFL,VB2,chemical,2
AVFL,VC1,chemical,1
AVFL,hyp,chemical,1
AVFL,int,chemical,1
AVFR,AIAL,chemical,1
AVFR,AIML,chemical,1
AVFR,ASHR,chemical,1
AVFR,AVAL,chemical,1
AVFR,AVBL,chemical,6
AVFR,AVBR,chemical,6
AVFR,AVFL,chemical,7
AVFR,AVG,chemical,1
AVFR,AVHL,chemical,3
AVFR,AVHR,chemical,3
AVFR,AVJL,chemical,5
AVFR,AVJR,chemical,1
AVFR,HSNL,chemical,4
AVFR,HSNR,chemical,3
AVFR,MVL11,chemical,1
AVFR,MVL12,chemical,1
AVFR,MVR10,chemical,1
AVFR,MVR14,chemical,2
AVFR,PVCR,chemical,1
AVFR,PVDL,chemical,1
AVFR,PVPR,chemical,1
AVFR,PVQL,chemical,2
AVFR,RMDDL,chemical,1
AVFR,RMGL,chemical,1
AVFR,VA2,chemical,1
AVFR,VD11,chemical,1
AVFR,hyp,chemical,1
AVG,AVAL,chemical,3
AVG,AVAR,chemical,3
AVG,AVBL,chemical,5
AVG,AVBR,chemical,3
AVG,AVDL,chemical,1
AVG,AVDR,chemical,3
AVG,AVEL,chemical,2
AVG,AVER,chemical,1
AVG,AVFL,chemical,3
AVG,AVG,chemical,2
AVG,AVJL,chemical,7
AVG,AVJR,chemical,3
AVG,DA8,chemical,1
AVG,DVC,chemical,2
AVG,MVL10,chemical,1
AVG,MVL11,chemical,2
AVG,MVL16,chemical,2
AVG,MVR16,chemical,2
AVG,PHAL,chemical,3
AVG,PVCL,chemical,1
AVG,PVCR,chemical,2
AVG,PVNL,chemical,2
AVG,PVNR,chemical,4
AVG,PVQR,chemical,2
AVG,PVT,chemical,2
AVG,VA6,chemical,1
AVG,VC1,chemical,2
AVG,hyp,chemical,2
AVHL,ADFR,chemical,5
AVHL,ASHR,chemical,1
AVHL,AVAR,chemical,1
AVHL,AVBL,chemical,2
AVHL,AVBR,chemical,1
AVHL,AVDL,chemical,1
AVHL,AVFL,chemical,1
AVHL,AVFR,chemical,5
AVHL,AVHR,chemical,1
AVHL,AVJL,chemical,4
AVHL,AVJR,chemical,1
AVHL,AWBR,chemical,3
AVHL,BDUR,chemical,1
AVHL,DD1,chemical,1
AVHL,PVPL,chemical,1
AVHL,PVPR,chemical,2
AVHL,PVQR,chemical,3
AVHL,RIFR,chemical,1
AVHL,RIMR,chemical,1
AVHL,RIR,chemical,2
AVHL,SABD,chemical,1
AVHL,SMBDR,chemical,4
AVHL,SMBVR,chemical,4
AVHL,VD1,chemical,1
AVHL,hyp,chemical,1
AVHR,ADLR,chemical,3
AVHR,AQR,chemical,1
AVHR,ASKR,chemical,1
AVHR,AVAL,chemical,1
AVHR,AVBL,chemical,3
AVHR,AVBR,chemical,1
AVHR,AVDR,chemical,1
AVHR,AVFL,chemical,2
AVHR,AVFR,chemical,2
AVHR,AVG,chemical,1
AVHR,AVHL,chemical,1
AVHR,AVJR,chemical,5
AVHR,AWBL,chemical,1
AVHR,DVA,chemical,1
AVHR,MVR09,chemical,1
AVHR,PVPL,chemical,9
AVHR,RIGL,chemical,1
AVHR,RIR,chemical,8
AVHR,SMBDL,chemical,3
AVHR,SMBVL,chemical,1
AVJL,AINL,chemical,1
AVJL,ASHR,chemical,1
AVJL,AVAR,chemical,1
AVJL,AVBL,chemical,5
AVJL,AVBR,chemical,6
AVJL,AVDL,chemical,1
AVJL,AVEL,chemical,1
AVJL,AVHL,chemical,3
AVJL,AVJR,chemical,1
AVJL,PVCL,chemical,5
AVJL,PVCR,chemical,1
AVJL,PVNR,chemical,4
AVJL,RIFR,chemical,1
AVJL,RIS,chemical,1
AVJL,SABD,chemical,1
AVJR,ALML,chemical,3
AVJR,AVAL,chemical,4
AVJR,AVAR,chemical,5
AVJR,AVBL,chemical,10
AVJR,AVBR,chemical,2
AVJR,AVDL,chemical,1
AVJR,AVDR,chemical,7
AVJR,AVER,chemical,3
AVJR,AVFR,chemical,1
AVJR,AVJL,chemical,1
AVJR,AVM,chemical,1
AVJR,FLPR,chemical,2
AVJR,PVCL,chemical,5
AVJR,PVCR,chemical,7
AVJR,PVQR,chemical,1
AVJR,RID,chemical,2
AVJR,SABVL,chemical,3
AVKL,AVBL,chemical,2
AVKL,AVEL,chemical,4
AVKL,AVER,chemical,2
AVKL,AVM,chemical,2
AVKL,DVA,chemical,1
AVKL,MVL11,chemical,3
AVKL,MVR06,chemical,2
AVKL,MVR11,chemical,3
AVKL,PDEL,chemical,2
AVKL,PDER,chemical,1
AVKL,RIML,chemical,3
AVKL,RIMR,chemical,2
AVKL,RIVL,chemical,5
AVKL,RMDL,chemical,1
AVKL,RMFL,chemical,2
AVKL,SAADL,chemical,1
AVKL,SAADR,chemical,3
AVKL,SIAVR,chemical,2
AVKL,SIBDR,chemical,2
AVKL,VB1,chemical,3
AVKL,hyp,chemical,8
AVKR,AVKL,chemical,3
AVKR,BDUL,chemical,3
AVKR,MVL09,chemical,2
AVKR,MVL11,chemical,1
AVKR,MVR09,chemical,1
AVKR,MVR22,chemical,3
AVKR,PVM,chemical,2
AVKR,PVPL,chemical,1
AVKR,PVQL,chemical,1
AVKR,RIGL,chemical,1
AVKR,RIML,chemical,5
AVKR,RIMR,chemical,3
AVKR,RMDL,chemical,1
AVKR,RMDR,chemical,2
AVKR,RMFL,chemical,2
AVKR,RMGL,chemical,2
AVKR,RMHR,chemical,1
AVKR,SAADL,chemical,2
AVKR,SIADL,chemical,3
AVKR,SMBDL,chemical,3
AVKR,SMDDR,chemical,3
AVKR,SMDVR,chemical,1
AVKR,hyp,chemical,2
AVL,AVEL,chemical,3
AVL,AVKR,chemical,2
AVL,DD1,chemical,4
AVL,DD6,chemical,1
AVL,DVB,chemical,1
AVL,DVC,chemical,2
AVL,HSNR,chemical,2
AVL,MVL10,chemical,5
AVL,MVL11,chemical,4
AVL,MVL12,chemical,1
AVL,MVL15,chemical,1
AVL,MVR08,chemical,4
AVL,MVR11,chemical,2
AVL,PVPR,chemical,2
AVL,PVWL,chemical,1
AVL,RIMR,chemical,2
AVL,RIS,chemical,1
AVL,SABD,chemical,9
AVL,SABVL,chemical,9
AVL,SABVR,chemical,6
AVL,VC1,chemical,2
AVL,VC2,chemical,2
AVL,VC6,chemical,1
AVL,VD12,chemical,3
AVL,hyp,chemical,2
AVL,int,chemical,4
AVM,ADER,chemical,4
AVM,AVBL,chemical,13
AVM,AVBR,chemical,9
AVM,AVDL,chemical,1
AVM,AVDR,chemical,1
AVM,AVHL,chemical,3
AVM,AVJR,chemical,1
AVM,AVKL,chemical,1
AVM,BDUL,chemical,3
AVM,BDUR,chemical,5
AVM,DA1,chemical,2
AVM,PVCL,chemical,10
AVM,PVCR,chemical,17
AVM,PVNL,chemical,4
AVM,PVNR,chemical,3
AVM,PVR,chemical,6
AVM,RID,chemical,2
AVM,SIBVL,chemical,4
AVM,VA2,chemical,1
AVM,VB3,chemical,1
AVM,hyp,chemical,1
AWAL,ADAL,chemical,2
AWAL,AFDL,chemical,7
AWAL,AIYL,chemical,3
AWAL,AIZL,chemical,23
AWAL,ASEL,chemical,7
AWAL,ASGL,chemical,1
AWAL,ASHL,chemical,2
AWAL,AWBL,chemical,9
AWAR,ADFR,chemical,9
AWAR,AFDR,chemical,23
AWAR,AIAR,chemical,3
AWAR,AIYR,chemical,8
AWAR,AIZR,chemical,25
AWAR,ASER,chemical,5
AWAR,ASGR,chemical,1
AWAR,ASIL,chemical,2
AWAR,AUAR,chemical,1
AWAR,AWBR,chemical,3
AWAR,RIFR,chemical,5
AWAR,RIGR,chemical,6
AWAR,RIR,chemical,2
AWBL,ADFL,chemical,25
AWBL,AIAL,chemical,4
AWBL,AIBR,chemical,1
AWBL,AIYL,chemical,1
AWBL,AIZL,chemical,15
AWBL,ASEL,chemical,1
AWBL,ASHL,chemical,2
AWBL,AVBL,chemical,2
AWBL,AVHR,chemical,2
AWBL,AWAL,chemical,2
AWBL,AWCL,chemical,1
AWBL,HSNL,chemical,1
AWBL,RIAL,chemical,10
AWBL,RIGL,chemical,2
AWBL,SMBDL,chemical,2
AWBL,SMBVL,chemical,3
AWBR,ADFR,chemical,7
AWBR,AIMR,chemical,1
AWBR,AIYR,chemical,1
AWBR,AIZR,chemical,8
AWBR,ASER,chemical,1
AWBR,ASGR,chemical,1
AWBR,ASHR,chemical,2
AWBR,AVBR,chemical,2
AWBR,HSNL,chemical,2
AWBR,HSNR,chemical,2
AWBR,OLQVR,chemical,1
AWBR,RIAR,chemical,3
AWBR,RIFR,chemical,1
AWBR,RIR,chemical,7
AWBR,URYVR,chemical,1
AWCL,AFDL,chemical,2
AWCL,AIAL,chemical,2
AWCL,AIAR,chemical,4
AWCL,AIBL,chemical,12
AWCL,AIBR,chemical,2
AWCL,AIYL,chemical,22
AWCL,AIZL,chemical,1
AWCL,ASER,chemical,1
AWCL,ASGR,chemical,1
AWCL,ASIL,chemical,1
AWCL,AVAL,chemical,1
AWCL,AWCR,chemical,11
AWCL,RIAL,chemical,6
AWCL,SMDVL,chemical,1
AWCR,ADFR,chemical,1
AWCR,AIAL,chemical,1
AWCR,AIAR,chemical,8
AWCR,AIBL,chemical,3
AWCR,AIBR,chemical,18
AWCR,AIYL,chemical,12
AWCR,AIYR,chemical,22
AWCR,ASEL,chemical,8
AWCR,ASER,chemical,5
AWCR,ASGR,chemical,3
AWCR,ASHR,chemical,1
AWCR,ASIL,chemical,2
AWCR,ASIR,chemical,2
AWCR,AWCL,chemical,17
AWCR,IL2L,chemical,2
AWCR,RIAL,chemical,3
AWCR,RIVL,chemical,3
BAGL,ADFR,chemical,1
BAGL,AIBL,chemical,2
BAGL,AINL,chemical,1
BAGL,AIZR,chemical,2
BAGL,AUAR,chemical,2
BAGL,AVAR,chemical,3
BAGL,AVEL,chemical,2
BAGL,AVER,chemical,7
BAGL,BAGR,chemical,1
BAGL,CEPVR,chemical,2
BAGL,CEPshVR,chemical,3
BAGL,RIAR,chemical,18
BAGL,RIBR,chemical,19
BAGL,RID,chemical,3
BAGL,RIGL,chemical,3
BAGL,RIGR,chemical,7
BAGL,RIPR,chemical,1
BAGL,RIVR,chemical,2
BAGL,URAVR,chemical,1
BAGL,URXR,chemical,1
BAGR,AIYL,chemical,3
BAGR,AQR,chemical,3
BAGR,AVAL,chemical,4
BAGR,AVEL,chemical,8
BAGR,BAGL,chemical,3
BAGR,OLQVL,chemical,2
BAGR,RIAL,chemical,18
BAGR,RIBL,chemical,22
BAGR,RIBR,chemical,1
BAGR,RIGL,chemical,10
BAGR,SMDVL,chemical,1
BDUL,ADAL,chemical,2
BDUL,ADEL,chemical,6
BDUL,ALML,chemical,1
BDUL,AVHL,chemical,2
BDUL,AVJR,chemical,2
BDUL,CEPshVL,chemical,2
BDUL,HSNL,chemical,3
BDUL,MDL05,chemical,3
BDUL,PVNL,chemical,2
BDUL,PVNR,chemical,4
BDUL,RIFL,chemical,2
BDUL,RMGL,chemical,3
BDUL,SAADL,chemical,3
BDUL,URADL,chemical,3
BDUL,hyp,chemical,2
BDUR,ADER,chemical,4
BDUR,ALMR,chemical,4
BDUR,AVAL,chemical,7
BDUR,AVBR,chemical,1
BDUR,AVHL,chemical,2
BDUR,AVJL,chemical,5
BDUR,CEPVR,chemical,1
BDUR,HSNR,chemical,8
BDUR,MDR06,chemical,1
BDUR,PVCL,chemical,3
BDUR,PVNL,chemical,11
BDUR,PVNR,chemical,5
BDUR,SDQL,chemical,2
BDUR,URADR,chemical,3
BDUR,exc_gl,chemical,2
CEPDL,AFDL,chemical,2
CEPDL,AINL,chemical,2
CEPDL,ALML,chemical,2
CEPDL,AVER,chemical,13
CEPDL,CEPDR,chemical,1
CEPDL,IL1DL,chemical,18
CEPDL,IL2DL,chemical,1
CEPDL,MDL05,chemical,2
CEPDL,OLLL,chemical,8
CEPDL,OLQDL,chemical,27
CEPDL,RIBL,chemical,3
CEPDL,RICL,chemical,11
CEPDL,RICR,chemical,8
CEPDL,RIH,chemical,1
CEPDL,RIPL,chemical,8
CEPDL,RIS,chemical,3
CEPDL,RMDDL,chemical,2
CEPDL,RMDVL,chemical,13
CEPDL,RMGL,chemical,6
CEPDL,RMHL,chemical,1
CEPDL,RMHR,chemical,8
CEPDL,SIADR,chemical,4
CEPDL,SIBDR,chemical,2
CEPDL,SMBDR,chemical,5
CEPDL,URADL,chemical,8
CEPDL,URBL,chemical,11
CEPDL,URYDL,chemical,7
CEPDR,AVEL,chemical,9
CEPDR,BDUR,chemical,5
CEPDR,CEPDR,chemical,6
CEPDR,IL1DR,chemical,15
CEPDR,IL1R,chemical,1
CEPDR,MDR03,chemical,5
CEPDR,MDR05,chemical,2
CEPDR,OLLR,chemical,13
CEPDR,OLQDR,chemical,20
CEPDR,RIBR,chemical,3
CEPDR,RICL,chemical,13
CEPDR,RICR,chemical,19
CEPDR,RIFR,chemical,2
CEPDR,RIH,chemical,4
CEPDR,RMDR,chemical,1
CEPDR,RMDVR,chemical,3
CEPDR,RMGR,chemical,1
CEPDR,RMHL,chemical,7
CEPDR,RMHR,chemical,1
CEPDR,SIBVR,chemical,1
CEPDR,SMBDL,chemical,1
CEPDR,URADR,chemical,3
CEPDR,URBR,chemical,14
CEPDR,URXR,chemical,2
CEPDR,URYDR,chemical,3
CEPVL,AVER,chemical,5
CEPVL,CEPshVL,chemical,1
CEPVL,IL1VL,chemical,9
CEPVL,MVL05,chemical,1
CEPVL,MVL07,chemical,2
CEPVL,OLLL,chemical,4
CEPVL,OLQVL,chemical,19
CEPVL,PVR,chemical,3
CEPVL,RIAL,chemical,1
CEPVL,RIBL,chemical,3
CEPVL,RICL,chemical,20
CEPVL,RICR,chemical,17
CEPVL,RIPL,chemical,4
CEPVL,RMDDL,chemical,7
CEPVL,RMDVR,chemical,8
CEPVL,RMGL,chemical,2
CEPVL,RMHL,chemical,10
CEPVL,RMHR,chemical,5
CEPVL,SIAVL,chemical,6
CEPVL,SMBVL,chemical,1
CEPVL,SMDVR,chemical,1
CEPVL,URAVL,chemical,6
CEPVL,URXL,chemical,2
CEPVL,URYVL,chemical,5
CEPVL,exc_gl,chemical,2
CEPVR,ADLR,chemical,3
CEPVR,ASGR,chemical,2
CEPVR,AVEL,chemical,13
CEPVR,CEPDR,chemical,1
CEPVR,CEPshVR,chemical,2
CEPVR,IL1VR,chemical,8
CEPVR,IL2VR,chemical,3
CEPVR,MVR03,chemical,1
CEPVR,MVR05,chemical,2
CEPVR,MVR08,chemical,2
CEPVR,OLLR,chemical,14
CEPVR,OLQVR,chemical,11
CEPVR,RIAL,chemical,1
CEPVR,RIAR,chemical,1
CEPVR,RICL,chemical,13
CEPVR,RICR,chemical,12
CEPVR,RIPR,chemical,3
CEPVR,RIVL,chemical,2
CEPVR,RMDDR,chemical,4
CEPVR,RMHR,chemical,15
CEPVR,SIAVR,chemical,7
CEPVR,SMBVR,chemical,2
CEPVR,SMDDR,chemical,2
CEPVR,URAVR,chemical,3
CEPVR,URYVR,chemical,2
DA1,AS1,chemical,13
DA1,DB1,chemical,1
DA1,DD1,chemical,12
DA1,FLPR,chemical,2
DA1,MDL06,chemical,9
DA1,MDL07,chemical,8
DA1,MDL08,chemical,3
DA1,MDR06,chemical,8
DA1,MDR07,chemical,9
DA1,VD1,chemical,13
DA1,VD2,chemical,4
DA2,AS2,chemical,1
DA2,DA3,chemical,1
DA2,DB1,chemical,1
DA2,DD1,chemical,7
DA2,MDL07,chemical,1
DA2,MDL08,chemical,5
DA2,MDL09,chemical,4
DA2,MDL10,chemical,2
DA2,MDR07,chemical,3
DA2,MDR08,chemical,6
DA2,MDR09,chemical,7
DA2,VD2,chemical,17
DA2,VD3,chemical,11
DA3,AS4,chemical,2
DA3,DA4,chemical,2
DA3,DB3,chemical,2
DA3,DD2,chemical,3
DA3,MDL09,chemical,3
DA3,MDL10,chemical,17
DA3,MDL11,chemical,12
DA3,MDR09,chemical,3
DA3,MDR10,chemical,14
DA3,MDR11,chemical,4
DA3,MDR12,chemical,2
DA3,VD3,chemical,43
DA3,VD4,chemical,13
DA4,DB2,chemical,2
DA4,DD2,chemical,4
DA4,MDL11,chemical,6
DA4,MDL12,chemical,10
DA4,MDL13,chemical,1
DA4,MDR11,chemical,5
DA4,MDR12,chemical,4
DA4,MDR13,chemical,9
DA4,VD4,chemical,11
DA4,VD5,chemical,21
DA5,DA4,chemical,1
DA5,DB4,chemical,1
DA5,DD3,chemical,12
DA5,MDL12,chemical,1
DA5,MDL13,chemical,10
DA5,MDL14,chemical,7
DA5,MDR12,chemical,2
DA5,MDR13,chemical,7
DA5,MDR14,chemical,8
DA5,VD5,chemical,1
DA5,VD6,chemical,22
DA6,DA5,chemical,1
DA6,DB5,chemical,1
DA6,DD3,chemical,7
DA6,MDL11,chemical,1
DA6,MDL12,chemical,1
DA6,MDL13,chemical,5
DA6,MDL14,chemical,4
DA6,MDL15,chemical,4
DA6,MDL16,chemical,4
DA6,MDR10,chemical,1
DA6,MDR11,chemical,1
DA6,MDR12,chemical,1
DA6,MDR13,chemical,5
DA6,MDR14,chemical,4
DA6,MDR15,chemical,4
DA6,MDR16,chemical,4
DA6,VD4,chemical,3
DA6,VD5,chemical,3
DA6,VD6,chemical,13
DA6,VD7,chemical,13
DA7,DA6,chemical,1
DA7,DB6,chemical,1
DA7,DD4,chemical,3
DA7,MDL14,chemical,3
DA7,MDL15,chemical,3
DA7,MDL16,chemical,3
DA7,MDL17,chemical,3
DA7,MDL18,chemical,4
DA7,MDL19,chemical,3
DA7,MDR14,chemical,3
DA7,MDR15,chemical,3
DA7,MDR16,chemical,3
DA7,MDR17,chemical,3
DA7,MDR18,chemical,4
DA7,MDR19,chemical,3
DA7,VD7,chemical,10
DA7,VD8,chemical,12
DA7,VD9,chemical,10
DA8,DA7,chemical,1
DA8,DB7,chemical,1
DA8,DD4,chemical,4
DA8,DD5,chemical,4
DA8,MDL16,chemical,3
DA8,MDL17,chemical,3
DA8,MDL18,chemical,3
DA8,MDL19,chemical,3
DA8,MDL20,chemical,4
DA8,MDL21,chemical,3
DA8,MDR16,chemical,3
DA8,MDR17,chemical,3
DA8,MDR18,chemical,3
DA8,MDR19,chemical,3
DA8,MDR20,chemical,4
DA8,MDR21,chemical,3
DA8,VD10,chemical,7
DA8,VD11,chemical,5
DA8,VD12,chemical,5
DA8,VD13,chemical,5
DA8,VD8,chemical,5
DA8,VD9,chemical,5
DA9,AS11,chemical,1
DA9,DA8,chemical,1
DA9,DB7,chemical,2
DA9,DD6,chemical,4
DA9,DVA,chemical,1
DA9,MDL19,chemical,3
DA9,MDL20,chemical,3
DA9,MDL21,chemical,3
DA9,MDL22,chemical,6
DA9,MDL23,chemical,3
DA9,MDL24,chemical,4
DA9,MDR19,chemical,3
DA9,MDR20,chemical,3
DA9,MDR21,chemical,3
DA9,MDR22,chemical,3
DA9,MDR23,chemical,3
DA9,MDR24,chemical,4
DA9,VA11,chemical,1
DA9,VA12,chemical,1
DA9,VD10,chemical,5
DA9,VD11,chemical,11
DA9,VD12,chemical,11
DA9,VD13,chemical,4
DA9,VD9,chemical,5
DA9,hyp,chemical,2
DB1,AS1,chemical,28
DB1,AS2,chemical,4
DB1,DA1,chemical,16
DB1,DA2,chemical,2
DB1,DD1,chemical,31
DB1,FLPR,chemical,1
DB1,MDL06,chemical,3
DB1,MDL08,chemical,3
DB1,MDL09,chemical,6
DB1,MDR08,chemical,6
DB1,MDR09,chemical,2
DB1,RID,chemical,1
DB1,VD1,chemical,18
DB1,VD2,chemical,24
DB1,VD3,chemical,2
DB1,hyp,chemical,1
DB2,AS3,chemical,3
DB2,AS4,chemical,2
DB2,DA2,chemical,3
DB2,DA3,chemical,12
DB2,DA4,chemical,1
DB2,DD1,chemical,3
DB2,DD2,chemical,16
DB2,MDL09,chemical,2
DB2,MDL10,chemical,4
DB2,MDL11,chemical,5
DB2,MDL12,chemical,1
DB2,MDR09,chemical,1
DB2,MDR10,chemical,6
DB2,MDR11,chemical,8
DB2,VD3,chemical,33
DB2,VD4,chemical,15
DB3,AS4,chemical,2
DB3,AS5,chemical,1
DB3,DA4,chemical,4
DB3,DA5,chemical,1
DB3,DD2,chemical,3
DB3,DD3,chemical,14
DB3,DD5,chemical,14
DB3,MDL11,chemical,6
DB3,MDL12,chemical,1
DB3,MDL13,chemical,3
DB3,MDL14,chemical,1
DB3,MDR11,chemical,2
DB3,MDR12,chemical,13
DB3,MDR13,chemical,1
DB3,VD4,chemical,9
DB3,VD5,chemical,24
DB3,VD6,chemical,4
DB4,AS6,chemical,2
DB4,DA5,chemical,3
DB4,DD3,chemical,9
DB4,DD4,chemical,2
DB4,DD5,chemical,9
DB4,DD6,chemical,2
DB4,MDL13,chemical,4
DB4,MDL14,chemical,1
DB4,MDL15,chemical,3
DB4,MDL16,chemical,3
DB4,MDR13,chemical,3
DB4,MDR14,chemical,5
DB4,MDR15,chemical,3
DB4,MDR16,chemical,3
DB4,VD6,chemical,14
DB5,AS7,chemical,3
DB5,AS8,chemical,2
DB5,DA6,chemical,3
DB5,DA7,chemical,12
DB5,DA8,chemical,1
DB5,MDL14,chemical,2
DB5,MDL15,chemical,2
DB5,MDL16,chemical,2
DB5,MDL17,chemical,2
DB5,MDL18,chemical,2
DB5,MDL19,chemical,2
DB5,MDR14,chemical,2
DB5,MDR15,chemical,2
DB5,MDR16,chemical,2
DB5,MDR17,chemical,2
DB5,MDR18,chemical,2
DB5,MDR19,chemical,2
DB5,VD4,chemical,3
DB5,VD5,chemical,3
DB5,VD6,chemical,13
DB5,VD7,chemical,13
DB6,AS8,chemical,2
DB6,AS9,chemical,1
DB6,DA8,chemical,4
DB6,DA9,chemical,1
DB6,MDL16,chemical,2
DB6,MDL17,chemical,2
DB6,MDL18,chemical,2
DB6,MDL19,chemical,2
DB6,MDL20,chemical,2
DB6,MDL21,chemical,2
DB6,MDR16,chemical,2
DB6,MDR17,chemical,2
DB6,MDR18,chemical,2
DB6,MDR19,chemical,2
DB6,MDR20,chemical,2
DB6,MDR21,chemical,2
DB6,VD7,chemical,10
DB6,VD8,chemical,12
DB6,VD9,chemical,10
DB7,AS10,chemical,2
DB7,AS11,chemical,2
DB7,DA9,chemical,3
DB7,DD6,chemical,1
DB7,MDL19,chemical,2
DB7,MDL20,chemical,2
DB7,MDL21,chemical,2
DB7,MDL22,chemical,2
DB7,MDL23,chemical,2
DB7,MDL24,chemical,2
DB7,MDR19,chemical,2
DB7,MDR20,chemical,2
DB7,MDR21,chemical,2
DB7,MDR22,chemical,1
DB7,MDR23,chemical,2
DB7,MDR24,chemical,2
DB7,VD10,chemical,7
DB7,VD11,chemical,5
DB7,VD12,chemical,5
DB7,VD13,chemical,1
DB7,VD8,chemical,5
DB7,VD9,chemical,5
DD1,DA2,chemical,3
DD1,MDL06,chemical,1
DD1,MDL07,chemical,4
DD1,MDL08,chemical,9
DD1,MDL09,chemical,13
DD1,MDR06,chemical,3
DD1,MDR07,chemical,2
DD1,MDR08,chemical,10
DD1,MDR09,chemical,8
DD1,MDR10,chemical,2
DD1,VD2,chemical,1
DD2,DA3,chemical,2
DD2,MDL10,chemical,4
DD2,MDL11,chemical,9
DD2,MDL12,chemical,6
DD2,MDR10,chemical,2
DD2,MDR11,chemical,10
DD2,MDR12,chemical,1
DD2,VD3,chemical,1
DD2,VD4,chemical,1
DD3,DA5,chemical,1
DD3,MDL12,chemical,4
DD3,MDL13,chemical,6
DD3,MDL14,chemical,2
DD3,MDL15,chemical,5
DD3,MDR11,chemical,1
DD3,MDR12,chemical,8
DD3,MDR13,chemical,8
DD3,MDR14,chemical,3
DD3,MDR15,chemical,5
DD3,MVL13,chemical,1
DD4,MDL16,chemical,5
DD4,MDL17,chemical,9
DD4,MDL18,chemical,5
DD4,MDR13,chemical,1
DD4,MDR14,chemical,2
DD4,MDR15,chemical,2
DD4,MDR16,chemical,5
DD4,MDR17,chemical,9
DD4,MDR18,chemical,5
DD5,MDL19,chemical,5
DD5,MDL20,chemical,9
DD5,MDL21,chemical,5
DD5,MDR19,chemical,5
DD5,MDR20,chemical,9
DD5,MDR21,chemical,5
DD6,DB7,chemical,1
DD6,MDL22,chemical,5
DD6,MDL23,chemical,9
DD6,MDL24,chemical,5
DD6,MDR22,chemical,3
DD6,MDR23,chemical,9
DD6,MDR24,chemical,5
DD6,VD13,chemical,3
DVA,AIZL,chemical,5
DVA,AIZR,chemical,3
DVA,AQR,chemical,6
DVA,AUAL,chemical,4
DVA,AUAR,chemical,8
DVA,AVAL,chemical,6
DVA,AVAR,chemical,2
DVA,AVBL,chemical,1
DVA,AVBR,chemical,1
DVA,AVDR,chemical,2
DVA,AVEL,chemical,19
DVA,AVER,chemical,17
DVA,DA2,chemical,1
DVA,DB2,chemical,2
DVA,DB3,chemical,3
DVA,DB4,chemical,1
DVA,DB7,chemical,1
DVA,MVL22,chemical,2
DVA,PDEL,chemical,2
DVA,PVCL,chemical,4
DVA,PVCR,chemical,1
DVA,PVPR,chemical,3
DVA,PVR,chemical,2
DVA,RIAL,chemical,3
DVA,RIAR,chemical,4
DVA,RIMR,chemical,5
DVA,RIR,chemical,4
DVA,SAADR,chemical,5
DVA,SAAVL,chemical,3
DVA,SAAVR,chemical,1
DVA,SABD,chemical,2
DVA,SMBDL,chemical,6
DVA,SMBDR,chemical,6
DVA,SMBVL,chemical,5
DVA,SMBVR,chemical,6
DVA,SMDVL,chemical,1
DVA,URXL,chemical,1
DVA,URYDL,chemical,3
DVA,VA12,chemical,1
DVA,VA2,chemical,2
DVA,VA6,chemical,1
DVA,VA8,chemical,1
DVA,VB1,chemical,1
DVA,VB11,chemical,2
DVA,VB7,chemical,1
DVA,hyp,chemical,1
DVB,AVL,chemical,21
DVB,DA8,chemical,10
DVB,DD6,chemical,10
DVB,DVC,chemical,5
DVB,PDA,chemical,2
DVB,PHCL,chemical,2
DVB,PVPL,chemical,10
DVB,VD13,chemical,1
DVB,hyp,chemical,12
DVB,int,chemical,13
DVB,mu_intL,chemical,3
DVB,mu_intR,chemical,1
DVC,AIBL,chemical,3
DVC,AIBR,chemical,3
DVC,AVAL,chemical,14
DVC,AVAR,chemical,16
DVC,AVBL,chemical,1
DVC,AVKL,chemical,2
DVC,CEPshVR,chemical,2
DVC,MVR20,chemical,2
DVC,PVDR,chemical,1
DVC,PVT,chemical,1
DVC,RIBL,chemical,2
DVC,RIBR,chemical,6
DVC,RIGL,chemical,16
DVC,RIGR,chemical,13
DVC,RIVR,chemical,2
DVC,RMFL,chemical,14
DVC,RMFR,chemical,9
DVC,URAVL,chemical,1
DVC,VD9,chemical,2
FLPL,ADEL,chemical,22
FLPL,ADER,chemical,3
FLPL,AIBL,chemical,3
FLPL,AIBR,chemical,3
FLPL,AVAL,chemical,33
FLPL,AVAR,chemical,48
FLPL,AVBL,chemical,22
FLPL,AVBR,chemical,22
FLPL,AVDL,chemical,30
FLPL,AVDR,chemical,34
FLPL,DD1,chemical,6
FLPL,DVA,chemical,1
FLPL,FLPR,chemical,2
FLPL,PVCR,chemical,6
FLPL,RIS,chemical,1
FLPL,VA1,chemical,5
FLPL,hyp,chemical,4
FLPR,ADAL,chemical,1
FLPR,ADAR,chemical,1
FLPR,ADER,chemical,6
FLPR,AVAL,chemical,23
FLPR,AVAR,chemical,10
FLPR,AVBL,chemical,30
FLPR,AVBR,chemical,11
FLPR,AVDL,chemical,25
FLPR,AVDR,chemical,8
FLPR,AVEL,chemical,21
FLPR,AVER,chemical,7
FLPR,AVJL,chemical,2
FLPR,AVJR,chemical,2
FLPR,DVA,chemical,6
FLPR,FLPL,chemical,14
FLPR,PVCL,chemical,2
FLPR,VB1,chemical,1
FLPR,hyp,chemical,3
HSNL,ADLL,chemical,1
HSNL,ADLR,chemical,1
HSNL,AIAL,chemical,8
HSNL,AIMR,chemical,2
HSNL,AIZL,chemical,6
HSNL,AIZR,chemical,3
HSNL,ASHL,chemical,3
HSNL,ASHR,chemical,1
HSNL,ASJR,chemical,2
HSNL,ASKL,chemical,3
HSNL,ASKR,chemical,2
HSNL,AVFL,chemical,11
HSNL,AVFR,chemical,4
HSNL,AVJL,chemical,3
HSNL,AWAR,chemical,3
HSNL,AWBL,chemical,5
HSNL,AWBR,chemical,3
HSNL,HSNL,chemical,1
HSNL,HSNR,chemical,5
HSNL,MVL11,chemical,1
HSNL,MVL15,chemical,3
HSNL,MVL16,chemical,1
HSNL,MVR11,chemical,1
HSNL,PVQL,chemical,1
HSNL,RIFL,chemical,9
HSNL,RIML,chemical,4
HSNL,RIR,chemical,3
HSNL,RMGR,chemical,1
HSNL,VC5,chemical,9
HSNL,hyp,chemical,1
HSNL,vm2AL,chemical,6
HSNL,vm2AR,chemical,6
HSNL,vm2PL,chemical,6
HSNL,vm2PR,chemical,6
HSNR,AIAL,chemical,3
HSNR,AIBL,chemical,2
HSNR,AIZL,chemical,3
HSNR,AIZR,chemical,1
HSNR,AS5,chemical,2
HSNR,ASHL,chemical,4
HSNR,AVDR,chemical,1
HSNR,AVEL,chemical,1
HSNR,AVER,chemical,1
HSNR,AVFL,chemical,4
HSNR,AVFR,chemical,2
HSNR,AVHL,chemical,2
HSNR,AVHR,chemical,2
HSNR,AVJL,chemical,3
HSNR,AWBL,chemical,2
HSNR,BDUR,chemical,2
HSNR,DA5,chemical,2
HSNR,DA6,chemical,1
HSNR,DB5,chemical,1
HSNR,HSNL,chemical,1
HSNR,MVR09,chemical,1
HSNR,MVR10,chemical,4
HSNR,MVR15,chemical,1
HSNR,MVR16,chemical,2
HSNR,PVNR,chemical,2
HSNR,PVPR,chemical,1
HSNR,PVQR,chemical,1
HSNR,PVT,chemical,1
HSNR,RIFR,chemical,6
HSNR,RIML,chemical,1
HSNR,RIMR,chemical,1
HSNR,RMDDR,chemical,1
HSNR,RMGR,chemical,1
HSNR,SABD,chemical,1
HSNR,SABVR,chemical,1
HSNR,VA6,chemical,2
HSNR,VC2,chemical,6
HSNR,VC3,chemical,1
HSNR,VC4,chemical,1
HSNR,VC5,chemical,2
HSNR,vm2AL,chemical,6
HSNR,vm2AR,chemical,6
HSNR,vm2PL,chemical,6
HSNR,vm2PR,chemical,6
I1L,I2L,chemical,10
I1L,I3,chemical,3
I1L,I5,chemical,2
I1L,I6,chemical,1
I1L,M2L,chemical,3
I1L,M3L,chemical,8
I1L,M3R,chemical,2
I1L,MCL,chemical,2
I1L,MCR,chemical,2
I1L,MI,chemical,2
I1L,NSML,chemical,3
I1L,pm1,chemical,2
I1L,pm3VL,chemical,7
I1L,pm4D,chemical,1
I1L,pm4VL,chemical,2
I1R,I2R,chemical,6
I1R,I3,chemical,1
I1R,I5,chemical,2
I1R,M1,chemical,1
I1R,M2L,chemical,1
I1R,M2R,chemical,3
I1R,M3L,chemical,1
I1R,M3R,chemical,6
I1R,MCL,chemical,3
I1R,MCR,chemical,4
I1R,MI,chemical,1
I1R,NSML,chemical,1
I1R,NSMR,chemical,2
I1R,pm1,chemical,2
I1R,pm3D,chemical,2
I1R,pm3VR,chemical,5
I1R,pm4D,chemical,1
I1R,pm4VR,chemical,2
I1R,pm5D,chemical,2
I1R,pm5VR,chemical,1
I2L,I1L,chemical,2
I2L,I2R,chemical,3
I2L,I4,chemical,13
I2L,I5,chemical,2
I2L,I6,chemical,2
I2L,M1,chemical,1
I2L,M3R,chemical,3
I2L,M4,chemical,4
I2L,NSML,chemical,14
I2L,NSMR,chemical,24
I2L,e3VL,chemical,1
I2L,pm3VL,chemical,1
I2L,pm4VL,chemical,2
I2L,pm5D,chemical,1
I2L,pm5VL,chemical,2
I2L,pm5VR,chemical,1
I2R,I1R,chemical,1
I2R,I2L,chemical,3
I2R,I4,chemical,20
I2R,I5,chemical,2
I2R,I6,chemical,3
I2R,M1,chemical,3
I2R,M2R,chemical,2
I2R,M3R,chemical,2
I2R,M4,chemical,3
I2R,MCL,chemical,1
I2R,NSML,chemical,34
I2R,NSMR,chemical,7
I2R,e3VR,chemical,1
I2R,pm1,chemical,1
I2R,pm3VR,chemical,1
I2R,pm4D,chemical,2
I2R,pm4VL,chemical,1
I2R,pm5VL,chemical,1
I2R,pm5VR,chemical,4
I3,I1L,chemical,1
I3,I1R,chemical,1
I3,I5,chemical,2
I3,I6,chemical,1
I3,M1,chemical,2
I3,M2L,chemical,2
I3,M3L,chemical,2
I3,M3R,chemical,2
I3,M4,chemical,2
I3,MCL,chemical,1
I3,MCR,chemical,2
I3,MI,chemical,1
I3,NSMR,chemical,2
I3,pm4D,chemical,2
I3,pm5D,chemical,4
I4,I2R,chemical,7
I4,I5,chemical,2
I4,M2L,chemical,5
I4,M3L,chemical,6
I4,M3R,chemical,22
I4,MI,chemical,1
I4,NSML,chemical,8
I4,NSMR,chemical,15
I4,pm4D,chemical,1
I4,pm5VL,chemical,11
I4,pm5VR,chemical,2
I5,I1L,chemical,2
I5,I2L,chemical,3
I5,I2R,chemical,1
I5,I3,chemical,1
I5,I4,chemical,7
I5,M1,chemical,3
I5,M2L,chemical,4
I5,M3L,chemical,4
I5,M3R,chemical,2
I5,M4,chemical,19
I5,M5,chemical,2
I5,MI,chemical,4
I5,NSML,chemical,1
I5,NSMR,chemical,5
I5,g1AL,chemical,9
I5,g1AR,chemical,6
I5,pm5VL,chemical,4
I5,pm5VR,chemical,14
I5,pm6VL,chemical,1
I6,I1R,chemical,1
I6,I2L,chemical,1
I6,I2R,chemical,4
I6,I3,chemical,12
I6,M3L,chemical,10
I6,M4,chemical,15
I6,NSML,chemical,24
I6,NSMR,chemical,23
I6,bm,chemical,2
I6,g1P,chemical,2
I6,pm5D,chemical,13
IL1DL,IL2DL,chemical,1
IL1DL,MDL01,chemical,11
IL1DL,MDL02,chemical,4
IL1DL,MDL03,chemical,5
IL1DL,MDL06,chemical,9
IL1DL,MDR07,chemical,2
IL1DL,RIPL,chemical,11
IL1DL,RMDDR,chemical,3
IL1DL,RMDVL,chemical,3
IL1DL,RMEL,chemical,1
IL1DL,URADL,chemical,10
IL1DR,IL1DR,chemical,1
IL1DR,IL1R,chemical,2
IL1DR,IL2DR,chemical,5
IL1DR,MDR01,chemical,14
IL1DR,MDR02,chemical,6
IL1DR,MDR03,chemical,12
IL1DR,OLLR,chemical,1
IL1DR,PVR,chemical,5
IL1DR,RIPR,chemical,28
IL1DR,RMDDL,chemical,11
IL1DR,RMDVR,chemical,32
IL1DR,URADR,chemical,8
IL1DR,URYDR,chemical,2
IL1L,ADEL,chemical,3
IL1L,AVER,chemical,5
IL1L,IL2L,chemical,1
IL1L,MDL03,chemical,16
IL1L,MDL04,chemical,15
IL1L,MDL05,chemical,7
IL1L,MVL01,chemical,20
IL1L,MVL02,chemical,6
IL1L,MVL04,chemical,4
IL1L,OLLL,chemical,1
IL1L,RMDDL,chemical,20
IL1L,RMDR,chemical,9
IL1L,RMDVL,chemical,22
IL1L,RMDVR,chemical,5
IL1L,RMER,chemical,4
IL1L,RMGL,chemical,1
IL1L,URAVL,chemical,4
IL1L,URBL,chemical,1
IL1R,AVEL,chemical,2
IL1R,AVER,chemical,5
IL1R,MDR03,chemical,16
IL1R,MDR04,chemical,3
IL1R,MDR05,chemical,13
IL1R,MVR04,chemical,19
IL1R,OLLR,chemical,1
IL1R,RMDDL,chemical,8
IL1R,RMDDR,chemical,12
IL1R,RMDL,chemical,11
IL1R,RMDR,chemical,4
IL1R,RMDVL,chemical,8
IL1R,RMDVR,chemical,17
IL1R,RMEL,chemical,5
IL1R,RMHL,chemical,3
IL1R,URXR,chemical,1
IL1VL,AVL,chemical,1
IL1VL,IL1L,chemical,3
IL1VL,IL1VL,chemical,5
IL1VL,MVL01,chemical,15
IL1VL,MVL02,chemical,18
IL1VL,OLQVL,chemical,2
IL1VL,RIPL,chemical,13
IL1VL,RMDDL,chemical,30
IL1VL,RMDVR,chemical,3
IL1VL,RMHL,chemical,1
IL1VL,URAVL,chemical,4
IL1VL,URYVL,chemical,4
IL1VR,IL1R,chemical,4
IL1VR,IL2VR,chemical,2
IL1VR,MVR02,chemical,16
IL1VR,MVR04,chemical,24
IL1VR,OLLR,chemical,1
IL1VR,OLQVR,chemical,5
IL1VR,RIPR,chemical,16
IL1VR,RMDDR,chemical,40
IL1VR,RMDVL,chemical,5
IL1VR,URAVR,chemical,4
IL2DL,AUAL,chemical,2
IL2DL,AVBR,chemical,2
IL2DL,IL1DL,chemical,17
IL2DL,IL2DL,chemical,2
IL2DL,OLQDL,chemical,2
IL2DL,RIBL,chemical,1
IL2DL,RIH,chemical,2
IL2DL,RIPL,chemical,28
IL2DL,RMED,chemical,2
IL2DL,RMEL,chemical,11
IL2DL,RMER,chemical,8
IL2DL,RMEV,chemical,1
IL2DL,RMHL,chemical,1
IL2DL,URADL,chemical,8
IL2DR,CEPDR,chemical,2
IL2DR,IL1DR,chemical,28
IL2DR,OLQDR,chemical,2
IL2DR,RICL,chemical,1
IL2DR,RICR,chemical,2
IL2DR,RIPL,chemical,1
IL2DR,RIPR,chemical,43
IL2DR,RMED,chemical,3
IL2DR,RMEL,chemical,12
IL2DR,RMER,chemical,11
IL2DR,RMEV,chemical,5
IL2DR,URADR,chemical,5
IL2L,ADEL,chemical,6
IL2L,AVEL,chemical,2
IL2L,IL1L,chemical,6
IL2L,OLQDL,chemical,20
IL2L,OLQVL,chemical,19
IL2L,RICL,chemical,1
IL2L,RIH,chemical,25
IL2L,RMDR,chemical,3
IL2L,RMER,chemical,10
IL2L,RMEV,chemical,5
IL2L,URAVL,chemical,2
IL2L,URXL,chemical,3
IL2R,ADER,chemical,5
IL2R,AVER,chemical,2
IL2R,IL1R,chemical,2
IL2R,OLLR,chemical,5
IL2R,OLQDR,chemical,10
IL2R,OLQVR,chemical,26
IL2R,RIH,chemical,19
IL2R,RMDL,chemical,3
IL2R,RMEL,chemical,5
IL2R,RMEV,chemical,2
IL2R,RMGR,chemical,1
IL2R,URADR,chemical,2
IL2R,URAVR,chemical,1
IL2R,URBR,chemical,3
IL2R,URXR,chemical,1
IL2VL,BAGR,chemical,1
IL2VL,DVC,chemical,1
IL2VL,IL1VL,chemical,27
IL2VL,IL2L,chemical,1
IL2VL,OLQVL,chemical,6
IL2VL,RIAL,chemical,4
IL2VL,RIH,chemical,5
IL2VL,RIPL,chemical,36
IL2VL,RMEL,chemical,7
IL2VL,RMER,chemical,6
IL2VL,RMEV,chemical,2
IL2VL,URAVL,chemical,7
IL2VR,ADLR,chemical,1
IL2VR,AVAL,chemical,1
IL2VR,CEPshVR,chemical,2
IL2VR,IL1VR,chemical,29
IL2VR,OLQVR,chemical,9
IL2VR,RIAR,chemical,2
IL2VR,RIH,chemical,5
IL2VR,RIPR,chemical,43
IL2VR,RMED,chemical,2
IL2VR,RMEL,chemical,8
IL2VR,RMER,chemical,17
IL2VR,RMEV,chemical,15
IL2VR,SIADR,chemical,1
IL2VR,URAVR,chemical,16
IL2VR,URXR,chemical,1
LUAL,AVAL,chemical,27
LUAL,AVAR,chemical,23
LUAL,AVDL,chemical,27
LUAL,AVDR,chemical,6
LUAL,AVJL,chemical,4
LUAL,AVJR,chemical,1
LUAL,PHBL,chemical,2
LUAL,PVNL,chemical,1
LUAL,PVWL,chemical,1
LUAR,AVAL,chemical,13
LUAR,AVAR,chemical,31
LUAR,AVDL,chemical,5
LUAR,AVDR,chemical,14
LUAR,AVJR,chemical,4
LUAR,PDB,chemical,2
LUAR,PQR,chemical,7
LUAR,PVCR,chemical,9
LUAR,PVNL,chemical,1
LUAR,PVR,chemical,2
LUAR,PVWL,chemical,3
LUAR,PVWR,chemical,2
LUAR,hyp,chemical,1
M1,I1R,chemical,1
M1,I2L,chemical,3
M1,I2R,chemical,2
M1,I3,chemical,8
M1,I4,chemical,1
M1,I5,chemical,2
M1,M4,chemical,1
M1,M5,chemical,1
M1,MI,chemical,6
M1,NSML,chemical,2
M1,RIPL,chemical,1
M1,e3D,chemical,3
M1,e3VL,chemical,1
M1,g1P,chemical,5
M1,pm2D,chemical,1
M1,pm2VL,chemical,1
M1,pm3VL,chemical,1
M1,pm4D,chemical,1
M1,pm5D,chemical,3
M2L,I3,chemical,2
M2L,I4,chemical,8
M2L,I5,chemical,2
M2L,M3L,chemical,3
M2L,M3R,chemical,1
M2L,g1AL,chemical,8
M2L,pm4D,chemical,3
M2L,pm4VL,chemical,9
M2L,pm5D,chemical,2
M2L,pm5VL,chemical,21
M2R,I4,chemical,1
M2R,I5,chemical,3
M2R,M3L,chemical,2
M2R,M3R,chemical,1
M2R,NSMR,chemical,1
M2R,g1AR,chemical,3
M2R,pm4D,chemical,3
M2R,pm4VR,chemical,3
M2R,pm5VR,chemical,12
M3L,NSML,chemical,1
M3L,pm4D,chemical,17
M3L,pm4VL,chemical,6
M3L,pm5D,chemical,4
M3L,pm5VL,chemical,2
M3R,M4,chemical,2
M3R,bm,chemical,1
M3R,g1AR,chemical,3
M3R,pm4D,chemical,6
M3R,pm4VR,chemical,1
M4,I4,chemical,5
M4,I5,chemical,1
M4,M2L,chemical,1
M4,M3L,chemical,1
M4,M4,chemical,15
M4,MCL,chemical,1
M4,g1AL,chemical,43
M4,g1AR,chemical,49
M4,g1P,chemical,46
M4,g2L,chemical,3
M4,pm4VR,chemical,1
M4,pm5D,chemical,69
M4,pm5VL,chemical,50
M4,pm5VR,chemical,72
M5,I5,chemical,1
M5,M1,chemical,1
M5,g1AL,chemical,3
M5,g1AR,chemical,1
M5,g2L,chemical,2
M5,g2R,chemical,1
M5,mc3V,chemical,4
M5,pm5VL,chemical,1
M5,pm5VR,chemical,3
M5,pm6D,chemical,2
M5,pm6VL,chemical,2
M5,pm6VR,chemical,2
M5,pm7D,chemical,3
M5,pm7VR,chemical,2
MCL,mc2DR,chemical,7
MCL,mc2V,chemical,13
MCR,mc2DL,chemical,6
MCR,mc2DR,chemical,4
MCR,mc2V,chemical,11
MI,I1L,chemical,1
MI,I3,chemical,2
MI,I4,chemical,1
MI,M1,chemical,7
MI,M2L,chemical,3
MI,M2R,chemical,2
MI,M3L,chemical,2
MI,M3R,chemical,2
MI,MCL,chemical,3
MI,NSML,chemical,1
MI,NSMR,chemical,2
MI,pm4D,chemical,2
MI,pm4VL,chemical,1
MI,pm4VR,chemical,7
MI,pm5D,chemical,5
NSML,I4,chemical,1
NSML,I6,chemical,1
NSML,M3L,chemical,21
NSML,M3R,chemical,1
NSML,M4,chemical,13
NSML,NSMR,chemical,7
NSML,bm,chemical,88
NSML,pm4VL,chemical,2
NSML,pm5D,chemical,38
NSML,pm5VL,chemical,63
NSML,pm5VR,chemical,8
NSMR,I2L,chemical,1
NSMR,I2R,chemical,1
NSMR,I4,chemical,3
NSMR,I6,chemical,4
NSMR,M3R,chemical,24
NSMR,bm,chemical,72
NSMR,pm4D,chemical,3
NSMR,pm5D,chemical,9
NSMR,pm5VL,chemical,1
NSMR,pm5VR,chemical,53
OLLL,ADEL,chemical,5
OLLL,AVER,chemical,53
OLLL,CEPDL,chemical,5
OLLL,CEPVL,chemical,14
OLLL,IL1VL,chemical,3
OLLL,OLLL,chemical,4
OLLL,RIBL,chemical,24
OLLL,RMDDL,chemical,22
OLLL,RMDL,chemical,6
OLLL,RMDVL,chemical,3
OLLL,RMEL,chemical,5
OLLL,SMDDL,chemical,8
OLLL,SMDDR,chemical,9
OLLL,SMDVR,chemical,10
OLLL,URYDL,chemical,2
OLLL,URYVL,chemical,1
OLLR,ADER,chemical,2
OLLR,AVEL,chemical,39
OLLR,CEPDR,chemical,4
OLLR,CEPVR,chemical,16
OLLR,IL1DR,chemical,1
OLLR,IL1VR,chemical,2
OLLR,IL2R,chemical,1
OLLR,OLLR,chemical,4
OLLR,OLQDR,chemical,1
OLLR,RIBR,chemical,21
OLLR,RIS,chemical,2
OLLR,RMDDR,chemical,26
OLLR,RMDL,chemical,9
OLLR,RMDR,chemical,2
OLLR,RMDVR,chemical,6
OLLR,RMED,chemical,1
OLLR,RMER,chemical,3
OLLR,SMDDL,chemical,3
OLLR,SMDDR,chemical,1
OLLR,SMDVL,chemical,11
OLLR,SMDVR,chemical,4
OLQDL,CEPDL,chemical,3
OLQDL,MDL06,chemical,1
OLQDL,RICR,chemical,6
OLQDL,RIH,chemical,3
OLQDL,RMDDL,chemical,1
OLQDL,RMDDR,chemical,10
OLQDL,RMED,chemical,1
OLQDL,RMEL,chemical,2
OLQDL,RMHL,chemical,1
OLQDL,SIBVL,chemical,10
OLQDL,URYDL,chemical,3
OLQDR,IL1DR,chemical,1
OLQDR,RICL,chemical,2
OLQDR,RICR,chemical,2
OLQDR,RIH,chemical,2
OLQDR,RMDDL,chemical,11
OLQDR,RMER,chemical,1
OLQDR,RMHR,chemical,3
OLQDR,SIBVR,chemical,6
OLQVL,AVAL,chemical,1
OLQVL,AVDR,chemical,1
OLQVL,IL2L,chemical,1
OLQVL,RICL,chemical,4
OLQVL,RMDVR,chemical,14
OLQVL,RMHL,chemical,2
OLQVL,SIAVL,chemical,9
OLQVL,SIBDL,chemical,13
OLQVR,IL1VR,chemical,2
OLQVR,RICR,chemical,3
OLQVR,RIH,chemical,18
OLQVR,RIPR,chemical,18
OLQVR,RMDVL,chemical,18
OLQVR,RMER,chemical,2
OLQVR,RMHR,chemical,1
OLQVR,SIBDR,chemical,18
PDA,DA9,chemical,1
PDA,DD6,chemical,3
PDA,MDL21,chemical,4
PDA,MDL22,chemical,1
PDA,MDL23,chemical,5
PDA,MDL24,chemical,6
PDA,MDR21,chemical,4
PDA,MDR22,chemical,4
PDA,MDR23,chemical,5
PDA,MDR24,chemical,6
PDA,PVNR,chemical,1
PDA,VD11,chemical,10
PDA,VD12,chemical,12
PDA,VD13,chemical,3
PDA,hyp,chemical,1
PDB,DD6,chemical,2
PDB,MDL22,chemical,2
PDB,MDL23,chemical,2
PDB,MDL24,chemical,3
PDB,MDR23,chemical,3
PDB,MDR24,chemical,2
PDB,VD12,chemical,10
PDB,VD13,chemical,2
PDEL,AVKL,chemical,5
PDEL,DVA,chemical,7
PDEL,PDER,chemical,4
PDEL,PVM,chemical,3
PDEL,PVR,chemical,2
PDEL,hyp,chemical,2
PDER,AVKL,chemical,16
PDER,DVA,chemical,1
PDER,PVCL,chemical,1
PDER,PVCR,chemical,1
PDER,PVM,chemical,1
PDER,VB2,chemical,1
PDER,hyp,chemical,1
PHAL,AVDR,chemical,2
PHAL,AVFL,chemical,4
PHAL,AVG,chemical,11
PHAL,AVHL,chemical,4
PHAL,AVHR,chemical,1
PHAL,DA8,chemical,3
PHAL,DVA,chemical,2
PHAL,PHAR,chemical,13
PHAL,PHBL,chemical,7
PHAL,PHBR,chemical,10
PHAL,PVQL,chemical,3
PHAR,AVDR,chemical,2
PHAR,AVG,chemical,9
PHAR,AVHR,chemical,1
PHAR,DA8,chemical,2
PHAR,DVA,chemical,6
PHAR,PHAL,chemical,11
PHAR,PHBL,chemical,3
PHAR,PHBR,chemical,8
PHAR,PVPL,chemical,3
PHAR,PVQL,chemical,4
PHAR,PVQR,chemical,1
PHAR,PVT,chemical,2
PHBL,AS11,chemical,1
PHBL,AVAL,chemical,48
PHBL,AVAR,chemical,33
PHBL,AVDL,chemical,6
PHBL,AVDR,chemical,1
PHBL,AVG,chemical,1
PHBL,DA8,chemical,1
PHBL,PHBR,chemical,4
PHBL,PVCL,chemical,71
PHBL,PVNL,chemical,1
PHBL,VA12,chemical,5
PHBL,hyp,chemical,2
PHBR,AVAL,chemical,35
PHBR,AVAR,chemical,38
PHBR,AVDL,chemical,7
PHBR,AVDR,chemical,5
PHBR,PHBL,chemical,3
PHBR,PHCL,chemical,1
PHBR,PHCR,chemical,3
PHBR,PVCL,chemical,39
PHBR,PVCR,chemical,21
PHBR,VA12,chemical,1
PHCL,AVAL,chemical,5
PHCL,AVHR,chemical,1
PHCL,DA9,chemical,1
PHCL,DVA,chemical,12
PHCL,LUAL,chemical,2
PHCL,PHAR,chemical,1
PHCL,PHCR,chemical,2
PHCL,PVCL,chemical,7
PHCL,PVQR,chemical,2
PHCL,VA12,chemical,6
PHCR,AVHR,chemical,2
PHCR,DA9,chemical,23
PHCR,DVA,chemical,22
PHCR,LUAR,chemical,6
PHCR,PHAR,chemical,2
PHCR,PHCL,chemical,4
PHCR,PVCR,chemical,25
PHCR,PVQR,chemical,4
PHCR,VA12,chemical,8
PLML,AVAL,chemical,4
PLML,AVAR,chemical,5
PLML,AVDR,chemical,5
PLML,DVA,chemical,9
PLML,PDEL,chemical,16
PLML,PDER,chemical,19
PLML,VA9,chemical,6
PLML,hyp,chemical,10
PLMR,AVAL,chemical,3
PLMR,AVAR,chemical,5
PLMR,AVDL,chemical,8
PLMR,AVDR,chemical,5
PLMR,DVA,chemical,19
PLMR,PDEL,chemical,18
PLMR,PDER,chemical,10
PLNL,SAADL,chemical,5
PLNL,SIAVL,chemical,10
PLNL,SMBVL,chemical,10
PLNR,RMDVL,chemical,1
PLNR,SAADR,chemical,8
PLNR,SAAVL,chemical,1
PLNR,SIAVR,chemical,10
PLNR,SMBVR,chemical,10
PLNR,SMDVL,chemical,2
PQR,AS11,chemical,2
PQR,AVAL,chemical,23
PQR,AVAR,chemical,26
PQR,AVDL,chemical,15
PQR,AVDR,chemical,20
PQR,AVG,chemical,1
PQR,AVHL,chemical,1
PQR,AVJR,chemical,1
PQR,DA8,chemical,1
PQR,DB7,chemical,2
PQR,LUAR,chemical,3
PQR,PHBL,chemical,2
PQR,PVCL,chemical,1
PQR,PVCR,chemical,1
PQR,PVNL,chemical,2
PQR,PVPR,chemical,1
PVCL,ADLR,chemical,2
PVCL,AS1,chemical,1
PVCL,AS2,chemical,1
PVCL,ASHR,chemical,2
PVCL,AVAL,chemical,5
PVCL,AVAR,chemical,7
PVCL,AVBL,chemical,7
PVCL,AVBR,chemical,27
PVCL,AVDL,chemical,7
PVCL,AVDR,chemical,11
PVCL,AVEL,chemical,2
PVCL,AVER,chemical,7
PVCL,AVG,chemical,2
PVCL,AVJL,chemical,3
PVCL,AVJR,chemical,2
PVCL,DA5,chemical,1
PVCL,DA8,chemical,2
PVCL,DB2,chemical,4
PVCL,DB3,chemical,2
PVCL,DB4,chemical,6
PVCL,DB5,chemical,2
PVCL,DB7,chemical,5
PVCL,DVA,chemical,4
PVCL,PDEL,chemical,1
PVCL,PVCL,chemical,1
PVCL,PVCR,chemical,10
PVCL,RID,chemical,12
PVCL,RIS,chemical,2
PVCL,SIBDL,chemical,2
PVCL,SIBVL,chemical,7
PVCL,SMBVR,chemical,3
PVCL,VB11,chemical,1
PVCL,VB4,chemical,3
PVCL,VB6,chemical,2
PVCL,VB7,chemical,1
PVCL,VB8,chemical,1
PVCR,AQR,chemical,2
PVCR,AVAL,chemical,10
PVCR,AVAR,chemical,5
PVCR,AVBL,chemical,21
PVCR,AVBR,chemical,14
PVCR,AVDL,chemical,16
PVCR,AVDR,chemical,6
PVCR,AVEL,chemical,6
PVCR,AVER,chemical,6
PVCR,AVHL,chemical,1
PVCR,AVL,chemical,1
PVCR,DA2,chemical,1
PVCR,DA4,chemical,1
PVCR,DA5,chemical,2
PVCR,DA7,chemical,1
PVCR,DB2,chemical,4
PVCR,DB3,chemical,6
PVCR,DB4,chemical,6
PVCR,DB5,chemical,3
PVCR,DB7,chemical,1
PVCR,DVA,chemical,3
PVCR,FLPL,chemical,2
PVCR,LUAR,chemical,1
PVCR,PDEL,chemical,1
PVCR,PVCL,chemical,5
PVCR,PVDL,chemical,2
PVCR,PVDR,chemical,1
PVCR,PVPR,chemical,1
PVCR,PVR,chemical,1
PVCR,PVWR,chemical,1
PVCR,RID,chemical,19
PVCR,SIBVR,chemical,10
PVCR,VB11,chemical,3
PVCR,VB3,chemical,1
PVCR,VB4,chemical,1
PVCR,VB6,chemical,4
PVCR,VB7,chemical,1
PVCR,VB8,chemical,2
PVDL,AVAL,chemical,13
PVDL,AVAR,chemical,29
PVDL,AVDL,chemical,1
PVDL,AVDR,chemical,1
PVDL,AVFL,chemical,1
PVDL,AVG,chemical,8
PVDL,DD5,chemical,3
PVDL,PVCL,chemical,13
PVDL,PVCR,chemical,36
PVDL,PVDR,chemical,10
PVDL,PVPL,chemical,1
PVDL,VD10,chemical,3
PVDL,hyp,chemical,7
PVDR,AVAL,chemical,9
PVDR,AVAR,chemical,30
PVDR,AVDL,chemical,1
PVDR,DVA,chemical,5
PVDR,PVCL,chemical,29
PVDR,PVCR,chemical,29
PVDR,PVDL,chemical,2
PVDR,PVR,chemical,4
PVDR,VA12,chemical,3
PVDR,VA9,chemical,2
PVDR,VB5,chemical,2
PVDR,VB6,chemical,4
PVDR,hyp,chemical,6
PVM,AVKL,chemical,15
PVM,AVM,chemical,2
PVM,DVA,chemical,3
PVM,MVR10,chemical,2
PVM,PDEL,chemical,10
PVM,PDER,chemical,7
PVM,PVCL,chemical,1
PVM,PVCR,chemical,2
PVM,PVM,chemical,6
PVM,PVR,chemical,3
PVM,hyp,chemical,7
PVNL,AVAL,chemical,6
PVNL,AVBR,chemical,2
PVNL,AVDL,chemical,7
PVNL,AVDR,chemical,6
PVNL,AVG,chemical,2
PVNL,AVJL,chemical,6
PVNL,AVJR,chemical,8
PVNL,AVL,chemical,1
PVNL,BDUL,chemical,5
PVNL,BDUR,chemical,2
PVNL,DD1,chemical,5
PVNL,LUAL,chemical,3
PVNL,MVL11,chemical,5
PVNL,MVL20,chemical,1
PVNL,MVR11,chemical,5
PVNL,MVR20,chemical,1
PVNL,PQR,chemical,5
PVNL,PVCL,chemical,5
PVNL,PVDL,chemical,3
PVNL,PVNR,chemical,9
PVNL,PVPR,chemical,1
PVNL,PVT,chemical,6
PVNL,PVWL,chemical,4
PVNL,PVWR,chemical,1
PVNL,VA12,chemical,1
PVNL,VD12,chemical,1
PVNL,hyp,chemical,3
PVNR,ALML,chemical,2
PVNR,AVAL,chemical,5
PVNR,AVBR,chemical,1
PVNR,AVDL,chemical,1
PVNR,AVDR,chemical,2
PVNR,AVEL,chemical,5
PVNR,AVJL,chemical,1
PVNR,AVJR,chemical,1
PVNR,AVL,chemical,3
PVNR,BDUL,chemical,1
PVNR,CEPDL,chemical,2
PVNR,DB3,chemical,1
PVNR,DD2,chemical,1
PVNR,HSNR,chemical,1
PVNR,MVL21,chemical,3
PVNR,MVR20,chemical,1
PVNR,MVR21,chemical,1
PVNR,PQR,chemical,4
PVNR,PVCR,chemical,2
PVNR,PVDR,chemical,5
PVNR,PVNR,chemical,1
PVNR,PVR,chemical,1
PVNR,PVT,chemical,3
PVNR,PVWL,chemical,9
PVNR,PVWR,chemical,2
PVNR,URBL,chemical,2
PVNR,URXL,chemical,2
PVNR,VA11,chemical,1
PVNR,VA5,chemical,1
PVNR,VC2,chemical,1
PVNR,VD12,chemical,1
PVNR,VD13,chemical,1
PVNR,VD3,chemical,3
PVNR,VD4,chemical,6
PVNR,VD6,chemical,1
PVNR,VD7,chemical,1
PVNR,hyp,chemical,9
PVPL,ADAL,chemical,1
PVPL,AQR,chemical,8
PVPL,AVAL,chemical,4
PVPL,AVAR,chemical,3
PVPL,AVBL,chemical,13
PVPL,AVBR,chemical,12
PVPL,AVDR,chemical,3
PVPL,AVHR,chemical,3
PVPL,MVL10,chemical,2
PVPL,PVCL,chemical,3
PVPL,PVCR,chemical,9
PVPL,PVDL,chemical,1
PVPL,RIGL,chemical,3
PVPL,RIR,chemical,1
PVPL,hyp,chemical,1
PVPR,ADFR,chemical,2
PVPR,AQR,chemical,5
PVPR,ASHR,chemical,2
PVPR,AVAL,chemical,1
PVPR,AVAR,chemical,5
PVPR,AVBL,chemical,8
PVPR,AVBR,chemical,11
PVPR,AVG,chemical,1
PVPR,AVHL,chemical,3
PVPR,AVJL,chemical,2
PVPR,AVL,chemical,4
PVPR,DD2,chemical,1
PVPR,DVC,chemical,3
PVPR,HSNR,chemical,2
PVPR,MVR10,chemical,1
PVPR,MVR11,chemical,1
PVPR,PVCL,chemical,6
PVPR,PVCR,chemical,13
PVPR,PVQR,chemical,1
PVPR,RIAR,chemical,2
PVPR,RIGR,chemical,2
PVPR,RIMR,chemical,1
PVPR,URXR,chemical,1
PVQL,AIAL,chemical,10
PVQL,ASJL,chemical,3
PVQL,ASKL,chemical,12
PVQL,AVHR,chemical,1
PVQL,AWAL,chemical,1
PVQL,DA8,chemical,1
PVQL,DD6,chemical,1
PVQL,HSNL,chemical,3
PVQL,HSNR,chemical,6
PVQL,MVR10,chemical,1
PVQL,PVPL,chemical,1
PVQL,RMGL,chemical,1
PVQL,hyp,chemical,3
PVQR,AIAL,chemical,1
PVQR,AIAR,chemical,12
PVQR,AIMR,chemical,2
PVQR,ASER,chemical,2
PVQR,ASJL,chemical,1
PVQR,ASKR,chemical,6
PVQR,AVBR,chemical,1
PVQR,AVFR,chemical,1
PVQR,AVL,chemical,2
PVQR,AWAR,chemical,4
PVQR,CEPshVR,chemical,1
PVQR,DD1,chemical,1
PVQR,DD6,chemical,2
PVQR,DVC,chemical,1
PVQR,PVT,chemical,1
PVQR,RIFR,chemical,4
PVQR,RMGR,chemical,1
PVQR,VC2,chemical,1
PVQR,VD1,chemical,1
PVQR,hyp,chemical,1
PVR,ADAR,chemical,1
PVR,ALMR,chemical,2
PVR,AVBL,chemical,17
PVR,AVBR,chemical,17
PVR,AVJL,chemical,11
PVR,AVJR,chemical,5
PVR,AVKL,chemical,1
PVR,CEPVR,chemical,2
PVR,DA5,chemical,1
PVR,DA9,chemical,2
PVR,DB2,chemical,2
PVR,DB3,chemical,3
PVR,DB4,chemical,1
PVR,DB7,chemical,2
PVR,DVA,chemical,2
PVR,IL1DR,chemical,5
PVR,IL1VL,chemical,9
PVR,IL1VR,chemical,9
PVR,MVR11,chemical,1
PVR,PDER,chemical,1
PVR,PVCL,chemical,4
PVR,PVM,chemical,1
PVR,PVR,chemical,1
PVR,RIPL,chemical,16
PVR,RIPR,chemical,19
PVR,SABD,chemical,2
PVR,SDQR,chemical,5
PVR,URADL,chemical,3
PVR,VB3,chemical,2
PVR,VB7,chemical,1
PVR,hyp,chemical,1
PVT,AIBL,chemical,5
PVT,AIBR,chemical,10
PVT,AVKL,chemical,7
PVT,AVKR,chemical,8
PVT,AVL,chemical,3
PVT,DVC,chemical,3
PVT,RIGL,chemical,1
PVT,RIGR,chemical,6
PVT,RIH,chemical,2
PVT,RIS,chemical,1
PVT,RMEV,chemical,4
PVT,RMFL,chemical,3
PVT,RMFR,chemical,7
PVWL,AVJL,chemical,1
PVWL,PVCL,chemical,1
PVWL,PVCR,chemical,1
PVWL,PVT,chemical,1
PVWL,PVWR,chemical,1
PVWL,VD12,chemical,1
PVWR,AVAR,chemical,1
PVWR,AVDR,chemical,2
PVWR,AVL,chemical,1
PVWR,LUAR,chemical,1
PVWR,PVCR,chemical,1
PVWR,PVT,chemical,2
PVWR,VA12,chemical,1
RIAL,AIZL,chemical,1
RIAL,AQR,chemical,4
RIAL,AVAL,chemical,2
RIAL,BAGR,chemical,2
RIAL,CEPDL,chemical,1
RIAL,RIAR,chemical,23
RIAL,RIBL,chemical,2
RIAL,RIML,chemical,2
RIAL,RIMR,chemical,2
RIAL,RIR,chemical,3
RIAL,RIVL,chemical,8
RIAL,RIVR,chemical,12
RIAL,RMDDL,chemical,48
RIAL,RMDDR,chemical,35
RIAL,RMDL,chemical,26
RIAL,RMDR,chemical,17
RIAL,RMDVL,chemical,48
RIAL,RMDVR,chemical,48
RIAL,SAADL,chemical,1
RIAL,SIADL,chemical,3
RIAL,SIAVR,chemical,2
RIAL,SMBDR,chemical,7
RIAL,SMDDL,chemical,22
RIAL,SMDDR,chemical,33
RIAL,SMDVL,chemical,14
RIAL,SMDVR,chemical,32
RIAL,URXL,chemical,2
RIAR,ADFR,chemical,2
RIAR,AUAR,chemical,2
RIAR,AVAR,chemical,2
RIAR,CEPVL,chemical,1
RIAR,CEPVR,chemical,1
RIAR,IL1R,chemical,2
RIAR,MVL06,chemical,2
RIAR,RIAL,chemical,38
RIAR,RIAR,chemical,3
RIAR,RIBR,chemical,1
RIAR,RIVL,chemical,3
RIAR,RIVR,chemical,3
RIAR,RMDDL,chemical,48
RIAR,RMDDR,chemical,53
RIAR,RMDL,chemical,9
RIAR,RMDR,chemical,35
RIAR,RMDVL,chemical,57
RIAR,RMDVR,chemical,47
RIAR,SAADR,chemical,1
RIAR,SIADR,chemical,4
RIAR,SIAVL,chemical,7
RIAR,SMBDR,chemical,2
RIAR,SMBVR,chemical,2
RIAR,SMDDL,chemical,32
RIAR,SMDDR,chemical,26
RIAR,SMDVL,chemical,43
RIAR,SMDVR,chemical,26
RIBL,AIBR,chemical,8
RIBL,AUAL,chemical,9
RIBL,AVAL,chemical,5
RIBL,AVBR,chemical,1
RIBL,AVDR,chemical,4
RIBL,AVEL,chemical,9
RIBL,AVER,chemical,14
RIBL,BAGR,chemical,3
RIBL,CEPVL,chemical,5
RIBL,DVC,chemical,1
RIBL,RIAL,chemical,6
RIBL,RIGL,chemical,1
RIBL,RIML,chemical,1
RIBL,RIS,chemical,5
RIBL,RMDR,chemical,1
RIBL,SMDVR,chemical,6
RIBL,URYDL,chemical,3
RIBR,AIBL,chemical,3
RIBR,AINL,chemical,1
RIBR,AIZR,chemical,2
RIBR,AUAR,chemical,2
RIBR,AVAR,chemical,6
RIBR,AVBL,chemical,2
RIBR,AVEL,chemical,6
RIBR,AVER,chemical,4
RIBR,BAGL,chemical,8
RIBR,OLLR,chemical,1
RIBR,RIAR,chemical,8
RIBR,RIGR,chemical,5
RIBR,RIH,chemical,2
RIBR,RIS,chemical,1
RIBR,RMDVR,chemical,1
RIBR,RMED,chemical,1
RIBR,SMDDL,chemical,2
RIBR,SMDVL,chemical,2
RIBR,SMDVR,chemical,2
RIBR,URYVR,chemical,2
RICL,ADAL,chemical,1
RICL,ADAR,chemical,7
RICL,ADLR,chemical,2
RICL,AVAL,chemical,15
RICL,AVAR,chemical,18
RICL,CEPDL,chemical,1
RICL,CEPVL,chemical,2
RICL,OLQVL,chemical,1
RICL,RICR,chemical,2
RICL,RIML,chemical,1
RICL,RIMR,chemical,8
RICL,RIVR,chemical,4
RICL,RMFR,chemical,2
RICL,SAAVL,chemical,2
RICL,SMBDL,chemical,5
RICL,SMBDR,chemical,1
RICL,SMDDL,chemical,11
RICL,SMDDR,chemical,8
RICL,SMDVR,chemical,1
RICL,URBR,chemical,2
RICR,ADAR,chemical,2
RICR,AIBL,chemical,2
RICR,AIBR,chemical,2
RICR,AIZL,chemical,6
RICR,AVAL,chemical,15
RICR,AVAR,chemical,13
RICR,AVKR,chemical,1
RICR,CEPDL,chemical,1
RICR,CEPDR,chemical,1
RICR,RICL,chemical,3
RICR,RIML,chemical,10
RICR,RIMR,chemical,1
RICR,RIVL,chemical,1
RICR,RMFL,chemical,1
RICR,RMGL,chemical,1
RICR,SMBDR,chemical,3
RICR,SMDDL,chemical,9
RICR,SMDDR,chemical,9
RICR,SMDVL,chemical,6
RICR,SMDVR,chemical,3
RICR,URBR,chemical,2
RICR,VB1,chemical,7
RID,AS11,chemical,1
RID,DA2,chemical,1
RID,DA6,chemical,2
RID,DB1,chemical,1
RID,DD1,chemical,3
RID,DD2,chemical,2
RID,DD3,chemical,2
RID,FLPL,chemical,1
RID,MDL13,chemical,1
RID,MDL14,chemical,1
RID,MDR10,chemical,1
RID,RMED,chemical,5
RID,VD13,chemical,2
RID,VD5,chemical,1
RID,hyp,chemical,2
RIFL,ALML,chemical,5
RIFL,AVBL,chemical,26
RIFL,AVBR,chemical,1
RIFL,AVHR,chemical,1
RIFL,AVJR,chemical,8
RIFL,MDL05,chemical,2
RIFL,PVPL,chemical,8
RIFL,RIML,chemical,7
RIFR,ADLR,chemical,1
RIFR,AIZL,chemical,1
RIFR,ASHR,chemical,6
RIFR,AVBL,chemical,1
RIFR,AVBR,chemical,35
RIFR,AVFL,chemical,1
RIFR,AVJL,chemical,2
RIFR,AVJR,chemical,2
RIFR,AWBR,chemical,2
RIFR,CEPVR,chemical,2
RIFR,HSNL,chemical,2
RIFR,HSNR,chemical,3
RIFR,PVCL,chemical,1
RIFR,PVCR,chemical,1
RIFR,PVPR,chemical,6
RIFR,RIAR,chemical,1
RIFR,RIFL,chemical,1
RIFR,RIMR,chemical,10
RIFR,RIPR,chemical,2
RIFR,URXR,chemical,3
RIGL,ADFL,chemical,1
RIGL,ADLL,chemical,2
RIGL,AIBR,chemical,4
RIGL,AIZL,chemical,10
RIGL,AIZR,chemical,2
RIGL,ALNL,chemical,6
RIGL,AVEL,chemical,7
RIGL,AVER,chemical,1
RIGL,AVKR,chemical,17
RIGL,BAGR,chemical,3
RIGL,DVA,chemical,1
RIGL,OLQVL,chemical,2
RIGL,PVPL,chemical,2
RIGL,RIBL,chemical,3
RIGL,RIH,chemical,2
RIGL,RIR,chemical,8
RIGL,RMGL,chemical,6
RIGL,RMHR,chemical,23
RIGL,URXL,chemical,6
RIGR,AFDR,chemical,1
RIGR,AIBL,chemical,2
RIGR,AIZR,chemical,5
RIGR,ALNR,chemical,3
RIGR,AVDL,chemical,1
RIGR,AVER,chemical,4
RIGR,AVKL,chemical,21
RIGR,AVKR,chemical,5
RIGR,BAGL,chemical,2
RIGR,DVA,chemical,4
RIGR,DVC,chemical,2
RIGR,OLQVR,chemical,2
RIGR,PVT,chemical,5
RIGR,RIAR,chemical,3
RIGR,RIBR,chemical,2
RIGR,RIR,chemical,5
RIGR,RMHL,chemical,17
RIGR,URXR,chemical,3
RIGR,URYVR,chemical,2
RIH,ADFR,chemical,3
RIH,AIYL,chemical,3
RIH,AIYR,chemical,4
RIH,AIZL,chemical,12
RIH,AIZR,chemical,19
RIH,AUAR,chemical,2
RIH,BAGL,chemical,2
RIH,BAGR,chemical,5
RIH,CEPDL,chemical,6
RIH,CEPVL,chemical,3
RIH,CEPVR,chemical,6
RIH,CEPshVR,chemical,5
RIH,IL2L,chemical,2
RIH,IL2R,chemical,3
RIH,IL2VL,chemical,4
RIH,IL2VR,chemical,5
RIH,OLQDL,chemical,11
RIH,OLQDR,chemical,7
RIH,OLQVL,chemical,13
RIH,OLQVR,chemical,7
RIH,RIAL,chemical,34
RIH,RIAR,chemical,36
RIH,RIBL,chemical,18
RIH,RIBR,chemical,15
RIH,RIPL,chemical,18
RIH,RIPR,chemical,7
RIH,RMER,chemical,6
RIH,RMEV,chemical,10
RIH,URAVR,chemical,1
RIH,URYVR,chemical,4
RIML,AIBL,chemical,1
RIML,AIBR,chemical,22
RIML,AVAL,chemical,5
RIML,AVAR,chemical,2
RIML,AVBL,chemical,9
RIML,AVBR,chemical,11
RIML,AVER,chemical,5
RIML,AVKR,chemical,1
RIML,MDR05,chemical,6
RIML,MVR04,chemical,2
RIML,RIAL,chemical,3
RIML,RIBL,chemical,9
RIML,RICR,chemical,1
RIML,RIML,chemical,11
RIML,RIMR,chemical,2
RIML,RMDL,chemical,9
RIML,RMDR,chemical,21
RIML,RMFL,chemical,2
RIML,RMFR,chemical,2
RIML,SAADL,chemical,1
RIML,SAADR,chemical,4
RIML,SAAVL,chemical,10
RIML,SAAVR,chemical,10
RIML,SMDDL,chemical,11
RIML,SMDDR,chemical,14
RIML,SMDVL,chemical,11
RIML,VB1,chemical,8
RIMR,ADAR,chemical,9
RIMR,AIBL,chemical,15
RIMR,AVAL,chemical,9
RIMR,AVBL,chemical,9
RIMR,AVBR,chemical,12
RIMR,AVJL,chemical,4
RIMR,AVKL,chemical,1
RIMR,MDL05,chemical,15
RIMR,MVL04,chemical,5
RIMR,RIBR,chemical,4
RIMR,RIML,chemical,4
RIMR,RIS,chemical,2
RIMR,RMDL,chemical,15
RIMR,RMDR,chemical,12
RIMR,RMFL,chemical,1
RIMR,RMFR,chemical,7
RIMR,SAAVL,chemical,11
RIMR,SAAVR,chemical,8
RIMR,SMDDL,chemical,9
RIMR,SMDDR,chemical,14
RIMR,SMDVL,chemical,2
RIMR,SMDVR,chemical,3
RIMR,VB1,chemical,2
RIPL,ADFL,chemical,3
RIPL,BAGL,chemical,7
RIPL,OLLL,chemical,4
RIPL,OLQDR,chemical,2
RIPL,OLQVL,chemical,1
RIPL,RIH,chemical,2
RIPL,RIPL,chemical,3
RIPL,hyp,chemical,3
RIPL,mc2DL,chemical,2
RIPL,pm3VL,chemical,4
RIPR,ADFR,chemical,1
RIPR,AVBR,chemical,2
RIPR,BAGR,chemical,2
RIPR,IL1R,chemical,1
RIPR,OLQDR,chemical,3
RIPR,OLQVR,chemical,2
RIPR,RIH,chemical,1
RIPR,URAVR,chemical,1
RIPR,URBR,chemical,1
RIPR,hyp,chemical,4
RIPR,mc2DR,chemical,1
RIPR,pm3VR,chemical,6
RIR,ADAR,chemical,1
RIR,ADFL,chemical,1
RIR,ADFR,chemical,4
RIR,AFDR,chemical,1
RIR,AIMR,chemical,1
RIR,AIZL,chemical,12
RIR,AIZR,chemical,15
RIR,AQR,chemical,2
RIR,ASHL,chemical,1
RIR,ASHR,chemical,1
RIR,AUAL,chemical,7
RIR,AVEL,chemical,4
RIR,AWBR,chemical,1
RIR,BAGR,chemical,1
RIR,DVA,chemical,9
RIR,HSNL,chemical,1
RIR,PVPL,chemical,2
RIR,PVPR,chemical,1
RIR,RIAL,chemical,11
RIR,RIAR,chemical,4
RIR,RIGL,chemical,2
RIR,RIGR,chemical,4
RIR,RMGL,chemical,1
RIR,RMGR,chemical,1
RIR,URXL,chemical,9
RIR,URXR,chemical,6
RIS,AVEL,chemical,17
RIS,AVER,chemical,18
RIS,AVKL,chemical,6
RIS,AVKR,chemical,13
RIS,AVL,chemical,9
RIS,CEPDL,chemical,4
RIS,CEPDR,chemical,1
RIS,CEPVL,chemical,7
RIS,CEPVR,chemical,4
RIS,OLLR,chemical,5
RIS,RIBL,chemical,8
RIS,RIBR,chemical,18
RIS,RIML,chemical,10
RIS,RIMR,chemical,15
RIS,RIS,chemical,3
RIS,RMDDL,chemical,1
RIS,RMDDR,chemical,1
RIS,RMDL,chemical,10
RIS,RMDR,chemical,16
RIS,RMEV,chemical,3
RIS,SMDDL,chemical,1
RIS,SMDDR,chemical,6
RIS,SMDVL,chemical,1
RIS,SMDVR,chemical,1
RIS,URYDR,chemical,1
RIS,URYVR,chemical,5
RIVL,MVR05,chemical,6
RIVL,MVR06,chemical,3
RIVL,MVR07,chemical,18
RIVL,RIAL,chemical,5
RIVL,RIAR,chemical,2
RIVL,RIVR,chemical,1
RIVL,RMDL,chemical,4
RIVL,RMDVL,chemical,5
RIVL,SAADR,chemical,11
RIVL,SIAVR,chemical,5
RIVL,SMDDR,chemical,8
RIVL,SMDVL,chemical,2
RIVR,GLRVL,chemical,14
RIVR,GLRVR,chemical,8
RIVR,MDR07,chemical,1
RIVR,MVL03,chemical,2
RIVR,MVL04,chemical,1
RIVR,MVL07,chemical,9
RIVR,MVR06,chemical,8
RIVR,MVR07,chemical,14
RIVR,RIAL,chemical,6
RIVR,RIAR,chemical,2
RIVR,RIVL,chemical,8
RIVR,RMDDL,chemical,1
RIVR,RMDR,chemical,4
RIVR,RMDVR,chemical,1
RIVR,RMHR,chemical,2
RIVR,SAADL,chemical,12
RIVR,SIAVL,chemical,5
RIVR,SMBVL,chemical,1
RIVR,SMDDL,chemical,6
RIVR,SMDVR,chemical,3
RMDDL,AVER,chemical,1
RMDDL,CEPVL,chemical,2
RMDDL,IL1DR,chemical,2
RMDDL,IL1R,chemical,9
RMDDL,MDR01,chemical,8
RMDDL,MDR02,chemical,4
RMDDL,MDR03,chemical,8
RMDDL,MDR04,chemical,12
RMDDL,MDR05,chemical,13
RMDDL,MDR06,chemical,2
RMDDL,MVL01,chemical,1
RMDDL,RIAL,chemical,1
RMDDL,RMDVL,chemical,1
RMDDL,RMDVR,chemical,22
RMDDL,RMEV,chemical,2
RMDDL,RMHL,chemical,1
RMDDR,MDL01,chemical,2
RMDDR,MDL02,chemical,12
RMDDR,MDL03,chemical,1
RMDDR,MDL04,chemical,17
RMDDR,MDL06,chemical,3
RMDDR,MDR01,chemical,3
RMDDR,MDR02,chemical,7
RMDDR,MDR06,chemical,3
RMDDR,MDR07,chemical,3
RMDDR,MVL01,chemical,2
RMDDR,RMDDL,chemical,1
RMDDR,RMDVL,chemical,26
RMDDR,RMDVR,chemical,3
RMDL,ADER,chemical,3
RMDL,AVKR,chemical,1
RMDL,IL1L,chemical,1
RMDL,IL1R,chemical,1
RMDL,MDL03,chemical,1
RMDL,MDL05,chemical,2
RMDL,MDR03,chemical,4
RMDL,MDR04,chemical,6
RMDL,MVL01,chemical,4
RMDL,MVR04,chemical,8
RMDL,MVR08,chemical,1
RMDL,OLLR,chemical,3
RMDL,RIAL,chemical,20
RMDL,RIAR,chemical,22
RMDL,RIBR,chemical,1
RMDL,RIML,chemical,3
RMDL,RIS,chemical,1
RMDL,RIVL,chemical,1
RMDL,RMDDR,chemical,7
RMDL,RMDR,chemical,8
RMDL,RMDVL,chemical,2
RMDL,RMDVR,chemical,3
RMDL,RMFR,chemical,1
RMDL,RMHL,chemical,3
RMDL,SIBVR,chemical,3
RMDL,SMBVR,chemical,2
RMDL,SMDDR,chemical,1
RMDL,URXR,chemical,1
RMDR,AVKR,chemical,1
RMDR,IL1L,chemical,2
RMDR,MDL05,chemical,2
RMDR,MVL04,chemical,2
RMDR,MVL05,chemical,2
RMDR,OLLR,chemical,2
RMDR,RIAL,chemical,14
RMDR,RIAR,chemical,21
RMDR,RIMR,chemical,1
RMDR,RIS,chemical,1
RMDR,RMDDL,chemical,6
RMDR,RMDL,chemical,11
RMDR,RMDVL,chemical,9
RMDR,RMGL,chemical,1
RMDR,SIAVL,chemical,1
RMDR,SMDDR,chemical,1
RMDVL,AVER,chemical,2
RMDVL,CEPDL,chemical,2
RMDVL,IL1R,chemical,2
RMDVL,IL2VR,chemical,1
RMDVL,MVR02,chemical,20
RMDVL,MVR03,chemical,11
RMDVL,MVR04,chemical,31
RMDVL,MVR06,chemical,18
RMDVL,MVR07,chemical,3
RMDVL,OLQVR,chemical,3
RMDVL,RMDDR,chemical,41
RMDVL,RMDR,chemical,2
RMDVL,RMDVR,chemical,1
RMDVL,SIAVR,chemical,2
RMDVL,SIBDR,chemical,1
RMDVL,URYVR,chemical,1
RMDVR,AVAR,chemical,1
RMDVR,CEPDR,chemical,2
RMDVR,GLRVL,chemical,1
RMDVR,IL1DR,chemical,1
RMDVR,IL1L,chemical,1
RMDVR,MDL03,chemical,5
RMDVR,MVL01,chemical,21
RMDVR,MVL02,chemical,15
RMDVR,MVL03,chemical,8
RMDVR,MVL04,chemical,19
RMDVR,MVL05,chemical,8
RMDVR,MVL06,chemical,5
RMDVR,MVL07,chemical,2
RMDVR,MVR03,chemical,2
RMDVR,MVR06,chemical,2
RMDVR,MVR07,chemical,2
RMDVR,OLQVL,chemical,2
RMDVR,RIAR,chemical,1
RMDVR,RMDDL,chemical,43
RMDVR,RMDVR,chemical,2
RMDVR,SIAVL,chemical,2
RMDVR,SIBVR,chemical,1
RMDVR,SMBDR,chemical,1
RMDVR,URAVL,chemical,8
RMED,MVL02,chemical,15
RMED,MVL03,chemical,10
RMED,MVR02,chemical,25
RMED,MVR03,chemical,26
RMED,MVR06,chemical,2
RMED,RIBL,chemical,1
RMED,RIBR,chemical,1
RMED,RMED,chemical,1
RMED,SMDDL,chemical,1
RMED,SMDDR,chemical,4
RMEL,GLRR,chemical,2
RMEL,IL1R,chemical,2
RMEL,MDR03,chemical,22
RMEL,MDR05,chemical,7
RMEL,MVR04,chemical,9
RMEL,OLLR,chemical,1
RMEL,RIPR,chemical,1
RMEL,RMEV,chemical,1
RMER,IL1L,chemical,4
RMER,MDL03,chemical,45
RMER,MDL04,chemical,4
RMER,MVL01,chemical,14
RMER,MVL04,chemical,7
RMER,RMER,chemical,5
RMER,RMHR,chemical,3
RMEV,MDL01,chemical,1
RMEV,MDL02,chemical,5
RMEV,MDR01,chemical,9
RMEV,MDR02,chemical,5
RMEV,MDR06,chemical,5
RMEV,MDR07,chemical,4
RMEV,RIBR,chemical,2
RMEV,RIH,chemical,2
RMEV,RIS,chemical,1
RMEV,RMDDL,chemical,1
RMEV,RMDDR,chemical,1
RMEV,RMED,chemical,1
RMEV,SMDDR,chemical,1
RMEV,SMDVL,chemical,1
RMFL,AVKL,chemical,9
RMFL,AVKR,chemical,14
RMFL,BAGL,chemical,1
RMFL,DVC,chemical,1
RMFL,PVT,chemical,3
RMFL,RIBR,chemical,1
RMFL,RIMR,chemical,2
RMFL,RIS,chemical,1
RMFL,RMDR,chemical,13
RMFL,RMHL,chemical,2
RMFL,SAAVR,chemical,1
RMFL,SMDVL,chemical,1
RMFR,AVKL,chemical,7
RMFR,AVKR,chemical,9
RMFR,DVC,chemical,2
RMFR,RIH,chemical,1
RMFR,RMDL,chemical,6
RMFR,RMDR,chemical,1
RMGL,ADAL,chemical,4
RMGL,ADLL,chemical,1
RMGL,AIBR,chemical,2
RMGL,AIML,chemical,3
RMGL,ASHL,chemical,1
RMGL,AVAL,chemical,3
RMGL,AVBR,chemical,3
RMGL,AVEL,chemical,2
RMGL,AVFR,chemical,1
RMGL,CEPDL,chemical,1
RMGL,MDL04,chemical,7
RMGL,MDL05,chemical,1
RMGL,MVL05,chemical,2
RMGL,PVPL,chemical,1
RMGL,RID,chemical,2
RMGL,RIFL,chemical,1
RMGL,RMDDR,chemical,1
RMGL,RMDL,chemical,2
RMGL,RMDR,chemical,16
RMGL,RMDVL,chemical,15
RMGL,RMHL,chemical,1
RMGL,RMHR,chemical,4
RMGL,SAADL,chemical,1
RMGL,SIADL,chemical,2
RMGL,SIADR,chemical,2
RMGL,SIAVL,chemical,4
RMGL,SIBDR,chemical,1
RMGL,SIBVL,chemical,4
RMGL,SIBVR,chemical,4
RMGL,SMBVL,chemical,2
RMGL,SMDDL,chemical,1
RMGL,SMDDR,chemical,2
RMGL,URXL,chemical,3
RMGR,ADAR,chemical,2
RMGR,ADER,chemical,2
RMGR,AIMR,chemical,2
RMGR,ALMR,chemical,1
RMGR,ALNR,chemical,4
RMGR,ASHR,chemical,1
RMGR,AVAL,chemical,1
RMGR,AVBL,chemical,2
RMGR,AVBR,chemical,3
RMGR,AVDL,chemical,2
RMGR,AVER,chemical,6
RMGR,AVJL,chemical,4
RMGR,IL2R,chemical,2
RMGR,MDR05,chemical,3
RMGR,MVR08,chemical,2
RMGR,OLLR,chemical,1
RMGR,RIGR,chemical,2
RMGR,RIR,chemical,1
RMGR,RMDDL,chemical,1
RMGR,RMDL,chemical,20
RMGR,RMDR,chemical,7
RMGR,RMDVR,chemical,23
RMGR,SAADL,chemical,3
RMGR,SAAVR,chemical,1
RMGR,SIADL,chemical,1
RMGR,SIAVR,chemical,2
RMGR,SIBDL,chemical,2
RMGR,SMBVR,chemical,1
RMGR,URXR,chemical,3
RMHL,AVAR,chemical,1
RMHL,IL1R,chemical,2
RMHL,MDR03,chemical,7
RMHL,MDR04,chemical,2
RMHL,MDR05,chemical,2
RMHL,RICL,chemical,1
RMHL,RICR,chemical,1
RMHL,RID,chemical,1
RMHL,RMDDL,chemical,2
RMHL,RMDR,chemical,1
RMHL,SAAVL,chemical,1
RMHL,URXR,chemical,1
RMHR,AIBR,chemical,3
RMHR,CEPVL,chemical,1
RMHR,MDL03,chemical,1
RMHR,MDL04,chemical,7
RMHR,MDL05,chemical,8
RMHR,MVL01,chemical,3
RMHR,RMDL,chemical,4
RMHR,RMDR,chemical,1
RMHR,RMER,chemical,4
RMHR,RMGL,chemical,8
RMHR,RMHL,chemical,3
RMHR,SMDDL,chemical,3
SAADL,AIBL,chemical,1
SAADL,AVAL,chemical,17
SAADL,MDR03,chemical,7
SAADL,MDR04,chemical,3
SAADL,MDR06,chemical,2
SAADL,OLLR,chemical,4
SAADL,RIGL,chemical,1
SAADL,RIML,chemical,11
SAADL,RIMR,chemical,16
SAADL,RIVR,chemical,1
SAADL,RMDVR,chemical,1
SAADL,RMFR,chemical,1
SAADL,SABD,chemical,2
SAADL,SIBVR,chemical,1
SAADL,hyp,chemical,2
SAADR,AIBL,chemical,1
SAADR,AIBR,chemical,1
SAADR,AVAL,chemical,1
SAADR,AVAR,chemical,26
SAADR,MDL03,chemical,7
SAADR,MDL04,chemical,3
SAADR,MDL06,chemical,2
SAADR,OLLL,chemical,3
SAADR,PLNR,chemical,1
SAADR,RIML,chemical,14
SAADR,RIMR,chemical,23
SAADR,RMFL,chemical,5
SAADR,RMFR,chemical,1
SAADR,RMGL,chemical,1
SAADR,SABD,chemical,2
SAADR,SMBDR,chemical,2
SAADR,SMBVR,chemical,1
SAADR,SMDVL,chemical,5
SAADR,hyp,chemical,2
SAAVL,AIBL,chemical,1
SAAVL,AVAL,chemical,56
SAAVL,MVL09,chemical,1
SAAVL,MVR03,chemical,7
SAAVL,MVR04,chemical,3
SAAVL,MVR06,chemical,2
SAAVL,OLLR,chemical,1
SAAVL,RIML,chemical,5
SAAVL,RIMR,chemical,33
SAAVL,RMFR,chemical,11
SAAVL,SABD,chemical,1
SAAVL,SMBDR,chemical,2
SAAVL,SMDDR,chemical,18
SAAVL,SMDVL,chemical,1
SAAVL,hyp,chemical,2
SAAVR,AIBR,chemical,1
SAAVR,ALNR,chemical,1
SAAVR,ASIR,chemical,1
SAAVR,AVAR,chemical,39
SAAVR,AVBL,chemical,1
SAAVR,IL1DL,chemical,12
SAAVR,MVL03,chemical,7
SAAVR,MVL04,chemical,3
SAAVR,MVL06,chemical,2
SAAVR,RIAR,chemical,1
SAAVR,RIML,chemical,12
SAAVR,RIMR,chemical,7
SAAVR,RIPL,chemical,12
SAAVR,RMEV,chemical,1
SAAVR,SAAVR,chemical,1
SAAVR,SMBDL,chemical,1
SAAVR,SMDDL,chemical,17
SAAVR,hyp,chemical,2
SABD,MDL01,chemical,15
SABD,MDL03,chemical,67
SABD,MDL04,chemical,63
SABD,MDL06,chemical,20
SABD,MDR01,chemical,15
SABD,MDR03,chemical,67
SABD,MDR04,chemical,63
SABD,MDR06,chemical,20
SABD,SAADL,chemical,4
SABD,SAADR,chemical,4
SABD,hyp,chemical,142
SABVL,MVL01,chemical,15
SABVL,MVL03,chemical,67
SABVL,MVL04,chemical,63
SABVL,MVL06,chemical,20
SABVL,RIGR,chemical,1
SABVL,hyp,chemical,71
SABVR,MVR01,chemical,15
SABVR,MVR03,chemical,67
SABVR,MVR04,chemical,63
SABVR,MVR06,chemical,20
SABVR,hyp,chemical,71
SDQL,AIBR,chemical,2
SDQL,ALML,chemical,1
SDQL,AVAL,chemical,6
SDQL,AVAR,chemical,8
SDQL,AVBL,chemical,1
SDQL,AVBR,chemical,2
SDQL,AVDL,chemical,3
SDQL,AVEL,chemical,1
SDQL,DVA,chemical,1
SDQL,FLPL,chemical,2
SDQL,PVCL,chemical,1
SDQL,PVR,chemical,1
SDQL,RICR,chemical,3
SDQL,RIPR,chemical,1
SDQL,RIS,chemical,8
SDQL,RMFL,chemical,3
SDQL,SAADR,chemical,2
SDQL,SIADR,chemical,2
SDQL,SIBVL,chemical,1
SDQL,SMBDR,chemical,11
SDQR,ADLL,chemical,1
SDQR,AIBL,chemical,8
SDQR,ALML,chemical,1
SDQR,AVAL,chemical,8
SDQR,AVBL,chemical,23
SDQR,AVBR,chemical,19
SDQR,DVA,chemical,10
SDQR,MVR07,chemical,1
SDQR,RICL,chemical,1
SDQR,RICR,chemical,3
SDQR,RMHL,chemical,15
SDQR,RMHR,chemical,7
SDQR,SDQL,chemical,4
SDQR,SIADL,chemical,2
SIADL,ALNR,chemical,4
SIADL,AVFR,chemical,1
SIADL,MDR05,chemical,8
SIADL,MDR06,chemical,3
SIADL,MDR07,chemical,8
SIADL,MDR08,chemical,12
SIADL,MDR09,chemical,8
SIADL,MDR10,chemical,8
SIADL,MDR11,chemical,8
SIADL,MDR12,chemical,8
SIADL,MDR13,chemical,8
SIADL,MDR14,chemical,8
SIADL,MDR15,chemical,8
SIADL,MDR16,chemical,3
SIADL,RMDL,chemical,4
SIADL,SDQR,chemical,4
SIADL,SIBDL,chemical,4
SIADL,SMBDL,chemical,18
SIADL,SMDDL,chemical,17
SIADR,ALML,chemical,1
SIADR,AVAL,chemical,1
SIADR,CEPDL,chemical,1
SIADR,IL1VR,chemical,1
SIADR,MDL05,chemical,8
SIADR,MDL06,chemical,3
SIADR,MDL07,chemical,8
SIADR,MDL08,chemical,12
SIADR,MDL09,chemical,8
SIADR,MDL10,chemical,8
SIADR,MDL11,chemical,8
SIADR,MDL12,chemical,8
SIADR,MDL13,chemical,8
SIADR,MDL14,chemical,8
SIADR,MDL15,chemical,8
SIADR,MDL16,chemical,3
SIADR,SDQL,chemical,4
SIADR,SIBDR,chemical,4
SIADR,SMBDR,chemical,17
SIADR,SMDDR,chemical,17
SIAVL,ADEL,chemical,1
SIAVL,IL2L,chemical,1
SIAVL,MVL05,chemical,4
SIAVL,MVL06,chemical,1
SIAVL,MVL07,chemical,4
SIAVL,MVL08,chemical,5
SIAVL,MVL09,chemical,4
SIAVL,MVL10,chemical,4
SIAVL,MVL11,chemical,4
SIAVL,MVL12,chemical,4
SIAVL,MVL13,chemical,4
SIAVL,MVL14,chemical,4
SIAVL,MVL15,chemical,4
SIAVL,MVL16,chemical,1
SIAVL,PLNL,chemical,10
SIAVL,SIBVR,chemical,2
SIAVL,SMBVL,chemical,2
SIAVL,SMDVR,chemical,10
SIAVR,MVR05,chemical,4
SIAVR,MVR06,chemical,1
SIAVR,MVR07,chemical,4
SIAVR,MVR08,chemical,5
SIAVR,MVR09,chemical,4
SIAVR,MVR10,chemical,4
SIAVR,MVR11,chemical,4
SIAVR,MVR12,chemical,4
SIAVR,MVR13,chemical,4
SIAVR,MVR14,chemical,4
SIAVR,MVR15,chemical,4
SIAVR,MVR16,chemical,1
SIAVR,PLNR,chemical,10
SIAVR,RMDL,chemical,1
SIAVR,SIBVL,chemical,2
SIBDL,MDR05,chemical,3
SIBDL,MDR06,chemical,1
SIBDL,MDR07,chemical,3
SIBDL,MDR08,chemical,4
SIBDL,MDR09,chemical,3
SIBDL,MDR10,chemical,3
SIBDL,MDR11,chemical,3
SIBDL,MDR12,chemical,3
SIBDL,MDR13,chemical,3
SIBDL,MDR14,chemical,3
SIBDL,MDR15,chemical,3
SIBDL,MDR16,chemical,1
SIBDL,SIADL,chemical,2
SIBDR,MDL05,chemical,3
SIBDR,MDL06,chemical,1
SIBDR,MDL07,chemical,3
SIBDR,MDL08,chemical,4
SIBDR,MDL09,chemical,3
SIBDR,MDL10,chemical,3
SIBDR,MDL11,chemical,3
SIBDR,MDL12,chemical,3
SIBDR,MDL13,chemical,3
SIBDR,MDL14,chemical,3
SIBDR,MDL15,chemical,3
SIBDR,MDL16,chemical,1
SIBDR,MDR04,chemical,1
SIBDR,SIADR,chemical,2
SIBDR,SMDDR,chemical,10
SIBVL,ALNR,chemical,1
SIBVL,MVL02,chemical,1
SIBVL,MVR05,chemical,10
SIBVL,MVR06,chemical,3
SIBVL,MVR07,chemical,10
SIBVL,MVR08,chemical,13
SIBVL,MVR09,chemical,10
SIBVL,MVR10,chemical,10
SIBVL,MVR11,chemical,10
SIBVL,MVR12,chemical,10
SIBVL,MVR13,chemical,10
SIBVL,MVR14,chemical,10
SIBVL,MVR15,chemical,10
SIBVL,MVR16,chemical,4
SIBVL,PVPL,chemical,1
SIBVL,SIAVR,chemical,5
SIBVL,SMBDR,chemical,1
SIBVR,AVDR,chemical,1
SIBVR,MDR04,chemical,1
SIBVR,MVL05,chemical,10
SIBVR,MVL06,chemical,3
SIBVR,MVL07,chemical,10
SIBVR,MVL08,chemical,13
SIBVR,MVL09,chemical,10
SIBVR,MVL10,chemical,10
SIBVR,MVL11,chemical,10
SIBVR,MVL12,chemical,10
SIBVR,MVL13,chemical,10
SIBVR,MVL14,chemical,10
SIBVR,MVL15,chemical,10
SIBVR,MVL16,chemical,4
SIBVR,RID,chemical,1
SIBVR,SIAVL,chemical,5
SMBDL,AIZL,chemical,1
SMBDL,ALNR,chemical,1
SMBDL,MDR01,chemical,4
SMBDL,MDR02,chemical,11
SMBDL,MDR03,chemical,6
SMBDL,MDR04,chemical,9
SMBDL,MDR05,chemical,9
SMBDL,MDR06,chemical,10
SMBDL,MDR07,chemical,9
SMBDL,MDR08,chemical,12
SMBDL,MDR09,chemical,9
SMBDL,MDR10,chemical,9
SMBDL,MDR11,chemical,9
SMBDL,MDR12,chemical,9
SMBDL,MDR13,chemical,9
SMBDL,MDR14,chemical,9
SMBDL,MDR15,chemical,9
SMBDL,MDR16,chemical,3
SMBDL,RIH,chemical,2
SMBDL,RMED,chemical,4
SMBDL,SAAVR,chemical,9
SMBDL,SDQR,chemical,18
SMBDL,SIADL,chemical,19
SMBDL,SIAVL,chemical,3
SMBDL,SMBVL,chemical,2
SMBDL,SMDDL,chemical,7
SMBDR,ALNL,chemical,5
SMBDR,AVAL,chemical,1
SMBDR,MDL01,chemical,5
SMBDR,MDL02,chemical,11
SMBDR,MDL04,chemical,3
SMBDR,MDL05,chemical,20
SMBDR,MDL06,chemical,7
SMBDR,MDL07,chemical,9
SMBDR,MDL08,chemical,12
SMBDR,MDL09,chemical,9
SMBDR,MDL10,chemical,9
SMBDR,MDL11,chemical,9
SMBDR,MDL12,chemical,9
SMBDR,MDL13,chemical,9
SMBDR,MDL14,chemical,9
SMBDR,MDL15,chemical,9
SMBDR,MDL16,chemical,3
SMBDR,MDR01,chemical,3
SMBDR,MDR02,chemical,3
SMBDR,MDR07,chemical,9
SMBDR,RIVL,chemical,1
SMBDR,RMED,chemical,25
SMBDR,SAAVL,chemical,8
SMBDR,SDQL,chemical,18
SMBDR,SIADR,chemical,20
SMBDR,SIAVR,chemical,1
SMBDR,SMBDL,chemical,3
SMBDR,SMDDR,chemical,4
SMBVL,AIML,chemical,1
SMBVL,AVBR,chemical,1
SMBVL,AVFL,chemical,1
SMBVL,AVHR,chemical,1
SMBVL,AVJR,chemical,1
SMBVL,MVL01,chemical,3
SMBVL,MVL02,chemical,8
SMBVL,MVL03,chemical,5
SMBVL,MVL04,chemical,6
SMBVL,MVL05,chemical,5
SMBVL,MVL06,chemical,17
SMBVL,MVL07,chemical,9
SMBVL,MVL08,chemical,2
SMBVL,MVL09,chemical,2
SMBVL,MVL10,chemical,2
SMBVL,MVL11,chemical,2
SMBVL,MVL12,chemical,2
SMBVL,MVL13,chemical,2
SMBVL,MVL14,chemical,2
SMBVL,MVL15,chemical,2
SMBVL,MVL16,chemical,1
SMBVL,PLNL,chemical,5
SMBVL,PVPL,chemical,1
SMBVL,RMDVR,chemical,1
SMBVL,RMEV,chemical,20
SMBVL,SAADL,chemical,16
SMBVL,SIAVL,chemical,1
SMBVL,SMBDL,chemical,2
SMBVL,exc_gl,chemical,3
SMBVL,hyp,chemical,2
SMBVR,ADLR,chemical,2
SMBVR,AVHL,chemical,2
SMBVR,CEPVR,chemical,8
SMBVR,MDR04,chemical,1
SMBVR,MVR01,chemical,7
SMBVR,MVR02,chemical,3
SMBVR,MVR03,chemical,10
SMBVR,MVR04,chemical,12
SMBVR,MVR05,chemical,2
SMBVR,MVR06,chemical,12
SMBVR,MVR07,chemical,12
SMBVR,MVR08,chemical,5
SMBVR,MVR09,chemical,2
SMBVR,MVR10,chemical,2
SMBVR,MVR11,chemical,2
SMBVR,MVR12,chemical,2
SMBVR,MVR13,chemical,2
SMBVR,MVR14,chemical,2
SMBVR,MVR15,chemical,2
SMBVR,MVR16,chemical,1
SMBVR,PLNR,chemical,5
SMBVR,PVR,chemical,2
SMBVR,RIAR,chemical,1
SMBVR,RMDL,chemical,2
SMBVR,RMDR,chemical,3
SMBVR,RMEV,chemical,8
SMBVR,RMGR,chemical,3
SMBVR,SAADR,chemical,12
SMBVR,SIAVR,chemical,1
SMBVR,SMBDR,chemical,2
SMDDL,AVEL,chemical,1
SMDDL,AVER,chemical,1
SMDDL,MDL01,chemical,4
SMDDL,MDL02,chemical,3
SMDDL,MDL06,chemical,2
SMDDL,MDL07,chemical,1
SMDDL,MDR01,chemical,3
SMDDL,MDR04,chemical,1
SMDDL,MDR05,chemical,6
SMDDL,MDR06,chemical,2
SMDDL,MDR07,chemical,6
SMDDL,MDR08,chemical,8
SMDDL,MDR09,chemical,6
SMDDL,MDR10,chemical,6
SMDDL,MDR11,chemical,6
SMDDL,MDR12,chemical,6
SMDDL,MDR13,chemical,6
SMDDL,MDR14,chemical,6
SMDDL,MDR15,chemical,6
SMDDL,MDR16,chemical,2
SMDDL,MVL02,chemical,7
SMDDL,MVL03,chemical,7
SMDDL,RIAL,chemical,9
SMDDL,RIAR,chemical,14
SMDDL,RIML,chemical,2
SMDDL,RIMR,chemical,1
SMDDL,RIS,chemical,2
SMDDL,RIVR,chemical,1
SMDDL,RMDL,chemical,3
SMDDL,RMDR,chemical,1
SMDDL,SAAVR,chemical,1
SMDDL,SIADL,chemical,14
SMDDL,SIBDL,chemical,14
SMDDL,SMBDL,chemical,3
SMDDL,SMDDR,chemical,1
SMDDL,SMDVL,chemical,2
SMDDL,SMDVR,chemical,17
SMDDL,URYDL,chemical,1
SMDDR,AIZR,chemical,2
SMDDR,ALNL,chemical,1
SMDDR,ALNR,chemical,2
SMDDR,ASGL,chemical,1
SMDDR,ASJL,chemical,1
SMDDR,AVER,chemical,1
SMDDR,MDL02,chemical,3
SMDDR,MDL05,chemical,11
SMDDR,MDL06,chemical,4
SMDDR,MDL07,chemical,6
SMDDR,MDL08,chemical,8
SMDDR,MDL09,chemical,6
SMDDR,MDL10,chemical,6
SMDDR,MDL11,chemical,6
SMDDR,MDL12,chemical,6
SMDDR,MDL13,chemical,6
SMDDR,MDL14,chemical,6
SMDDR,MDL15,chemical,6
SMDDR,MDL16,chemical,2
SMDDR,MVL02,chemical,3
SMDDR,MVR02,chemical,6
SMDDR,MVR06,chemical,2
SMDDR,RIAL,chemical,5
SMDDR,RIAR,chemical,3
SMDDR,RIBL,chemical,1
SMDDR,RIMR,chemical,3
SMDDR,RIS,chemical,3
SMDDR,RIVL,chemical,1
SMDDR,RMDR,chemical,1
SMDDR,SIADR,chemical,14
SMDDR,SIBDR,chemical,14
SMDDR,SMBDR,chemical,3
SMDDR,SMDDL,chemical,4
SMDDR,SMDVL,chemical,5
SMDDR,hyp,chemical,2
SMDVL,ALNL,chemical,2
SMDVL,ALNR,chemical,6
SMDVL,CEPVR,chemical,1
SMDVL,IL2L,chemical,1
SMDVL,MDL01,chemical,3
SMDVL,MDL02,chemical,3
SMDVL,MVR02,chemical,7
SMDVL,MVR03,chemical,8
SMDVL,MVR05,chemical,15
SMDVL,MVR06,chemical,16
SMDVL,MVR07,chemical,15
SMDVL,MVR08,chemical,20
SMDVL,MVR09,chemical,15
SMDVL,MVR10,chemical,15
SMDVL,MVR11,chemical,15
SMDVL,MVR12,chemical,15
SMDVL,MVR13,chemical,15
SMDVL,MVR14,chemical,15
SMDVL,MVR15,chemical,15
SMDVL,MVR16,chemical,7
SMDVL,PLNL,chemical,6
SMDVL,PVR,chemical,1
SMDVL,RIAL,chemical,19
SMDVL,RIAR,chemical,31
SMDVL,RIBR,chemical,1
SMDVL,RIVL,chemical,6
SMDVL,RMDDR,chemical,3
SMDVL,SIADR,chemical,1
SMDVL,SIAVR,chemical,30
SMDVL,SIBVL,chemical,30
SMDVL,SMDDR,chemical,22
SMDVL,SMDVR,chemical,2
SMDVR,AIBR,chemical,1
SMDVR,AVAR,chemical,1
SMDVR,AVER,chemical,1
SMDVR,CEPVL,chemical,1
SMDVR,MVL02,chemical,9
SMDVR,MVL03,chemical,9
SMDVR,MVL04,chemical,5
SMDVR,MVL05,chemical,19
SMDVR,MVL06,chemical,14
SMDVR,MVL07,chemical,15
SMDVR,MVL08,chemical,19
SMDVR,MVL09,chemical,15
SMDVR,MVL10,chemical,15
SMDVR,MVL11,chemical,15
SMDVR,MVL12,chemical,15
SMDVR,MVL13,chemical,15
SMDVR,MVL14,chemical,15
SMDVR,MVL15,chemical,15
SMDVR,MVL16,chemical,7
SMDVR,PLNL,chemical,6
SMDVR,RIAL,chemical,24
SMDVR,RIAR,chemical,16
SMDVR,RIML,chemical,1
SMDVR,RIVR,chemical,1
SMDVR,RMDDL,chemical,3
SMDVR,RMED,chemical,9
SMDVR,SIAVL,chemical,30
SMDVR,SIBVR,chemical,30
SMDVR,SMDDL,chemical,14
SMDVR,SMDVL,chemical,1
SMDVR,VB1,chemical,1
URADL,IL1DL,chemical,4
URADL,MDL01,chemical,2
URADL,MDL02,chemical,7
URADL,MDL06,chemical,11
URADL,RIH,chemical,3
URADL,RIPL,chemical,12
URADL,RMEL,chemical,8
URADR,CEPshDR,chemical,1
URADR,IL1DR,chemical,3
URADR,MDR01,chemical,15
URADR,MDR02,chemical,5
URADR,MDR03,chemical,4
URADR,MDR04,chemical,4
URADR,MDR05,chemical,7
URADR,RIPR,chemical,16
URADR,RMER,chemical,1
URADR,URYDR,chemical,1
URAVL,AVER,chemical,1
URAVL,CEPVL,chemical,1
URAVL,DVC,chemical,1
URAVL,IL1L,chemical,3
URAVL,IL1VL,chemical,6
URAVL,MVL01,chemical,20
URAVL,MVL02,chemical,17
URAVL,MVL03,chemical,5
URAVL,RIBL,chemical,1
URAVL,RIPL,chemical,15
URAVL,RMDDL,chemical,7
URAVL,RMDVR,chemical,1
URAVL,RMEL,chemical,8
URAVL,RMER,chemical,3
URAVL,RMEV,chemical,10
URAVR,ADAR,chemical,1
URAVR,IL1R,chemical,2
URAVR,IL1VR,chemical,9
URAVR,IL2VR,chemical,3
URAVR,MVR02,chemical,14
URAVR,MVR03,chemical,7
URAVR,MVR04,chemical,18
URAVR,MVR06,chemical,1
URAVR,PVT,chemical,3
URAVR,RIH,chemical,1
URAVR,RIPR,chemical,13
URAVR,RMDDR,chemical,1
URAVR,RMDVL,chemical,1
URAVR,RMEL,chemical,1
URAVR,RMER,chemical,4
URAVR,RMEV,chemical,2
URAVR,URYVR,chemical,1
URBL,ADAL,chemical,3
URBL,AVBL,chemical,1
URBL,CEPDL,chemical,2
URBL,IL1L,chemical,10
URBL,OLLL,chemical,1
URBL,PVR,chemical,1
URBL,RICL,chemical,1
URBL,RICR,chemical,1
URBL,RMDDR,chemical,2
URBL,RMHR,chemical,5
URBL,SIADR,chemical,2
URBL,SIAVL,chemical,2
URBL,SMBDR,chemical,3
URBL,URBL,chemical,1
URBL,URXL,chemical,26
URBL,URYDL,chemical,1
URBR,ADAR,chemical,5
URBR,ADER,chemical,1
URBR,ADLR,chemical,2
URBR,AVBR,chemical,1
URBR,AVDL,chemical,1
URBR,CEPDR,chemical,1
URBR,CEPVR,chemical,4
URBR,IL1DR,chemical,2
URBR,IL1R,chemical,5
URBR,IL2R,chemical,3
URBR,OLLR,chemical,1
URBR,OLQDR,chemical,2
URBR,RICL,chemical,1
URBR,RICR,chemical,1
URBR,RMDL,chemical,1
URBR,RMDR,chemical,1
URBR,RMGR,chemical,8
URBR,SIADL,chemical,3
URBR,SIAVR,chemical,3
URBR,SIBDR,chemical,2
URBR,SIBVR,chemical,2
URBR,SMBDL,chemical,4
URBR,SMBVR,chemical,1
URBR,URXR,chemical,16
URXL,ADAL,chemical,6
URXL,ADFL,chemical,1
URXL,AIML,chemical,2
URXL,AIZL,chemical,1
URXL,ASHL,chemical,1
URXL,ASIL,chemical,1
URXL,AUAL,chemical,14
URXL,AVAL,chemical,1
URXL,AVBL,chemical,4
URXL,AVDR,chemical,1
URXL,AVEL,chemical,9
URXL,AVJR,chemical,4
URXL,BAGR,chemical,2
URXL,CEPDL,chemical,1
URXL,HSNR,chemical,1
URXL,IL1DL,chemical,2
URXL,IL2L,chemical,1
URXL,OLQVL,chemical,2
URXL,RIAL,chemical,15
URXL,RICL,chemical,8
URXL,RID,chemical,1
URXL,RIGL,chemical,6
URXL,RIR,chemical,1
URXL,RMGL,chemical,5
URXL,URXL,chemical,3
URXR,ADAR,chemical,1
URXR,ADFR,chemical,4
URXR,ADLR,chemical,3
URXR,AIMR,chemical,3
URXR,ALMR,chemical,1
URXR,AUAR,chemical,21
URXR,AVAR,chemical,2
URXR,AVBL,chemical,2
URXR,AVBR,chemical,3
URXR,AVER,chemical,2
URXR,AWBR,chemical,2
URXR,CEPDR,chemical,1
URXR,OLQVR,chemical,2
URXR,RIAR,chemical,20
URXR,RICR,chemical,3
URXR,RIFR,chemical,3
URXR,RIGR,chemical,7
URXR,RIPR,chemical,10
URXR,RIR,chemical,4
URXR,RMDDL,chemical,2
URXR,RMDR,chemical,8
URXR,RMGR,chemical,6
URXR,SIADL,chemical,2
URXR,SIAVR,chemical,4
URXR,SMBVR,chemical,7
URXR,URBR,chemical,8
URYDL,AIZL,chemical,1
URYDL,AVEL,chemical,1
URYDL,AVER,chemical,9
URYDL,IL1DL,chemical,3
URYDL,OLLL,chemical,3
URYDL,OLQDL,chemical,2
URYDL,RIBL,chemical,8
URYDL,RMDDR,chemical,15
URYDL,RMDVL,chemical,18
URYDL,SMDDL,chemical,2
URYDL,SMDDR,chemical,3
URYDR,AVBL,chemical,1
URYDR,AVEL,chemical,5
URYDR,AVER,chemical,2
URYDR,AWCL,chemical,1
URYDR,CEPDR,chemical,3
URYDR,GLRDR,chemical,2
URYDR,IL1DR,chemical,5
URYDR,MDR02,chemical,2
URYDR,OLQDR,chemical,1
URYDR,RIBR,chemical,1
URYDR,RMDDL,chemical,9
URYDR,RMDVR,chemical,12
URYDR,RMED,chemical,7
URYDR,SMDDL,chemical,11
URYDR,SMDVR,chemical,3
URYDR,URXR,chemical,1
URYVL,ADAL,chemical,1
URYVL,AVBR,chemical,1
URYVL,AVDR,chemical,2
URYVL,AVER,chemical,23
URYVL,AVJR,chemical,1
URYVL,CEPVL,chemical,3
URYVL,CEPshVL,chemical,1
URYVL,IL1VL,chemical,1
URYVL,OLLL,chemical,9
URYVL,OLQVL,chemical,9
URYVL,RIAL,chemical,2
URYVL,RIBL,chemical,9
URYVL,RID,chemical,4
URYVL,RIH,chemical,2
URYVL,RIS,chemical,1
URYVL,RMDDL,chemical,23
URYVL,RMDVR,chemical,17
URYVL,SIBVL,chemical,1
URYVL,SIBVR,chemical,4
URYVL,SMDVR,chemical,13
URYVL,URXL,chemical,2
URYVR,ADAR,chemical,1
URYVR,AVAL,chemical,2
URYVR,AVBL,chemical,5
URYVR,AVEL,chemical,26
URYVR,AVL,chemical,5
URYVR,CEPVR,chemical,1
URYVR,IL1VR,chemical,3
URYVR,RIAR,chemical,2
URYVR,RIBR,chemical,19
URYVR,RMDDR,chemical,32
URYVR,RMDL,chemical,2
URYVR,RMDVL,chemical,19
URYVR,SIBDR,chemical,4
URYVR,SIBVL,chemical,5
URYVR,SMBDR,chemical,1
URYVR,SMDVL,chemical,11
VA1,DA2,chemical,1
VA1,DD1,chemical,12
VA1,MVL07,chemical,13
VA1,MVL08,chemical,1
VA1,MVR07,chemical,2
VA1,MVR08,chemical,2
VA1,VD1,chemical,3
VA10,AS10,chemical,1
VA10,AS6,chemical,3
VA10,AS7,chemical,6
VA10,DD5,chemical,9
VA10,DD6,chemical,9
VA10,MVL18,chemical,3
VA10,MVL19,chemical,4
VA10,MVL20,chemical,4
VA10,MVR18,chemical,3
VA10,MVR19,chemical,3
VA10,MVR20,chemical,3
VA10,MVR21,chemical,2
VA10,VB8,chemical,1
VA10,VB9,chemical,1
VA10,VD10,chemical,2
VA10,VD11,chemical,3
VA10,VD12,chemical,3
VA10,hyp,chemical,1
VA11,AS7,chemical,2
VA11,AS8,chemical,10
VA11,AS9,chemical,1
VA11,DD6,chemical,19
VA11,MVL19,chemical,2
VA11,MVL20,chemical,7
VA11,MVL21,chemical,4
VA11,MVR20,chemical,12
VA11,MVR21,chemical,3
VA11,MVR22,chemical,3
VA11,MVR23,chemical,2
VA11,PVNR,chemical,1
VA11,VB10,chemical,6
VA11,VD11,chemical,5
VA11,VD12,chemical,3
VA12,AS10,chemical,6
VA12,AS11,chemical,6
VA12,AS8,chemical,2
VA12,AS9,chemical,8
VA12,AVAL,chemical,3
VA12,DA8,chemical,9
VA12,DA9,chemical,17
VA12,DB7,chemical,10
VA12,DD6,chemical,2
VA12,LUAL,chemical,2
VA12,MVL21,chemical,8
VA12,MVL22,chemical,4
VA12,MVL23,chemical,4
VA12,MVR21,chemical,9
VA12,MVR22,chemical,3
VA12,MVR23,chemical,4
VA12,MVR24,chemical,4
VA12,PHCR,chemical,1
VA12,PVCL,chemical,3
VA12,PVCR,chemical,4
VA12,VA11,chemical,4
VA12,VB11,chemical,4
VA12,VD12,chemical,7
VA12,VD13,chemical,12
VA12,hyp,chemical,2
VA2,AVAL,chemical,1
VA2,DD1,chemical,20
VA2,MVL07,chemical,1
VA2,MVL08,chemical,10
VA2,MVL09,chemical,3
VA2,MVR07,chemical,5
VA2,MVR08,chemical,7
VA2,MVR09,chemical,5
VA2,VA1,chemical,2
VA2,VA3,chemical,2
VA2,VB1,chemical,1
VA2,VB2,chemical,1
VA2,VD1,chemical,1
VA2,VD2,chemical,27
VA3,DD1,chemical,18
VA3,DD2,chemical,10
VA3,MVL08,chemical,1
VA3,MVL09,chemical,4
VA3,MVL10,chemical,11
VA3,MVL11,chemical,3
VA3,MVR09,chemical,3
VA3,MVR10,chemical,5
VA3,MVR11,chemical,7
VA3,VA4,chemical,2
VA3,VB2,chemical,1
VA3,VB3,chemical,3
VA3,VD2,chemical,3
VA3,VD3,chemical,11
VA4,AVAR,chemical,1
VA4,AVDL,chemical,1
VA4,AVER,chemical,1
VA4,DD2,chemical,17
VA4,MVL12,chemical,5
VA4,MVL13,chemical,3
VA4,MVR11,chemical,8
VA4,MVR12,chemical,5
VA4,MVR13,chemical,1
VA4,VB3,chemical,8
VA4,VB4,chemical,1
VA4,VD4,chemical,8
VA5,DD2,chemical,6
VA5,DD3,chemical,17
VA5,MVL12,chemical,3
VA5,MVL13,chemical,6
VA5,MVR12,chemical,6
VA5,MVR13,chemical,4
VA5,MVR14,chemical,4
VA5,VA6,chemical,2
VA5,VB4,chemical,1
VA5,VD5,chemical,9
VA6,AS1,chemical,13
VA6,AS2,chemical,1
VA6,AVAR,chemical,1
VA6,DD3,chemical,21
VA6,MVL13,chemical,2
VA6,MVL14,chemical,10
VA6,MVL15,chemical,1
VA6,MVR12,chemical,2
VA6,MVR13,chemical,1
VA6,MVR14,chemical,5
VA6,MVR15,chemical,1
VA6,VA5,chemical,2
VA6,VB4,chemical,1
VA6,VB5,chemical,7
VA6,VD5,chemical,3
VA6,VD6,chemical,6
VA7,AS1,chemical,1
VA7,AS2,chemical,10
VA7,AS3,chemical,3
VA7,DD3,chemical,3
VA7,DD4,chemical,17
VA7,MVL14,chemical,2
VA7,MVL15,chemical,8
VA7,MVL16,chemical,6
VA7,MVR14,chemical,3
VA7,MVR15,chemical,10
VA7,MVR16,chemical,2
VA7,VB6,chemical,1
VA7,VD6,chemical,2
VA7,VD7,chemical,13
VA7,vm1AR,chemical,2
VA8,AS2,chemical,1
VA8,AS3,chemical,4
VA8,AS4,chemical,11
VA8,AS5,chemical,3
VA8,DD4,chemical,9
VA8,DD5,chemical,9
VA8,MVL16,chemical,3
VA8,MVL17,chemical,4
VA8,MVL18,chemical,4
VA8,MVR14,chemical,1
VA8,MVR15,chemical,1
VA8,MVR16,chemical,3
VA8,MVR17,chemical,4
VA8,MVR18,chemical,4
VA8,VB6,chemical,1
VA8,VD7,chemical,2
VA8,VD8,chemical,3
VA8,VD9,chemical,3
VA9,AS6,chemical,5
VA9,AS7,chemical,3
VA9,DD4,chemical,6
VA9,DD5,chemical,6
VA9,DD6,chemical,6
VA9,MVL17,chemical,3
VA9,MVL18,chemical,4
VA9,MVL19,chemical,4
VA9,MVR17,chemical,3
VA9,MVR18,chemical,4
VA9,MVR19,chemical,4
VA9,VB7,chemical,1
VA9,VB8,chemical,1
VA9,VD10,chemical,3
VA9,VD11,chemical,3
VA9,VD9,chemical,2
VB1,ADAL,chemical,5
VB1,AIBR,chemical,2
VB1,DD1,chemical,1
VB1,MVL07,chemical,2
VB1,MVR07,chemical,5
VB1,MVR09,chemical,1
VB1,RIML,chemical,10
VB1,RMFL,chemical,10
VB1,SAADL,chemical,18
VB1,SAADR,chemical,5
VB1,SABD,chemical,1
VB1,SMBVL,chemical,3
VB1,VA1,chemical,7
VB1,VA2,chemical,2
VB1,VA3,chemical,2
VB1,VA4,chemical,2
VB1,VB2,chemical,1
VB1,VD1,chemical,4
VB1,VD2,chemical,2
VB1,hyp,chemical,1
VB10,DD6,chemical,19
VB10,MVL19,chemical,1
VB10,MVL20,chemical,18
VB10,MVL21,chemical,4
VB10,MVL22,chemical,1
VB10,MVR20,chemical,8
VB10,MVR21,chemical,1
VB10,MVR22,chemical,4
VB10,PVT,chemical,1
VB10,VA11,chemical,3
VB10,VD11,chemical,7
VB10,VD12,chemical,6
VB11,DD6,chemical,19
VB11,MVL21,chemical,7
VB11,MVL22,chemical,4
VB11,MVL23,chemical,4
VB11,MVR21,chemical,30
VB11,MVR22,chemical,4
VB11,MVR23,chemical,4
VB11,PVCR,chemical,1
VB11,PVWL,chemical,1
VB11,PVWR,chemical,1
VB11,VA12,chemical,5
VB11,VD12,chemical,2
VB11,VD13,chemical,22
VB2,AVEL,chemical,1
VB2,DD1,chemical,30
VB2,DD2,chemical,1
VB2,MVL08,chemical,2
VB2,MVL09,chemical,14
VB2,MVL10,chemical,4
VB2,MVL11,chemical,1
VB2,MVR08,chemical,6
VB2,MVR10,chemical,10
VB2,MVR11,chemical,6
VB2,VA2,chemical,5
VB2,VA3,chemical,11
VB2,VC2,chemical,1
VB2,VD2,chemical,14
VB2,VD3,chemical,4
VB3,DD2,chemical,36
VB3,MVL10,chemical,1
VB3,MVL11,chemical,8
VB3,MVL12,chemical,8
VB3,MVL13,chemical,3
VB3,MVR10,chemical,4
VB3,MVR11,chemical,6
VB3,MVR12,chemical,8
VB3,MVR13,chemical,4
VB3,VA4,chemical,10
VB3,VA5,chemical,1
VB3,VD3,chemical,4
VB3,VD4,chemical,6
VB4,AVG,chemical,1
VB4,DD2,chemical,7
VB4,DD3,chemical,13
VB4,MVL12,chemical,3
VB4,MVL13,chemical,5
VB4,MVR12,chemical,3
VB4,MVR13,chemical,3
VB4,MVR14,chemical,4
VB4,VA4,chemical,1
VB4,VA5,chemical,1
VB4,VB5,chemical,1
VB4,VD4,chemical,1
VB4,VD5,chemical,3
VB5,DD3,chemical,34
VB5,MVL12,chemical,3
VB5,MVL13,chemical,1
VB5,MVL14,chemical,8
VB5,MVL15,chemical,7
VB5,MVR13,chemical,7
VB5,MVR14,chemical,6
VB5,MVR15,chemical,1
VB5,MVR16,chemical,1
VB5,VA6,chemical,2
VB5,VD6,chemical,10
VB6,DD4,chemical,32
VB6,DVA,chemical,1
VB6,MVL15,chemical,4
VB6,MVL16,chemical,3
VB6,MVL17,chemical,1
VB6,MVR14,chemical,6
VB6,MVR15,chemical,12
VB6,MVR16,chemical,4
VB6,MVR17,chemical,1
VB6,PVNR,chemical,1
VB6,VA7,chemical,3
VB6,VA8,chemical,2
VB6,VB7,chemical,1
VB6,VD6,chemical,1
VB6,VD7,chemical,22
VB6,vm1AR,chemical,1
VB7,DD4,chemical,11
VB7,DD5,chemical,29
VB7,MVL16,chemical,4
VB7,MVL17,chemical,4
VB7,MVL18,chemical,4
VB7,MVR16,chemical,4
VB7,MVR17,chemical,4
VB7,MVR18,chemical,4
VB7,VA10,chemical,1
VB7,VA9,chemical,1
VB7,VD8,chemical,5
VB7,VD9,chemical,6
VB8,DD5,chemical,10
VB8,DD6,chemical,19
VB8,MVL18,chemical,4
VB8,MVL19,chemical,4
VB8,MVL20,chemical,4
VB8,MVR18,chemical,4
VB8,MVR19,chemical,4
VB8,MVR20,chemical,4
VB8,VA11,chemical,2
VB8,VD10,chemical,6
VB8,VD9,chemical,5
VB9,DD5,chemical,10
VB9,DD6,chemical,19
VB9,MVL19,chemical,4
VB9,MVL20,chemical,4
VB9,MVL21,chemical,4
VB9,MVR19,chemical,4
VB9,MVR20,chemical,4
VB9,MVR21,chemical,4
VB9,VA11,chemical,2
VB9,VD10,chemical,5
VB9,VD11,chemical,6
VC1,AVFL,chemical,1
VC1,AVL,chemical,2
VC1,DD1,chemical,6
VC1,DD2,chemical,8
VC1,DD3,chemical,8
VC1,DVC,chemical,1
VC1,MVL07,chemical,1
VC1,MVL09,chemical,1
VC1,MVL11,chemical,1
VC1,MVR12,chemical,3
VC1,PVPR,chemical,1
VC1,PVT,chemical,4
VC1,VC2,chemical,4
VC1,VC3,chemical,2
VC1,VD1,chemical,5
VC1,VD2,chemical,1
VC1,VD3,chemical,2
VC1,VD4,chemical,4
VC1,VD5,chemical,4
VC1,VD6,chemical,1
VC1,hyp,chemical,1
VC2,DB4,chemical,1
VC2,DD1,chemical,6
VC2,DD2,chemical,4
VC2,DD3,chemical,8
VC2,DVC,chemical,3
VC2,MVL08,chemical,2
VC2,MVL09,chemical,4
VC2,MVL11,chemical,1
VC2,MVL13,chemical,1
VC2,MVL14,chemical,3
VC2,MVR08,chemical,1
VC2,MVR09,chemical,2
VC2,MVR11,chemical,1
VC2,MVR12,chemical,1
VC2,MVR13,chemical,3
VC2,PVCL,chemical,1
VC2,PVPR,chemical,1
VC2,PVQR,chemical,1
VC2,PVT,chemical,6
VC2,VC1,chemical,3
VC2,VC3,chemical,4
VC2,VD1,chemical,2
VC2,VD2,chemical,3
VC2,VD4,chemical,6
VC2,VD5,chemical,4
VC2,VD6,chemical,2
VC3,AVBL,chemical,1
VC3,AVJL,chemical,1
VC3,AVL,chemical,1
VC3,DD1,chemical,1
VC3,DD2,chemical,3
VC3,DD3,chemical,5
VC3,DD4,chemical,16
VC3,HSNR,chemical,1
VC3,MVL11,chemical,1
VC3,MVL12,chemical,1
VC3,MVL13,chemical,1
VC3,MVL14,chemical,1
VC3,MVL15,chemical,3
VC3,MVL16,chemical,2
VC3,MVR11,chemical,2
VC3,MVR13,chemical,1
VC3,MVR15,chemical,2
VC3,PVNR,chemical,1
VC3,PVPR,chemical,2
VC3,PVQR,chemical,2
VC3,PVT,chemical,5
VC3,SABVL,chemical,1
VC3,VB2,chemical,1
VC3,VB4,chemical,1
VC3,VC1,chemical,5
VC3,VC2,chemical,2
VC3,VD1,chemical,2
VC3,VD2,chemical,1
VC3,VD3,chemical,2
VC3,VD4,chemical,3
VC3,VD5,chemical,3
VC3,VD6,chemical,5
VC3,VD7,chemical,8
VC4,AVBR,chemical,1
VC4,AVHR,chemical,1
VC4,MVL16,chemical,1
VC4,MVR16,chemical,3
VC4,VC3,chemical,1
VC4,VC5,chemical,2
VC4,vm2AL,chemical,2
VC4,vm2AR,chemical,3
VC4,vm2PL,chemical,2
VC4,vm2PR,chemical,2
VC5,AVFL,chemical,2
VC5,AVFR,chemical,1
VC5,DVC,chemical,3
VC5,HSNL,chemical,1
VC5,HSNR,chemical,3
VC5,MVL15,chemical,4
VC5,MVL16,chemical,1
VC5,PVR,chemical,1
VC5,PVT,chemical,1
VC5,VC4,chemical,4
VC5,VC5,chemical,6
VC5,vm2AL,chemical,2
VC5,vm2AR,chemical,2
VC5,vm2PL,chemical,3
VC5,vm2PR,chemical,2
VC6,AVG,chemical,2
VC6,AVL,chemical,4
VC6,DD6,chemical,6
VC6,MVL17,chemical,2
VC6,MVR17,chemical,2
VC6,MVR20,chemical,1
VC6,PVNR,chemical,4
VC6,VD11,chemical,10
VC6,VD12,chemical,7
VD1,DD1,chemical,2
VD1,MVL07,chemical,11
VD1,MVL08,chemical,3
VD1,VA1,chemical,8
VD1,VB1,chemical,5
VD10,MVL18,chemical,4
VD10,MVL19,chemical,4
VD10,MVL20,chemical,4
VD10,MVR19,chemical,4
VD10,MVR20,chemical,4
VD10,MVR21,chemical,4
VD10,VA10,chemical,2
VD10,VB9,chemical,1
VD11,AVAR,chemical,2
VD11,DD6,chemical,2
VD11,MVL19,chemical,4
VD11,MVL20,chemical,5
VD11,MVL21,chemical,4
VD11,MVR20,chemical,4
VD11,MVR21,chemical,4
VD11,MVR22,chemical,4
VD11,PVT,chemical,1
VD11,VA11,chemical,2
VD11,VB10,chemical,1
VD12,DD6,chemical,2
VD12,MVL20,chemical,4
VD12,MVL21,chemical,15
VD12,MVL22,chemical,4
VD12,MVR20,chemical,2
VD12,MVR21,chemical,4
VD12,MVR22,chemical,4
VD12,MVR23,chemical,4
VD12,VA11,chemical,3
VD12,VA12,chemical,13
VD12,VB11,chemical,1
VD12,VC6,chemical,1
VD13,AVAR,chemical,2
VD13,DD6,chemical,3
VD13,MDR22,chemical,3
VD13,MVL19,chemical,1
VD13,MVL21,chemical,5
VD13,MVL22,chemical,4
VD13,MVL23,chemical,4
VD13,MVR21,chemical,10
VD13,MVR22,chemical,4
VD13,MVR23,chemical,4
VD13,MVR24,chemical,4
VD13,PVCR,chemical,1
VD13,PVWL,chemical,1
VD13,VA12,chemical,11
VD13,VD12,chemical,1
VD13,VD13,chemical,2
VD2,AS1,chemical,1
VD2,AVEL,chemical,1
VD2,DD1,chemical,1
VD2,MVL07,chemical,2
VD2,MVL08,chemical,8
VD2,MVL09,chemical,12
VD2,MVR07,chemical,3
VD2,MVR08,chemical,12
VD2,MVR09,chemical,5
VD2,VA2,chemical,12
VD2,VB2,chemical,4
VD3,DD1,chemical,6
VD3,MVL10,chemical,6
VD3,MVL11,chemical,8
VD3,MVR10,chemical,6
VD3,MVR11,chemical,12
VD3,VA3,chemical,4
VD3,VB2,chemical,2
VD3,VB3,chemical,1
VD4,MVL12,chemical,5
VD4,MVL13,chemical,6
VD4,MVR11,chemical,4
VD4,MVR12,chemical,4
VD4,MVR13,chemical,3
VD4,VA4,chemical,1
VD4,VB3,chemical,2
VD5,AVAR,chemical,1
VD5,DD3,chemical,1
VD5,MVL12,chemical,4
VD5,MVL13,chemical,7
VD5,MVL14,chemical,1
VD5,MVR12,chemical,3
VD5,MVR13,chemical,10
VD5,VA5,chemical,2
VD5,VA6,chemical,1
VD5,VB1,chemical,1
VD5,VB4,chemical,2
VD6,AVAL,chemical,1
VD6,DD3,chemical,6
VD6,MVL13,chemical,1
VD6,MVL14,chemical,10
VD6,MVL15,chemical,3
VD6,MVL16,chemical,1
VD6,MVR13,chemical,4
VD6,MVR14,chemical,7
VD6,MVR15,chemical,1
VD6,PVNR,chemical,1
VD6,VA6,chemical,3
VD6,VB5,chemical,1
VD7,DD4,chemical,1
VD7,MVL14,chemical,1
VD7,MVL15,chemical,8
VD7,MVL16,chemical,7
VD7,MVR14,chemical,6
VD7,MVR15,chemical,7
VD7,MVR16,chemical,1
VD7,VA7,chemical,2
VD7,VB6,chemical,2
VD7,VB7,chemical,1
VD7,vm1AR,chemical,4
VD8,DD4,chemical,5
VD8,MVL15,chemical,4
VD8,MVL16,chemical,4
VD8,MVL17,chemical,4
VD8,MVR16,chemical,4
VD8,MVR17,chemical,4
VD8,MVR18,chemical,4
VD8,PVT,chemical,1
VD8,VA8,chemical,2
VD8,VA9,chemical,1
VD8,VB7,chemical,2
VD9,MVL17,chemical,4
VD9,MVL18,chemical,4
VD9,MVL19,chemical,4
VD9,MVR18,chemical,4
VD9,MVR19,chemical,4
VD9,MVR20,chemical,4
VD9,VA9,chemical,3
VD9,VB8,chemical,2
ADAL,ADAR,electrical,3
ADAL,ADFL,electrical,5
ADAL,ASHL,electrical,2
ADAL,AVDR,electrical,2
ADAL,OLQVL,electrical,4
ADAL,PVQL,electrical,4
ADAR,ADFR,electrical,4
ADAR,ASHR,electrical,3
ADAR,AVDL,electrical,3
ADAR,PVQR,electrical,2
ADEL,AINL,electrical,2
ADEL,IL2L,electrical,2
ADEL,RIGR,electrical,1
ADEL,RMDDR,electrical,1
ADEL,RMER,electrical,1
ADEL,SIBDL,electrical,1
ADEL,SIBVL,electrical,1
ADER,AINR,electrical,4
ADER,ALNR,electrical,2
ADER,AVJR,electrical,1
ADER,AVKL,electrical,4
ADER,FLPR,electrical,4
ADER,PVM,electrical,1
ADER,PVQR,electrical,2
ADFL,AFDL,electrical,3
ADFL,AIZL,electrical,1
ADFL,ASHL,electrical,1
ADFL,AWCL,electrical,1
ADFL,GLRVR,electrical,1
ADFL,RIAL,electrical,1
ADFL,RIPL,electrical,2
ADFL,URBL,electrical,1
ADFL,exc_gl,electrical,1
ADFR,AFDR,electrical,5
ADFR,AIAR,electrical,4
ADFR,ASGR,electrical,1
ADFR,AWAR,electrical,3
ADFR,AWBR,electrical,1
ADFR,RIH,electrical,1
ADFR,SMBVR,electrical,1
ADFR,SMDVR,electrical,2
ADFR,hyp,electrical,2
ADLL,ADLR,electrical,6
ADLL,AVDR,electrical,2
ADLL,AWAL,electrical,1
ADLL,RMGL,electrical,3
ADLL,hyp,electrical,1
ADLR,ASGR,electrical,1
ADLR,ASKR,electrical,1
AFDL,AFDR,electrical,1
AFDL,AIBL,electrical,2
AFDL,AIYL,electrical,2
AFDL,ASEL,electrical,6
AFDL,AVEL,electrical,1
AFDL,URBL,electrical,9
AFDR,AIBR,electrical,2
AFDR,ASEL,electrical,2
AFDR,ASER,electrical,1
AFDR,ASHR,electrical,4
AFDR,AWCR,electrical,3
AFDR,RMDVR,electrical,1
AFDR,URBR,electrical,2
AIAL,AIAR,electrical,7
AIAL,AIBL,electrical,5
AIAL,ASIL,electrical,1
AIAL,ASIR,electrical,2
AIAL,ASJL,electrical,1
AIAL,ASKL,electrical,2
AIAL,AWAL,electrical,1
AIAL,AWBL,electrical,1
AIAL,AWCR,electrical,1
AIAR,AIAR,electrical,2
AIAR,ASGR,electrical,3
AIAR,ASHR,electrical,1
AIAR,ASIR,electrical,3
AIAR,ASKR,electrical,1
AIAR,AWAR,electrical,3
AIAR,AWCR,electrical,1
AIBL,AIZR,electrical,4
AIBL,ASKL,electrical,1
AIBL,DVC,electrical,2
AIBL,FLPL,electrical,1
AIBL,RIGR,electrical,3
AIBL,RIMR,electrical,1
AIBL,RIS,electrical,1
AIBL,RIVL,electrical,1
AIBL,RMED,electrical,2
AIBL,SDQR,electrical,1
AIBL,SIADR,electrical,1
AIBL,SMDDR,electrical,1
AIBR,AIZL,electrical,3
AIBR,ASKR,electrical,3
AIBR,DVC,electrical,9
AIBR,PVPL,electrical,2
AIBR,PVT,electrical,1
AIBR,RICR,electrical,1
AIBR,RIGL,electrical,3
AIBR,RIML,electrical,2
AIBR,RIS,electrical,3
AIBR,RIVR,electrical,3
AIBR,SIAVL,electrical,1
AIBR,SMDDL,electrical,2
AIML,ASGL,electrical,1
AIML,SIBDR,electrical,2
AIMR,ASJR,electrical,1
AIMR,AVKR,electrical,3
AIMR,CEPVR,electrical,1
AIMR,SMBVR,electrical,1
AINL,AINR,electrical,1
AINL,ASGR,electrical,1
AINL,AUAR,electrical,1
AINR,ASGL,electrical,1
AINR,ASIL,electrical,1
AINR,AUAL,electrical,3
AINR,BAGL,electrical,3
AINR,RIAL,electrical,2
AIYL,AIYR,electrical,4
AIYL,AVKL,electrical,1
AIYL,RIML,electrical,5
AIYR,ASIR,electrical,1
AIYR,AUAR,electrical,1
AIYR,RIMR,electrical,3
AIZL,AIZR,electrical,18
AIZL,ASGL,electrical,3
AIZL,ASHL,electrical,2
AIZL,AWAL,electrical,3
AIZL,RIGL,electrical,1
AIZL,RIH,electrical,1
AIZR,ASGR,electrical,1
AIZR,ASHR,electrical,6
AIZR,AWAR,electrical,3
ALA,ASJL,electrical,2
ALA,ASKR,electrical,1
ALA,AVER,electrical,3
ALA,CANL,electrical,401
ALA,CANR,electrical,401
ALA,HSNL,electrical,1
ALA,HSNR,electrical,1
ALA,PVDL,electrical,250
ALA,PVDR,electrical,250
ALA,RID,electrical,4
ALA,exc_cell,electrical,100
ALA,exc_gl,electrical,1
ALML,AVM,electrical,7
ALML,PVR,electrical,3
ALML,RMDDR,electrical,2
ALML,RMGL,electrical,3
ALML,SMBDR,electrical,1
ALMR,AVDR,electrical,2
ALMR,AVM,electrical,16
ALMR,PVR,electrical,3
ALMR,SDQR,electrical,2
ALNL,SMBDR,electrical,3
ALNL,SMDDR,electrical,2
ALNL,SMDVL,electrical,1
ALNL,hyp,electrical,3
ALNR,PVR,electrical,16
ALNR,RMGR,electrical,1
ALNR,SMDDL,electrical,1
AQR,AVBL,electrical,3
AQR,AVKL,electrical,7
AQR,AVKR,electrical,2
AQR,PVPL,electrical,41
AQR,PVPR,electrical,61
AQR,RIGR,electrical,3
AS1,AVEL,electrical,2
AS1,AVER,electrical,1
AS1,FLPR,electrical,1
AS1,VA3,electrical,3
AS1,VA5,electrical,3
AS10,AVAL,electrical,5
AS10,AVAR,electrical,2
AS10,AVHL,electrical,1
AS10,AVKL,electrical,1
AS10,DA7,electrical,1
AS10,DB7,electrical,1
AS10,VA12,electrical,3
AS10,hyp,electrical,7
AS11,AVFL,electrical,2
AS11,AVG,electrical,1
AS11,AVHL,electrical,3
AS11,AVHR,electrical,17
AS11,AVKL,electrical,1
AS11,DA8,electrical,1
AS11,DVA,electrical,1
AS11,DVB,electrical,4
AS11,MVL19,electrical,2
AS11,PDB,electrical,4
AS11,PVPL,electrical,6
AS11,RID,electrical,1
AS11,VB11,electrical,1
AS11,hyp,electrical,31
AS2,DA2,electrical,2
AS2,VA3,electrical,2
AS2,VA4,electrical,9
AS3,AVAR,electrical,1
AS3,DA2,electrical,1
AS3,PVDR,electrical,1
AS4,DA3,electrical,4
AS5,AVAR,electrical,3
AS5,AVBR,electrical,2
AS6,AVAR,electrical,2
AS6,AVBL,electrical,1
AS6,AVBR,electrical,1
AS6,DA5,electrical,5
ASEL,ASGL,electrical,3
ASEL,AWCL,electrical,1
ASEL,AWCR,electrical,2
ASER,ASGR,electrical,3
ASER,AWBR,electrical,1
ASER,PVQR,electrical,1
ASER,hyp,electrical,1
ASGL,AWBL,electrical,1
ASGL,SMDDR,electrical,2
ASGR,ASIR,electrical,4
ASGR,AWCR,electrical,2
ASHL,ASHR,electrical,7
ASHL,ASKL,electrical,18
ASHL,RICL,electrical,5
ASHL,RMGL,electrical,3
ASHR,ASKR,electrical,2
ASHR,AVAR,electrical,2
ASHR,AVER,electrical,1
ASHR,AVHL,electrical,2
ASHR,RICR,electrical,4
ASHR,RMGR,electrical,3
ASIL,ASIR,electrical,3
ASIL,CEPshVL,electrical,1
ASJL,ASJR,electrical,7
ASJL,IL2L,electrical,1
ASJL,PVQL,electrical,1
ASJL,SMDDR,electrical,1
ASJR,PVQR,electrical,5
ASKL,ASKR,electrical,9
ASKL,AVHL,electrical,8
ASKL,HSNL,electrical,1
ASKL,PVQL,electrical,8
ASKR,ASKR,electrical,2
ASKR,AVHR,electrical,10
ASKR,HSNL,electrical,3
ASKR,HSNR,electrical,3
ASKR,PVQR,electrical,25
ASKR,RMGR,electrical,1
AUAL,AUAR,electrical,2
AUAL,AWBL,electrical,4
AUAL,AWCL,electrical,1
AUAL,RMDVL,electrical,2
AUAR,AWBR,electrical,3
AUAR,URXR,electrical,3
AVAL,AVAR,electrical,18
AVAL,AVDL,electrical,7
AVAL,AVDR,electrical,9
AVAL,AVEL,electrical,2
AVAL,AVJL,electrical,7
AVAL,AVJR,electrical,4
AVAL,DA1,electrical,2
AVAL,DA2,electrical,7
AVAL,DA3,electrical,6
AVAL,DA4,electrical,2
AVAL,DA5,electrical,2
AVAL,DA6,electrical,4
AVAL,DA7,electrical,10
AVAL,DA8,electrical,8
AVAL,DA9,electrical,1
AVAL,LUAL,electrical,2
AVAL,LUAR,electrical,2
AVAL,PHCL,electrical,1
AVAL,PHCR,electrical,3
AVAL,PLML,electrical,2
AVAL,PLMR,electrical,1
AVAL,PVCL,electrical,5
AVAL,PVCR,electrical,15
AVAL,PVDR,electrical,6
AVAL,PVNL,electrical,1
AVAL,PVPL,electrical,1
AVAL,PVPR,electrical,2
AVAL,RIMR,electrical,11
AVAL,SABD,electrical,7
AVAL,SABVR,electrical,8
AVAL,URYDL,electrical,2
AVAL,URYVR,electrical,2
AVAL,VA1,electrical,5
AVAL,VA10,electrical,6
AVAL,VA11,electrical,2
AVAL,VA2,electrical,13
AVAL,VA3,electrical,6
AVAL,VA4,electrical,6
AVAL,VA6,electrical,13
AVAL,VA7,electrical,2
AVAL,VA8,electrical,2
AVAL,VA9,electrical,5
AVAL,VB11,electrical,2
AVAL,hyp,electrical,3
AVAR,AVBL,electrical,3
AVAR,AVDL,electrical,2
AVAR,AVDR,electrical,15
AVAR,AVER,electrical,2
AVAR,AVJR,electrical,3
AVAR,DA1,electrical,9
AVAR,DA2,electrical,3
AVAR,DA3,electrical,7
AVAR,DA4,electrical,2
AVAR,DA5,electrical,5
AVAR,DA6,electrical,4
AVAR,DA8,electrical,5
AVAR,DA9,electrical,4
AVAR,LUAR,electrical,4
AVAR,PHBL,electrical,1
AVAR,PHCR,electrical,1
AVAR,PLML,electrical,3
AVAR,PQR,electrical,17
AVAR,PVCL,electrical,10
AVAR,PVCR,electrical,22
AVAR,PVDL,electrical,4
AVAR,PVT,electrical,2
AVAR,PVWR,electrical,2
AVAR,RIML,electrical,8
AVAR,RIMR,electrical,2
AVAR,RMDR,electrical,2
AVAR,RMDVR,electrical,1
AVAR,SAAVR,electrical,1
AVAR,SABVL,electrical,15
AVAR,SABVR,electrical,2
AVAR,SIBDL,electrical,1
AVAR,URYDR,electrical,5
AVAR,URYVL,electrical,1
AVAR,VA1,electrical,7
AVAR,VA10,electrical,4
AVAR,VA11,electrical,16
AVAR,VA12,electrical,3
AVAR,VA3,electrical,3
AVAR,VA4,electrical,3
AVAR,VA5,electrical,5
AVAR,VA7,electrical,5
AVAR,VA8,electrical,2
AVAR,VA9,electrical,5
AVAR,VD11,electrical,1
AVAR,hyp,electrical,4
AVBL,AVBR,electrical,18
AVBL,DB3,electrical,9
AVBL,DB4,electrical,4
AVBL,DB5,electrical,3
AVBL,DB6,electrical,4
AVBL,DB7,electrical,13
AVBL,DVA,electrical,11
AVBL,PVNR,electrical,5
AVBL,RIBL,electrical,6
AVBL,RIBR,electrical,2
AVBL,RID,electrical,2
AVBL,SDQR,electrical,1
AVBL,SIBVL,electrical,2
AVBL,VB1,electrical,1
AVBL,VB10,electrical,4
AVBL,VB11,electrical,5
AVBL,VB2,electrical,14
AVBL,VB4,electrical,3
AVBL,VB5,electrical,3
AVBL,VB6,electrical,3
AVBL,VB7,electrical,4
AVBL,VB8,electrical,4
AVBL,VB9,electrical,4
AVBR,DB1,electrical,15
AVBR,DB2,electrical,3
AVBR,DB3,electrical,2
AVBR,DB4,electrical,5
AVBR,DB5,electrical,4
AVBR,DB6,electrical,4
AVBR,DB7,electrical,3
AVBR,DVA,electrical,3
AVBR,PVNL,electrical,7
AVBR,PVNR,electrical,2
AVBR,RIBL,electrical,3
AVBR,RIBR,electrical,3
AVBR,RID,electrical,7
AVBR,SIBVL,electrical,4
AVBR,SIBVR,electrical,1
AVBR,VB11,electrical,6
AVBR,VB2,electrical,6
AVBR,VB3,electrical,7
AVBR,VB4,electrical,5
AVBR,VB5,electrical,3
AVBR,VB6,electrical,4
AVBR,VB7,electrical,3
AVBR,VB8,electrical,4
AVBR,VB9,electrical,4
AVBR,hyp,electrical,5
AVDL,AVDR,electrical,6
AVDL,AVHL,electrical,2
AVDL,AVJR,electrical,1
AVDL,AVM,electrical,8
AVDL,FLPL,electrical,5
AVDL,FLPR,electrical,9
AVDL,PLML,electrical,3
AVDL,PQR,electrical,2
AVDL,PVNR,electrical,1
AVDL,PVT,electrical,1
AVDL,RIFL,electrical,1
AVDL,VA10,electrical,1
AVDL,hyp,electrical,3
AVDR,AVJL,electrical,6
AVDR,FLPR,electrical,2
AVDR,PLML,electrical,2
AVDR,PQR,electrical,3
AVDR,PVCR,electrical,2
AVDR,PVNL,electrical,1
AVDR,PVNR,electrical,1
AVDR,PVWR,electrical,1
AVDR,SIADL,electrical,1
AVDR,SIBDL,electrical,1
AVEL,AVER,electrical,5
AVEL,AVL,electrical,1
AVEL,BAGR,electrical,1
AVEL,PVPR,electrical,1
AVEL,RIML,electrical,10
AVEL,RIMR,electrical,7
AVEL,RIS,electrical,3
AVEL,RMDVR,electrical,2
AVEL,RMEV,electrical,1
AVEL,RMGL,electrical,2
AVEL,SMDVR,electrical,1
AVEL,hyp,electrical,2
AVER,AVKR,electrical,1
AVER,DA1,electrical,1
AVER,RIFL,electrical,1
AVER,RIML,electrical,9
AVER,RIMR,electrical,11
AVER,RMDDL,electrical,2
AVER,RMDR,electrical,5
AVER,RMDVL,electrical,1
AVER,RMDVR,electrical,7
AVER,RMEV,electrical,1
AVER,SMDDR,electrical,1
AVFL,AVFR,electrical,31
AVFL,AVG,electrical,1
AVFL,AVHL,electrical,4
AVFL,AVHR,electrical,5
AVFL,PVCL,electrical,1
AVFL,PVNR,electrical,1
AVFL,PVPL,electrical,2
AVFL,PVQR,electrical,5
AVFL,VC4,electrical,1
AVFL,VC5,electrical,1
AVFL,VD12,electrical,3
AVFL,hyp,electrical,8
AVFR,AVHL,electrical,11
AVFR,AVHR,electrical,7
AVFR,PVPL,electrical,3
AVFR,PVQL,electrical,2
AVFR,RMGL,electrical,1
AVFR,VB1,electrical,1
AVFR,VC4,electrical,1
AVFR,VC5,electrical,1
AVFR,hyp,electrical,3
AVG,AVHR,electrical,4
AVG,AVJR,electrical,1
AVG,DD6,electrical,1
AVG,DVC,electrical,12
AVG,PHAL,electrical,3
AVG,PHAR,electrical,2
AVG,PHCR,electrical,1
AVG,PVDL,electrical,1
AVG,PVPL,electrical,3
AVG,PVT,electrical,4
AVG,RIFR,electrical,3
AVG,hyp,electrical,6
AVHL,AVHR,electrical,15
AVHL,AVJR,electrical,6
AVHL,DB7,electrical,3
AVHL,LUAL,electrical,1
AVHL,PHAL,electrical,1
AVHL,PHBL,electrical,1
AVHL,PHBR,electrical,10
AVHL,PVNL,electrical,1
AVHL,PVPR,electrical,6
AVHL,VD12,electrical,8
AVHL,hyp,electrical,35
AVHR,AVJL,electrical,3
AVHR,AVJR,electrical,2
AVHR,DA8,electrical,5
AVHR,DD6,electrical,1
AVHR,DVC,electrical,4
AVHR,PHAR,electrical,2
AVHR,PHBL,electrical,2
AVHR,PHBR,electrical,2
AVHR,PVPL,electrical,4
AVHR,PVPR,electrical,3
AVHR,PVQL,electrical,3
AVHR,PVQR,electrical,2
AVHR,SIAVL,electrical,1
AVHR,VD12,electrical,13
AVHR,hyp,electrical,11
AVJL,AVJR,electrical,10
AVJL,LUAL,electrical,5
AVJL,LUAR,electrical,1
AVJL,PDB,electrical,2
AVJL,PQR,electrical,5
AVJL,PVCL,electrical,3
AVJL,PVCR,electrical,19
AVJL,PVNL,electrical,5
AVJL,PVPR,electrical,1
AVJL,PVT,electrical,1
AVJL,PVWL,electrical,3
AVJL,PVWR,electrical,5
AVJL,RIFR,electrical,1
AVJL,RIS,electrical,15
AVJL,hyp,electrical,3
AVJR,LUAR,electrical,1
AVJR,PHBL,electrical,1
AVJR,PHCR,electrical,1
AVJR,PQR,electrical,2
AVJR,PVCL,electrical,3
AVJR,PVCR,electrical,1
AVJR,PVNL,electrical,1
AVJR,PVNR,electrical,5
AVJR,hyp,electrical,3
AVKL,AVKR,electrical,9
AVKL,AVL,electrical,3
AVKL,DVA,electrical,18
AVKL,PDER,electrical,1
AVKL,PVM,electrical,1
AVKL,PVPL,electrical,3
AVKL,PVPR,electrical,6
AVKL,PVT,electrical,5
AVKL,RICR,electrical,2
AVKL,RIGL,electrical,2
AVKL,RIGR,electrical,1
AVKL,SMBDL,electrical,2
AVKL,SMBDR,electrical,2
AVKL,SMBVL,electrical,6
AVKL,SMBVR,electrical,2
AVKL,VB10,electrical,1
AVKL,VB11,electrical,1
AVKL,hyp,electrical,1
AVKR,PDEL,electrical,1
AVKR,PVPL,electrical,22
AVKR,PVQL,electrical,2
AVKR,PVT,electrical,1
AVKR,RICL,electrical,4
AVKR,RIGR,electrical,2
AVKR,RIMR,electrical,1
AVKR,SMBDL,electrical,1
AVKR,SMBDR,electrical,9
AVKR,SMBVR,electrical,6
AVKR,hyp,electrical,34
AVL,DA9,electrical,4
AVL,DD6,electrical,28
AVL,DVB,electrical,14
AVL,DVC,electrical,22
AVL,PDA,electrical,3
AVL,PVPL,electrical,1
AVL,PVPR,electrical,8
AVL,PVT,electrical,6
AVL,PVWR,electrical,3
AVL,VD11,electrical,1
AVL,VD12,electrical,2
AVL,VD13,electrical,5
AVM,PVR,electrical,4
AWAL,AWAR,electrical,2
AWBL,AWBR,electrical,3
AWBL,RMGL,electrical,1
AWBR,RICL,electrical,4
AWBR,RMGR,electrical,1
BAGL,BAGR,electrical,1
BAGL,RIGL,electrical,1
BAGL,RIGR,electrical,2
BAGL,RIR,electrical,4
BAGR,RIR,electrical,5
BDUL,PVNL,electrical,1
BDUR,HSNL,electrical,1
BDUR,HSNR,electrical,1
BDUR,PVR,electrical,3
CANL,PVDL,electrical,100
CANL,exc_cell,electrical,200
CANL,hyp,electrical,140
CANR,PVDR,electrical,100
CANR,exc_cell,electrical,200
CANR,hyp,electrical,140
CEPDL,OLQDL,electrical,2
CEPDR,GLRDL,electrical,2
CEPDR,GLRDR,electrical,2
CEPDR,OLQDR,electrical,8
CEPVL,CEPshVL,electrical,1
CEPVL,OLQVL,electrical,4
CEPVL,RIH,electrical,1
CEPVL,URAVL,electrical,3
CEPVR,IL2VR,electrical,1
CEPVR,OLQVR,electrical,1
CEPshVR,MDL01,electrical,4
CEPshVR,MDL02,electrical,5
CEPshVR,MDL06,electrical,2
CEPshVR,MDR07,electrical,3
CEPshVR,RMED,electrical,6
DA1,DA2,electrical,1
DA1,FLPR,electrical,5
DA1,SABVR,electrical,1
DA2,DA5,electrical,1
DA2,FLPR,electrical,6
DA2,VA1,electrical,9
DA2,VA5,electrical,3
DA3,DA4,electrical,1
DA3,DA5,electrical,1
DA3,FLPR,electrical,16
DA3,PVDL,electrical,1
DA3,VA2,electrical,1
DA3,VA6,electrical,1
DA4,PVCL,electrical,1
DA4,VA3,electrical,1
DA5,PVDL,electrical,1
DA6,DB1,electrical,1
DA7,DA8,electrical,1
DA7,PVCL,electrical,1
DA7,PVCR,electrical,3
DA8,DA9,electrical,15
DA8,DD6,electrical,2
DA8,DVB,electrical,5
DA8,PDA,electrical,1
DA8,PVCL,electrical,17
DA8,PVQL,electrical,1
DA8,VA10,electrical,2
DA8,VA12,electrical,6
DA8,hyp,electrical,1
DA9,DVA,electrical,3
DA9,PDA,electrical,9
DA9,PHCR,electrical,7
DA9,PVCR,electrical,3
DA9,PVR,electrical,15
DA9,RID,electrical,1
DA9,VA11,electrical,3
DA9,VA12,electrical,1
DA9,VB11,electrical,1
DA9,VD13,electrical,2
DA9,hyp,electrical,1
DB1,DB2,electrical,5
DB1,DVA,electrical,3
DB1,PVDL,electrical,1
DB1,RID,electrical,2
DB1,VB3,electrical,5
DB2,DB3,electrical,14
DB2,VB1,electrical,1
DB2,VB4,electrical,1
DB3,DB4,electrical,1
DB3,DD3,electrical,1
DB3,PVM,electrical,2
DB3,RID,electrical,1
DB3,VB6,electrical,1
DB4,DB5,electrical,5
DB4,DD3,electrical,1
DB4,VB7,electrical,1
DB5,DB6,electrical,5
DB6,DB7,electrical,5
DB7,DVA,electrical,3
DB7,PDB,electrical,2
DB7,PVCL,electrical,8
DB7,PVCR,electrical,2
DB7,PVR,electrical,4
DB7,VA10,electrical,1
DB7,hyp,electrical,1
DD1,DD2,electrical,6
DD1,FLPL,electrical,1
DD1,HSNR,electrical,1
DD1,MVL08,electrical,2
DD1,MVR08,electrical,2
DD1,RIFR,electrical,2
DD1,SABVR,electrical,1
DD1,VC1,electrical,1
DD1,VD1,electrical,1
DD1,VD2,electrical,3
DD1,VD3,electrical,4
DD2,DD3,electrical,2
DD2,VD3,electrical,1
DD2,VD4,electrical,2
DD2,VD5,electrical,1
DD3,DD4,electrical,3
DD3,VD5,electrical,1
DD3,VD6,electrical,2
DD3,VD7,electrical,1
DD4,DD5,electrical,3
DD4,VC2,electrical,2
DD4,VC3,electrical,2
DD4,VD7,electrical,1
DD4,VD8,electrical,2
DD4,VD9,electrical,1
DD5,DD6,electrical,3
DD5,VD10,electrical,2
DD5,VD11,electrical,1
DD5,VD9,electrical,1
DD6,DVB,electrical,3
DD6,DVC,electrical,1
DD6,PDA,electrical,1
DD6,PDB,electrical,2
DD6,PVCL,electrical,1
DD6,PVPL,electrical,2
DD6,PVPR,electrical,9
DD6,PVT,electrical,3
DD6,VA12,electrical,7
DD6,VD11,electrical,3
DD6,VD12,electrical,14
DD6,VD13,electrical,2
DVA,DVC,electrical,1
DVA,PDA,electrical,1
DVA,PDEL,electrical,3
DVA,PDER,electrical,6
DVA,PVCL,electrical,3
DVA,PVCR,electrical,1
DVA,PVM,electrical,1
DVA,PVPL,electrical,1
DVA,PVR,electrical,15
DVA,PVT,electrical,8
DVA,SAAVR,electrical,1
DVA,SDQL,electrical,1
DVA,SDQR,electrical,1
DVA,SIADR,electrical,1
DVA,SIAVR,electrical,1
DVA,VA11,electrical,1
DVA,hyp,electrical,4
DVB,DVB,electrical,2
DVB,DVC,electrical,15
DVB,PVPL,electrical,4
DVB,PVPR,electrical,4
DVB,PVQR,electrical,1
DVB,PVT,electrical,3
DVB,VD13,electrical,5
DVC,PVDR,electrical,1
DVC,PVNR,electrical,1
DVC,PVPL,electrical,20
DVC,PVPR,electrical,34
DVC,PVQR,electrical,7
DVC,PVT,electrical,11
DVC,VC5,electrical,1
DVC,VC6,electrical,1
DVC,VD1,electrical,2
DVC,VD11,electrical,1
DVC,VD13,electrical,1
DVC,hyp,electrical,2
FLPL,FLPR,electrical,6
FLPL,RIH,electrical,1
FLPL,SDQL,electrical,1
FLPL,SIADR,electrical,1
GLRDL,MDL01,electrical,4
GLRDL,MDL02,electrical,5
GLRDL,MDL06,electrical,2
GLRDL,MDR01,electrical,5
GLRDL,MDR06,electrical,5
GLRDL,MDR07,electrical,3
GLRDL,RMED,electrical,9
GLRDR,MDR01,electrical,5
GLRDR,MDR05,electrical,2
GLRDR,MDR06,electrical,2
GLRDR,MVL01,electrical,4
GLRDR,RMED,electrical,9
GLRDR,RMEL,electrical,10
GLRL,MDR04,electrical,2
GLRL,MDR05,electrical,3
GLRL,MVL01,electrical,4
GLRL,RIPR,electrical,5
GLRL,RMEL,electrical,10
GLRL,RMER,electrical,10
GLRR,MDR04,electrical,2
GLRR,MDR05,electrical,3
GLRR,RIPR,electrical,5
GLRR,RMER,electrical,10
GLRR,RMEV,electrical,9
GLRVL,RMEV,electrical,17
GLRVR,RMEV,electrical,17
HSNL,HSNR,electrical,1
HSNL,PVNR,electrical,2
HSNL,PVPL,electrical,1
HSNL,RIFL,electrical,1
HSNR,PVNR,electrical,2
HSNR,PVPR,electrical,1
I1L,I2L,electrical,2
I1L,M3L,electrical,2
I1L,MCR,electrical,1
I1L,NSML,electrical,3
I1L,RIPL,electrical,2
I1L,pm4VL,electrical,1
I1R,I2R,electrical,1
I1R,I3,electrical,1
I1R,MCR,electrical,4
I1R,NSMR,electrical,2
I1R,RIPR,electrical,2
I1R,pm3VR,electrical,3
I1R,pm4VR,electrical,2
I2L,I4,electrical,1
I2L,M2L,electrical,1
I2L,e3VL,electrical,2
I2R,M1,electrical,1
I2R,M2R,electrical,1
I2R,MCR,electrical,1
I2R,NSMR,electrical,2
I2R,e3VR,electrical,1
I3,M1,electrical,1
I3,M2R,electrical,1
I3,MI,electrical,1
I3,pm4D,electrical,3
I3,pm5D,electrical,1
I4,M2R,electrical,2
I4,M4,electrical,1
I4,pm5VL,electrical,1
I5,M2L,electrical,1
I5,M2R,electrical,1
I5,M5,electrical,1
I5,g1AL,electrical,4
I5,g1AR,electrical,2
I6,M4,electrical,5
IL1DL,IL1DR,electrical,3
IL1DL,IL1L,electrical,2
IL1DL,RMEV,electrical,1
IL1DR,IL1R,electrical,8
IL1DR,RMDVR,electrical,1
IL1DR,RMEV,electrical,4
IL1L,IL1VL,electrical,8
IL1L,RIPL,electrical,1
IL1L,RMER,electrical,1
IL1L,URBL,electrical,2
IL1R,IL1VR,electrical,8
IL1VL,IL1VR,electrical,11
IL1VL,RMDDL,electrical,1
IL1VL,RMED,electrical,3
IL1VR,IL2VR,electrical,1
IL1VR,URAVR,electrical,4
IL2DL,URADL,electrical,1
IL2DR,RMED,electrical,1
IL2DR,URADR,electrical,1
IL2L,OLLL,electrical,2
IL2L,RMDL,electrical,2
IL2L,RMER,electrical,2
IL2L,RMGL,electrical,5
IL2L,URAVL,electrical,1
IL2L,URBL,electrical,4
IL2L,URXL,electrical,1
IL2R,RMGR,electrical,1
IL2R,URBR,electrical,4
IL2R,URXR,electrical,4
IL2VL,URAVL,electrical,3
LUAL,PLML,electrical,8
LUAL,PVCL,electrical,1
LUAL,PVNL,electrical,3
LUAL,PVR,electrical,6
LUAR,PLMR,electrical,9
LUAR,PVNR,electrical,2
LUAR,PVR,electrical,9
LUAR,PVT,electrical,4
LUAR,PVWL,electrical,3
LUAR,PVWR,electrical,3
M1,pm5D,electrical,3
M2L,M4,electrical,1
M2L,MCL,electrical,1
M2L,g1AL,electrical,2
M2L,pm4VL,electrical,1
M2L,pm5VL,electrical,1
M2R,M3R,electrical,1
M2R,MCR,electrical,11
M2R,MI,electrical,5
M2R,g1AR,electrical,2
M2R,pm5D,electrical,1
M3L,NSMR,electrical,1
M3L,g1AL,electrical,2
M3L,pm4D,electrical,2
M3L,pm5D,electrical,1
M3L,pm5VL,electrical,1
M3R,NSMR,electrical,2
M3R,g1AR,electrical,5
M3R,pm4VR,electrical,1
M3R,pm5D,electrical,1
M3R,pm5VR,electrical,1
M4,M4,electrical,1
M4,M5,electrical,2
M4,g1AL,electrical,7
M4,g1AR,electrical,2
M4,pm5D,electrical,1
M4,pm5VL,electrical,1
M4,pm5VR,electrical,1
M5,M5,electrical,1
M5,pm5VL,electrical,2
M5,pm6VL,electrical,2
M5,pm6VR,electrical,2
MDL01,MDL02,electrical,15
MDL01,MDL03,electrical,15
MDL02,MDL03,electrical,15
MDL03,MDL04,electrical,15
MDL04,MDL05,electrical,15
MDL05,MDL06,electrical,15
MDL06,MDL07,electrical,15
MDL07,MDL08,electrical,15
MDL07,hmc,electrical,153
MDL08,MDL09,electrical,15
MDL08,hmc,electrical,244
MDL09,MDL10,electrical,15
MDL09,VD2,electrical,1
MDL09,hmc,electrical,4
MDL10,MDL11,electrical,15
MDL11,MDL12,electrical,15
MDL12,MDL13,electrical,15
MDL13,MDL14,electrical,15
MDL14,MDL15,electrical,15
MDL15,MDL16,electrical,15
MDL16,MDL17,electrical,15
MDL17,MDL18,electrical,15
MDL18,MDL19,electrical,15
MDL19,MDL20,electrical,15
MDL20,MDL21,electrical,15
MDL21,MDL22,electrical,15
MDL22,MDL23,electrical,15
MDL23,MDL24,electrical,15
MDR01,MDR02,electrical,15
MDR01,MDR03,electrical,15
MDR02,MDR03,electrical,15
MDR03,MDR04,electrical,15
MDR04,MDR05,electrical,15
MDR05,MDR06,electrical,15
MDR06,MDR07,electrical,15
MDR07,MDR08,electrical,15
MDR07,hmc,electrical,123
MDR08,MDR09,electrical,15
MDR08,hmc,electrical,174
MDR09,MDR10,electrical,15
MDR10,MDR11,electrical,15
MDR11,MDR12,electrical,15
MDR12,MDR13,electrical,15
MDR13,MDR14,electrical,15
MDR14,MDR15,electrical,15
MDR15,MDR16,electrical,15
MDR16,MDR17,electrical,15
MDR17,MDR18,electrical,15
MDR18,MDR19,electrical,15
MDR19,MDR20,electrical,15
MDR20,MDR21,electrical,15
MDR21,MDR22,electrical,15
MDR22,MDR23,electrical,15
MDR23,MDR24,electrical,15
MI,pm4D,electrical,3
MVL01,MVL02,electrical,15
MVL01,MVL03,electrical,15
MVL02,MVL03,electrical,15
MVL03,MVL04,electrical,15
MVL04,MVL05,electrical,15
MVL05,MVL06,electrical,15
MVL05,hmc,electrical,98
MVL06,MVL07,electrical,15
MVL07,MVL08,electrical,15
MVL07,hmc,electrical,68
MVL08,MVL09,electrical,15
MVL08,hmc,electrical,19
MVL09,MVL10,electrical,15
MVL09,MVR08,electrical,2
MVL10,MVL11,electrical,15
MVL11,MVL12,electrical,15
MVL12,MVL13,electrical,15
MVL13,MVL14,electrical,15
MVL14,MVL15,electrical,15
MVL15,MVL16,electrical,15
MVL16,MVL17,electrical,15
MVL17,MVL18,electrical,15
MVL18,MVL19,electrical,15
MVL19,MVL20,electrical,15
MVL19,PVPL,electrical,2
MVL20,MVL21,electrical,15
MVL21,MVL22,electrical,15
MVL22,MVL23,electrical,15
MVR01,MVR02,electrical,15
MVR01,MVR03,electrical,15
MVR02,MVR03,electrical,15
MVR03,MVR04,electrical,15
MVR04,MVR05,electrical,15
MVR05,MVR06,electrical,15
MVR05,hmc,electrical,30
MVR06,MVR07,electrical,15
MVR07,MVR08,electrical,15
MVR07,hmc,electrical,133
MVR08,MVR09,electrical,15
MVR08,hmc,electrical,87
MVR09,MVR10,electrical,15
MVR10,MVR11,electrical,15
MVR11,MVR12,electrical,15
MVR12,MVR13,electrical,15
MVR13,MVR14,electrical,15
MVR14,MVR15,electrical,15
MVR15,MVR16,electrical,15
MVR16,MVR17,electrical,15
MVR17,MVR18,electrical,15
MVR18,MVR19,electrical,15
MVR19,MVR20,electrical,15
MVR20,MVR21,electrical,15
MVR21,MVR22,electrical,15
MVR22,MVR23,electrical,15
MVR23,MVR24,electrical,15
NSML,NSMR,electrical,2
NSMR,pm5D,electrical,2
OLLL,OLLR,electrical,11
OLLL,RIGL,electrical,3
OLLR,RIGR,electrical,5
OLQDL,RIBL,electrical,5
OLQDL,RIGL,electrical,3
OLQDL,RMDVL,electrical,1
OLQDL,URBL,electrical,3
OLQDR,RIBR,electrical,5
OLQDR,RIGR,electrical,4
OLQDR,RIH,electrical,2
OLQDR,RMDVR,electrical,1
OLQDR,URBR,electrical,7
OLQVL,RIBL,electrical,2
OLQVL,RIGL,electrical,2
OLQVL,RMDDL,electrical,3
OLQVR,RIBR,electrical,6
OLQVR,RIGR,electrical,6
OLQVR,RMDDR,electrical,1
OLQVR,RMDVL,electrical,2
OLQVR,RMHR,electrical,1
OLQVR,URBR,electrical,5
PDA,PDB,electrical,5
PDA,PHAR,electrical,1
PDA,PVQR,electrical,1
PDA,hyp,electrical,2
PDB,PVPL,electrical,1
PDB,PVR,electrical,13
PDB,RID,electrical,2
PDB,VD13,electrical,4
PDB,hyp,electrical,11
PDEL,PDER,electrical,25
PDEL,PLML,electrical,2
PDEL,PLMR,electrical,4
PDEL,PVCL,electrical,2
PDEL,PVM,electrical,11
PDEL,PVR,electrical,8
PDEL,VB10,electrical,1
PDEL,VD6,electrical,2
PDER,PLML,electrical,3
PDER,PLMR,electrical,2
PDER,PVCL,electrical,1
PDER,PVCR,electrical,2
PDER,PVDR,electrical,1
PDER,PVM,electrical,8
PDER,PVR,electrical,9
PDER,VB10,electrical,4
PDER,VB9,electrical,7
PDER,VD9,electrical,5
PHAL,PHAR,electrical,7
PHAL,PHCL,electrical,1
PHAL,PLNL,electrical,1
PHAL,PVPR,electrical,7
PHAL,hyp,electrical,1
PHAR,PHCR,electrical,1
PHAR,PLNR,electrical,6
PHAR,PVPL,electrical,15
PHAR,PVR,electrical,2
PHAR,hyp,electrical,1
PHBL,PHBR,electrical,17
PHBL,PLNL,electrical,1
PHBL,PVCL,electrical,3
PHBL,PVQL,electrical,3
PHBL,hyp,electrical,3
PHBR,PHCR,electrical,1
PHBR,PVPL,electrical,1
PHBR,PVT,electrical,1
PHBR,hyp,electrical,4
PHCL,PHCR,electrical,2
PHCL,PLNL,electrical,2
PHCL,VA12,electrical,1
PHCL,hyp,electrical,1
PHCR,PVCR,electrical,5
PLML,PVCL,electrical,4
PLML,PVR,electrical,15
PLML,hyp,electrical,3
PLMR,PLNR,electrical,1
PLMR,PVCR,electrical,8
PLMR,PVR,electrical,3
PLNR,VA2,electrical,2
PLNR,hyp,electrical,2
PQR,PVCL,electrical,2
PQR,PVNL,electrical,3
PQR,PVNR,electrical,2
PQR,PVPL,electrical,16
PQR,PVPR,electrical,10
PQR,hyp,electrical,1
PVCL,PVCR,electrical,67
PVCL,PVNL,electrical,2
PVCL,PVWL,electrical,4
PVCL,VA12,electrical,18
PVCL,VB10,electrical,2
PVCL,VB11,electrical,4
PVCL,VD13,electrical,1
PVCL,hyp,electrical,4
PVCR,PVDL,electrical,1
PVCR,PVDR,electrical,2
PVCR,PVR,electrical,19
PVCR,PVT,electrical,4
PVCR,PVWL,electrical,10
PVCR,PVWR,electrical,10
PVCR,SIBDR,electrical,1
PVCR,SIBVL,electrical,1
PVCR,SIBVR,electrical,1
PVCR,VA11,electrical,3
PVCR,VA12,electrical,8
PVCR,VA9,electrical,3
PVCR,VB10,electrical,1
PVCR,VB11,electrical,2
PVCR,hyp,electrical,3
PVDL,PVDR,electrical,3
PVDL,VA10,electrical,1
PVDL,hmc,electrical,400
PVDL,hyp,electrical,400
PVDR,VD9,electrical,1
PVDR,hmc,electrical,400
PVDR,hyp,electrical,400
PVM,PVM,electrical,1
PVM,PVR,electrical,1
PVM,VD9,electrical,1
PVNL,PVNR,electrical,2
PVNL,PVPL,electrical,2
PVNL,PVT,electrical,2
PVNL,hyp,electrical,2
PVNR,PVPR,electrical,2
PVNR,PVR,electrical,5
PVNR,PVT,electrical,3
PVNR,PVWR,electrical,6
PVNR,VD13,electrical,1
PVPL,PVPL,electrical,1
PVPL,PVPR,electrical,2
PVPL,PVQL,electrical,8
PVPL,PVT,electrical,14
PVPL,RIGL,electrical,2
PVPL,VA12,electrical,1
PVPL,VD13,electrical,11
PVPL,hyp,electrical,47
PVPR,PVT,electrical,17
PVPR,PVWL,electrical,1
PVPR,RMGR,electrical,3
PVPR,VC1,electrical,1
PVPR,VD12,electrical,35
PVPR,hyp,electrical,4
PVQL,PVQR,electrical,46
PVQL,hyp,electrical,3
PVQR,PVT,electrical,1
PVQR,PVWR,electrical,1
PVR,PVWR,electrical,2
PVR,VD13,electrical,1
PVR,hyp,electrical,12
PVT,PVWR,electrical,2
PVT,RMEV,electrical,1
PVT,URAVL,electrical,1
PVT,VC2,electrical,1
PVT,VC3,electrical,1
PVT,VC5,electrical,2
PVT,VC6,electrical,2
PVT,VD11,electrical,3
PVT,VD12,electrical,4
PVT,VD13,electrical,17
PVT,hyp,electrical,1
PVWL,PVWR,electrical,2
PVWL,VD13,electrical,1
PVWL,hyp,electrical,6
PVWR,VD13,electrical,2
PVWR,hyp,electrical,4
RIAL,RIBL,electrical,1
RIAL,SMDVL,electrical,4
RIAR,RMDDL,electrical,1
RIAR,RMDDR,electrical,1
RIAR,SAAVR,electrical,1
RIAR,SIAVL,electrical,1
RIAR,SIAVR,electrical,1
RIAR,SMDDL,electrical,1
RIAR,SMDVR,electrical,1
RIBL,RIBL,electrical,3
RIBL,RIBR,electrical,15
RIBL,RIGL,electrical,3
RIBL,RMEV,electrical,2
RIBL,SIADL,electrical,2
RIBL,SIAVL,electrical,1
RIBL,SIBDL,electrical,5
RIBL,SIBVR,electrical,2
RIBL,SMDDL,electrical,3
RIBR,RIBR,electrical,5
RIBR,RIGR,electrical,2
RIBR,SIADR,electrical,3
RIBR,SIAVR,electrical,2
RIBR,SIBDR,electrical,2
RIBR,SIBVR,electrical,6
RIBR,SMBDR,electrical,2
RIBR,SMDDL,electrical,4
RIBR,SMDDR,electrical,2
RICR,RMHR,electrical,1
RICR,URXR,electrical,1
RID,RID,electrical,5
RID,hyp,electrical,4
RIFL,VD1,electrical,1
RIFR,RMGR,electrical,1
RIGL,RIGR,electrical,81
RIGL,RMEL,electrical,2
RIGL,RMFL,electrical,1
RIGL,URYDL,electrical,4
RIGL,URYVL,electrical,3
RIGL,VD1,electrical,3
RIGR,RMFL,electrical,1
RIGR,URYDR,electrical,3
RIGR,VD1,electrical,2
RIML,RIS,electrical,2
RIML,RMDL,electrical,1
RIML,RMFL,electrical,3
RIML,SIADL,electrical,1
RIMR,RIS,electrical,2
RIMR,SIADR,electrical,1
RIPL,RIPL,electrical,4
RIPL,RIPR,electrical,2
RIPL,RMED,electrical,2
RIPL,URAVL,electrical,1
RIPR,RMED,electrical,4
RIS,RMDR,electrical,1
RIS,RMEV,electrical,1
RIS,SMDDL,electrical,2
RIS,SMDDR,electrical,5
RIS,SMDVL,electrical,2
RIVL,RIVR,electrical,28
RIVL,SAADR,electrical,2
RIVL,SDQR,electrical,5
RIVL,SIBDR,electrical,1
RIVL,SMDVL,electrical,2
RIVR,SAADL,electrical,1
RIVR,SDQR,electrical,3
RIVR,SMDVR,electrical,8
RMDDL,RMDL,electrical,1
RMDDL,RMDVL,electrical,2
RMDDL,SIBVR,electrical,2
RMDDL,SMDDL,electrical,3
RMDDR,RMDL,electrical,1
RMDDR,RMDVR,electrical,5
RMDDR,RMGL,electrical,1
RMDDR,SAADR,electrical,1
RMDDR,SIADL,electrical,1
RMDDR,SMDDR,electrical,1
RMDL,RMDVL,electrical,1
RMDL,RMER,electrical,1
RMDL,SIAVR,electrical,1
RMDL,SIBVL,electrical,2
RMDL,SMDDL,electrical,2
RMDR,RMDVR,electrical,1
RMDVL,SAAVL,electrical,3
RMDVL,SIAVR,electrical,1
RMDVL,SIBVR,electrical,1
RMDVL,SMDVL,electrical,5
RMDVR,SAADL,electrical,1
RMDVR,SAAVR,electrical,9
RMDVR,SIAVL,electrical,1
RMDVR,SMDVR,electrical,8
RMED,RMEV,electrical,6
RMEL,RMEV,electrical,4
RMER,RMEV,electrical,1
RMEV,SMDVL,electrical,1
RMFL,SAADR,electrical,1
RMFL,SAAVR,electrical,1
RMGL,RMHL,electrical,6
RMGL,URXL,electrical,3
RMGR,RMHL,electrical,1
RMGR,RMHR,electrical,4
RMGR,SMBVR,electrical,3
RMGR,URXR,electrical,5
RMHL,SIBVR,electrical,3
RMHL,SMDDL,electrical,1
SAADL,SDQR,electrical,1
SAADL,SMBDL,electrical,3
SAAVL,SAAVR,electrical,1
SAAVL,SMBDR,electrical,2
SAAVL,SMBVR,electrical,17
SAAVL,SMDVL,electrical,8
SAAVR,SMBDL,electrical,1
SAAVR,SMBVL,electrical,16
SAAVR,SMDDL,electrical,4
SAAVR,VB1,electrical,1
SABD,VA2,electrical,12
SABD,VA3,electrical,2
SABD,VB1,electrical,3
SDQL,SDQR,electrical,2
SDQL,SIADR,electrical,1
SDQR,SIAVR,electrical,1
SDQR,SIBVL,electrical,2
SIADL,SMBDL,electrical,2
SIADR,SMBDR,electrical,3
SIADR,SMDDR,electrical,1
SIAVL,SIBDL,electrical,2
SIAVL,SIBVL,electrical,2
SIBDL,SIBVL,electrical,8
SIBDL,SMBDL,electrical,1
SIBDL,SMBVL,electrical,3
SIBDL,SMDDL,electrical,3
SIBDR,SIBVR,electrical,10
SIBDR,SMBVR,electrical,1
SIBVL,SIBVR,electrical,1
SIBVL,SMBVL,electrical,2
SIBVR,SMBDL,electrical,1
SMBDR,SMBVR,electrical,2
SMBDR,SMDDR,electrical,1
SMBVR,URBR,electrical,1
SMDDR,SMDVL,electrical,1
SMDDR,VD1,electrical,5
SMDDR,hyp,electrical,1
SMDVL,VB1,electrical,6
URADR,URYDR,electrical,1
VA10,hyp,electrical,2
VA11,VA12,electrical,1
VA11,VB10,electrical,3
VA11,hyp,electrical,1
VA12,VB11,electrical,7
VA12,VD12,electrical,8
VA12,VD13,electrical,6
VA2,VA6,electrical,1
VA2,VD2,electrical,1
VA2,hyp,electrical,1
VA3,VD3,electrical,1
VA4,VA7,electrical,1
VA4,VB3,electrical,1
VA9,VB8,electrical,3
VB1,VB2,electrical,2
VB10,VB9,electrical,5
VB10,VD11,electrical,1
VB10,VD12,electrical,1
VB11,VD12,electrical,1
VB11,hyp,electrical,1
VB2,VB3,electrical,10
VB2,VB4,electrical,1
VB2,VB7,electrical,1
VB3,VB4,electrical,1
VB4,VB5,electrical,1
VB5,VB6,electrical,5
VB6,VB7,electrical,5
VB7,VB8,electrical,5
VB8,VB9,electrical,5
VC1,VC2,electrical,12
VC1,VC3,electrical,7
VC1,VD1,electrical,1
VC2,VC2,electrical,1
VC2,VC3,electrical,3
VC2,VD1,electrical,1
VC3,VC4,electrical,4
VC3,vm2AL,electrical,2
VC3,vm2AR,electrical,2
VC3,vm2PL,electrical,2
VC3,vm2PR,electrical,2
VC4,VC5,electrical,4
VC5,VC5,electrical,4
VC5,VC6,electrical,4
VD1,VD2,electrical,4
VD10,VD11,electrical,6
VD10,VD9,electrical,6
VD11,VD12,electrical,6
VD12,VD13,electrical,6
VD12,hyp,electrical,5
VD2,VD2,electrical,3
VD2,VD3,electrical,7
VD3,VD4,electrical,6
VD4,VD5,electrical,1
VD5,VD6,electrical,10
VD6,VD7,electrical,15
VD7,VD8,electrical,6
VD8,VD9,electrical,6
e2D,e3D,electrical,2
e2VL,e3VL,electrical,1
e2VR,e3D,electrical,1
e2VR,e3VR,electrical,1
e3D,pm1,electrical,4
e3VL,pm3VL,electrical,4
exc_gl,hmc,electrical,118
hyp,mu_anal,electrical,4
hyp,mu_intR,electrical,4
hyp,mu_sph,electrical,4
mc1DL,mc2DL,electrical,2
mc1DL,pm3D,electrical,2
mc1DL,pm3VL,electrical,2
mc1DL,pm4D,electrical,2
mc1DL,pm4VL,electrical,2
mc1DR,mc2DR,electrical,2
mc1DR,pm3D,electrical,2
mc1DR,pm4D,electrical,2
mc1DR,pm4VR,electrical,4
mc1V,pm3VL,electrical,2
mc1V,pm3VR,electrical,2
mc1V,pm4VL,electrical,2
mc1V,pm4VR,electrical,2
mc2DL,mc3DL,electrical,2
mc2DL,pm5D,electrical,2
mc2DL,pm5VL,electrical,2
mc2DR,mc3DR,electrical,2
mc2DR,pm5D,electrical,2
mc2DR,pm5VR,electrical,2
mc2V,pm5VL,electrical,2
mc2V,pm5VR,electrical,2
mc3DL,pm6D,electrical,2
mc3DL,pm6VL,electrical,2
mc3DL,pm7D,electrical,2
mc3DL,pm7VL,electrical,2
mc3DL,pm8,electrical,2
mc3DR,pm6D,electrical,2
mc3DR,pm6VR,electrical,2
mc3DR,pm7D,electrical,2
mc3DR,pm7VR,electrical,2
mc3DR,pm8,electrical,2
mc3V,pm6VL,electrical,2
mc3V,pm6VR,electrical,2
mc3V,pm7VL,electrical,2
mc3V,pm7VR,electrical,2
mc3V,pm8,electrical,2
mu_anal,mu_anal,electrical,4
mu_anal,mu_intL,electrical,4
mu_anal,mu_intR,electrical,4
mu_intL,mu_intL,electrical,4
mu_intL,mu_intR,electrical,4
mu_intL,mu_sph,electrical,4
mu_intR,mu_intR,electrical,4
mu_intR,mu_sph,electrical,4
pm1,pm2D,electrical,2
pm1,pm2VL,electrical,2
pm1,pm2VR,electrical,2
pm2D,pm3D,electrical,2
pm2VL,pm3VL,electrical,2
pm2VR,pm3VR,electrical,2
pm3D,pm4D,electrical,2
pm3VL,pm4VL,electrical,2
pm3VR,pm4VR,electrical,2
pm4D,pm5D,electrical,2
pm4VL,pm5VL,electrical,2
pm4VR,pm5VR,electrical,2
pm5D,pm6D,electrical,2
pm5VL,pm6VL,electrical,2
pm5VR,pm6VR,electrical,2
pm7D,pm8,electrical,2
pm7VL,pm8,electrical,2
pm7VR,pm8,electrical,2
um1AL,um1AR,electrical,4
um1AL,um1PL,electrical,4
um1AL,um2AL,electrical,4
um1AL,vm2AL,electrical,4
um1AR,um1PR,electrical,4
um1AR,um2AR,electrical,4
um1AR,vm2AR,electrical,4
um1PL,um1PR,electrical,4
um1PL,um2PL,electrical,4
um1PL,vm2PL,electrical,4
um1PR,um2PR,electrical,4
um1PR,vm2PR,electrical,4
um2AL,um2AR,electrical,4
um2PL,um2PR,electrical,4
vm1AL,vm1AR,electrical,4
vm1AL,vm1PL,electrical,4
vm1AL,vm2AL,electrical,4
vm1AR,vm1PR,electrical,4
vm1AR,vm2AR,electrical,4
vm1PL,vm1PR,electrical,4
vm1PL,vm2PL,electrical,4
vm1PR,vm2PR,electrical,4
vm2AL,vm2AR,electrical,4
vm2PL,vm2PR,electrical,4
